evaluation_id,source,document_id,question,answer1
1,squad2.0,Beyoncé,How much money did The Mrs. Carter Show Limited Edition fragrance make?,400 million
2,squad2.0,Beyoncé,Which other song from the soundtrack did better in the charts?,Summertime
3,squad2.0,Beyoncé,Who is Beyoncé married to?,Jay Z
4,squad2.0,Beyoncé,Of what event was Beyonce honorary chair?,2013 Met Gala
5,squad2.0,Beyoncé,Where did Beyoncé perform for four nights of standing room only concerts in 2011?,New York's Roseland Ballroom
6,squad2.0,Frédéric_Chopin,By not going back to Poland Chopin became part of what?,Polish Great Emigration
7,squad2.0,Frédéric_Chopin,What was the first of Chopin's works to gain international renown? ,Rondo Op. 1
8,squad2.0,Frédéric_Chopin,Where did Chopin live with his family in Warsaw?,Saxon Palace.
9,squad2.0,Frédéric_Chopin,What other musician shows to have elements of Chopin in his work?,Liszt
10,squad2.0,Frédéric_Chopin,All of his pieces include what instrument?,piano
11,squad2.0,Sino-Tibetan_relations_during_the_Ming_dynasty,Who ruled as the the Hongwu Emperor?,Zhu Yuanzhang
12,squad2.0,Sino-Tibetan_relations_during_the_Ming_dynasty,Who does P. Christiaan Klieger believe undertook the former imperial tributaries?,the Republic of China and its Communist successors
13,squad2.0,Sino-Tibetan_relations_during_the_Ming_dynasty,When did the Song dynasty take place?,960–1279
14,squad2.0,Sino-Tibetan_relations_during_the_Ming_dynasty,When did the Five Dynasties and Ten Kingdoms period of China take place?,907–960
15,squad2.0,Sino-Tibetan_relations_during_the_Ming_dynasty,Who was the fourth Karmapa Lama?,Rolpe Dorje
16,squad2.0,IPod,"What other Apple product was unveiled on September 12, 2012?",seventh generation iPod Nano
17,squad2.0,IPod,What are six companies that made some of the first peripherals for the iPod?,"Griffin Technology, Belkin, JBL, Bose, Monster Cable, and SendStation"
18,squad2.0,IPod,"What percentage of Apples revenue in 1Q08 came from iPods, more than doubling the percentage of notebook sales?",42%
19,squad2.0,IPod,The first generation nano suffered from which component getting damaged easily?,screen
20,squad2.0,IPod,Which iPod product features the smallest data storage capacity?,iPod Shuffle
21,squad2.0,The_Legend_of_Zelda__Twilight_Princess,Who worked adapting the score for performance by an orchestra?,Michiru Ōshima
22,squad2.0,The_Legend_of_Zelda__Twilight_Princess,Hostile spirits are also known as what?,Poes
23,squad2.0,The_Legend_of_Zelda__Twilight_Princess,Who counted the game among the best ever made?,GameTrailers
24,squad2.0,The_Legend_of_Zelda__Twilight_Princess,What kind of functionality will the remaster feature?,Amiibo
25,squad2.0,The_Legend_of_Zelda__Twilight_Princess,In what areas is the content of the GameStop bonus CD provided for all versions of the game?,"Japan, Europe, and Australia"
26,squad2.0,Spectre_(2015_film),In what month was the preview of Spectre released in movie theaters?,July
27,squad2.0,Spectre_(2015_film),How old was Monica Bellucci when she filmed Spectre?,fifty
28,squad2.0,Spectre_(2015_film),How much money did Spectre gross on it's opening day in the UK?,$9.2 million
29,squad2.0,Spectre_(2015_film),Where was the Hoffler Klinik supposed to be located?,Austrian Alps.
30,squad2.0,Spectre_(2015_film),What 007 movie did Sam Mendes previously direct?,Skyfall
31,squad2.0,2008_Sichuan_earthquake,How many people were injured?,"374,176"
32,squad2.0,2008_Sichuan_earthquake,How many people were evacuated downstream?,"200,000"
33,squad2.0,2008_Sichuan_earthquake,When did Beijing agree to aid from Taiwan?,late on May 13
34,squad2.0,2008_Sichuan_earthquake,How many countries donated?,19 countries
35,squad2.0,2008_Sichuan_earthquake,How many earthquake relief workers were killed?,158
36,squad2.0,New_York_City,The Hudson River separates NYC from which US state?,New Jersey
37,squad2.0,New_York_City,What industry is Wall Street associated with?,finance
38,squad2.0,New_York_City,What is the population density of Manhattan per square kilometer?,"27,673"
39,squad2.0,New_York_City,What was the biggest battle of the American Revolution?,Battle of Long Island
40,squad2.0,New_York_City,Which city in North America held the most slaves in the 1700s?,"Charleston, South Carolina"
41,squad2.0,To_Kill_a_Mockingbird,How many times was Tom shot?,seventeen
42,squad2.0,To_Kill_a_Mockingbird,When did Lee die?,February 2016
43,squad2.0,To_Kill_a_Mockingbird,When did the Montgomery Bus Boycott take place?,1955
44,squad2.0,To_Kill_a_Mockingbird,Which Southern writer deemed it a child's book?,Flannery O'Connor
45,squad2.0,To_Kill_a_Mockingbird,Who does Scout revere above everyone else?,Atticus
46,squad2.0,Solar_energy,What was the average speed of a winning solar powered car in 1987?,67 kilometres per hour (42 mph)
47,squad2.0,Solar_energy,Materials that can be used to store heat are known as what kind of mass?,Thermal
48,squad2.0,Solar_energy,What was the estimated capacity of solar water heating and cooling in 2007?,154 GW
49,squad2.0,Solar_energy,The Earth's oceans cover what percentage of the globe?,71
50,squad2.0,Solar_energy,How much energy was the Solar Two able to store using salts?,"1.44 terajoules (400,000 kWh)"
51,squad2.0,Kanye_West,"How many ""seasons"" of clothing did Kanye release?",3
52,squad2.0,Kanye_West,Kanye's foundation was changed to what name following his mother's death? ,The Dr. Donda West Foundation
53,squad2.0,Kanye_West,What did Kanye West not have that made record companies turn him down?,gangsta image
54,squad2.0,Kanye_West,"What was the name of the song that first featured Kanye's ""chipmunk soul"" style?","""This Can't Be Life"""
55,squad2.0,Kanye_West,What subject was Kanye West's focus at Chicago State University?,English
56,squad2.0,Buddhism,What has been seen by some as a hinderance to understanding Buddhist philosophy?,size and complexity of the Buddhist canons
57,squad2.0,Buddhism,What has achieved nirvana and also liberation from delusion?,bodhisattva
58,squad2.0,Buddhism,What does sila refer to?,overall principles of ethical behavior
59,squad2.0,Buddhism,What sutras were transmitted in secret?,Mahayana
60,squad2.0,Buddhism,What is the fourth of the Four Noble Truths explain?,identifies a path to this cessation
61,squad2.0,American_Idol,What is the name of the American Idol theme attraction with Disney? ,The American Idol Experience
62,squad2.0,American_Idol,Which season of American Idol featured Katy Perry as a guest judge?,season nine
63,squad2.0,American_Idol,Who talked Rupert Murdoch into buying American Idol for FOX?,his daughter Elisabeth
64,squad2.0,American_Idol,How many contestants had at least one million radio spins by 2010?,four
65,squad2.0,American_Idol,Which contestant was number three in sales from season three?,William Hung
66,squad2.0,Dog,What is gustatory communication include in dogs?,"scents, pheromones and taste"
67,squad2.0,Dog,What is the Latin name for a wolf?,Canis lupus
68,squad2.0,Dog,What is it called when an animal is altered to prevent procreation?,Neutering
69,squad2.0,Dog,The common relative of dogs and existing wolves is now considered what?,extinct.
70,squad2.0,Dog,Natural selection and what makes certain dogs behave certain ways?,selective breeding
71,squad2.0,2008_Summer_Olympics_torch_relay,What did Reporters Without Borders scale in order to put a protest banner on it?,the Eiffel Tower
72,squad2.0,2008_Summer_Olympics_torch_relay,Which Middle East location was the only area the torch visited?,Muscat
73,squad2.0,2008_Summer_Olympics_torch_relay,Who was the foreign minister that said her decision was a good example of peacefully making a point?,Stephen Smith
74,squad2.0,2008_Summer_Olympics_torch_relay,The Chinese coverage of torch relay events has been accused by Western reporters as being what?,partial and censored
75,squad2.0,2008_Summer_Olympics_torch_relay,Laurel Sutherlin spoke to which TV station about his concerns?,KPIX-CBS5
76,squad2.0,Genome,What organization first sequenced a bacterial genome?,Institute for Genomic Research
77,squad2.0,Genome,What does genome size have a direct relationship with in prokaryotes and lower eukaryotes?,morphological complexity
78,squad2.0,Genome,What is a name for the genetic makeup of mitochondria?,mitochondrial genome
79,squad2.0,Genome,How old in years was the material that was used to sequence the Neanderthal genome?,"130,000"
80,squad2.0,Genome,Where did Weissenbach and his colleagues work?,Genoscope
81,squad2.0,Comprehensive_school,In what year were comprehensive schools first created?,1965
82,squad2.0,Comprehensive_school,In what school year were Hauptschulen first combined with Realschulen and Gesamtschulen?,2010/2011
83,squad2.0,Comprehensive_school,All public primary and secondary schools in Scotland are of what type?,comprehensive
84,squad2.0,Comprehensive_school,From what group does an achievement gap separate working class students at comprehensive schools?,middle class peers
85,squad2.0,Comprehensive_school,What was the combination of Hauptschulen with Realschulen and Gesamtschulen called in Berlin?,Sekundarschule
86,squad2.0,Republic_of_the_Congo,What is a common destination outside of Africa for Congolese airlines?,Paris
87,squad2.0,Republic_of_the_Congo,What was responsible for maintaining the separation between the gorillas and humans?,inhospitable swamps
88,squad2.0,Republic_of_the_Congo,What country found bank accounts and real estate owned by the Sassou regime?,France
89,squad2.0,Republic_of_the_Congo,What was the school enrollment rate in 2005?,44%
90,squad2.0,Republic_of_the_Congo,What nationality were the forces that invaded the Congo to assist Sassou in taking control of the country?,Angolan
91,squad2.0,Prime_minister,What is the term for the highest position in government in Vatican City?,Secretary of State
92,squad2.0,Prime_minister,What country does Khalifah serve for as prime minister?,Bahrain
93,squad2.0,Prime_minister,What is the head of government's office called in Canada?,Office of the Prime Minister
94,squad2.0,Prime_minister,What is the head of government's office called in the UK?,Cabinet Office
95,squad2.0,Prime_minister,Using royal prerogative does not require the consent of which body?,parliament
96,squad2.0,Institute_of_technology,"In addition to technology, Fachhochschulen offer courses in social science, medicine, design, and what other discipline?",business
97,squad2.0,Institute_of_technology,In what year was the École Polytechnique founded?,1794
98,squad2.0,Institute_of_technology,How many government-owned public institutes of technology does Indonesia have?,four
99,squad2.0,Institute_of_technology,What school considered a merger with Waikato Institute of Technology that was later abandoned?,Central Institute of Technology
100,squad2.0,Institute_of_technology,What was the very first polytechnic school in Hong Kong?,The Hong Kong Polytechnic
101,squad2.0,Wayback_Machine,What TV show served as inspiration for the Wayback Machine's name?,The Rocky and Bullwinkle Show
102,squad2.0,Wayback_Machine,Where does Wayback Machine keep its information stored?,PetaBox rack systems
103,squad2.0,Wayback_Machine,In what jurisdiction were Internet Archive's counterclaims filed?,Northern District of California
104,squad2.0,Wayback_Machine,What did Chordiant request that the court deactivate on Netbula's website?,the robots.txt file
105,squad2.0,Wayback_Machine,"Which company filed suit against Harding, Earley, Follmer & Frailey's client?",Healthcare Advocates
106,squad2.0,Dutch_Republic,Who was in control of the Dutch East India Company (VOC) and the Dutch West India Company (WIC)?,The States General of the United Provinces
107,squad2.0,Dutch_Republic,What was forbidden in all provinces?,Catholic services
108,squad2.0,Dutch_Republic,In what year did the United Provinces become a confederacy?,1588
109,squad2.0,Dutch_Republic,What was one of the conquests of the Dutch Navy?,breaking the Portuguese sphere of influence on the Indian Ocean and in the Orient
110,squad2.0,Dutch_Republic,Who agreed to turn the United Provinces into a protectorate of England?,Elizabeth I
111,squad2.0,Symbiosis,What is given to the host cell?,nutrients
112,squad2.0,Symbiosis,In what manner are the described genetic alternations given to future generations?,vertical transmission
113,squad2.0,Symbiosis,What type of relationship harms both organisms?,Synnecrosis
114,squad2.0,Symbiosis,What organisms is the ibex in an amensalistic relationship with?,weevils
115,squad2.0,Symbiosis,Name a biotrophic organism.,a tick
116,squad2.0,Canadian_Armed_Forces,When did the Canadian Armed Forced become to be?,1 February 1968
117,squad2.0,Canadian_Armed_Forces,Where was the commander-in-chief stationed?,Halifax
118,squad2.0,Canadian_Armed_Forces,What are some locations of the air bases?,"Alberta, Saskatchewan, Manitoba"
119,squad2.0,Canadian_Armed_Forces,Who heads the Royal Canadian Air Force?,the Commander of the Royal Canadian Air Force
120,squad2.0,Canadian_Armed_Forces,What other location does the Canada First Defence Strategy Cover?,North America
121,squad2.0,Cardinal_(Catholicism),Where does this person announce the election of the new pope?,from the central balcony at the Basilica of Saint Peter in Vatican City State
122,squad2.0,Cardinal_(Catholicism),"Which church still holds on to the original meaning of ""cardinal"" from the above Latin word?",The Church of England
123,squad2.0,Cardinal_(Catholicism),Who are the highest ranking cardinals in the Catholic Church?,cardinal bishops
124,squad2.0,Cardinal_(Catholicism),What term was given to certain church men of honor?,cardinal
125,squad2.0,Cardinal_(Catholicism),Which pope declared that cardinals would be from Rome?,Pius V.
126,squad2.0,Iranian_languages,In which historical record does Old Persian appear in exemplary form?,the Behistun inscription
127,squad2.0,Iranian_languages,What area was the name Dari connected to by medieval Iranian thinkers?,Khorasan
128,squad2.0,Iranian_languages,When was the phrase Iranian language family first used?,1836
129,squad2.0,Iranian_languages,What was the writing of Manichaean documents similar to?,Syriac script
130,squad2.0,Iranian_languages,What are three languages employed by the Manichaeans?,"Middle Persian, Parthian and Sogdian"
131,squad2.0,Lighting,What causes sharp shadows around buildings? ,glare
132,squad2.0,Lighting,What other national examinations are available?,CLEP and CLMC
133,squad2.0,Lighting,What type of paint tends to absorb light?,dark paint
134,squad2.0,Lighting,Using natural illumination instead of artificial light sources help with what?,energy consumption
135,squad2.0,Lighting,It can be said that lights with a high color temperature have more energy in what color spectrum?,blue-white
136,squad2.0,Separation_of_powers_under_the_United_States_Constitution,Who sets the procedures to be followed in the Florida court system?,the Florida Supreme Court
137,squad2.0,Separation_of_powers_under_the_United_States_Constitution,Who's judicial power does congress have the right to limit?,the Supreme Court
138,squad2.0,Separation_of_powers_under_the_United_States_Constitution,What was the supreme court case that was determined that congress could not allow the President to determine fair competition?,Schechter Poultry Corp. v. United States
139,squad2.0,Separation_of_powers_under_the_United_States_Constitution,Who had granted Franklin Roosevelt sweeping authority during the great depression?,Congress
140,squad2.0,Separation_of_powers_under_the_United_States_Constitution,To what does congress attempt to limit executive officials?,the performance of their duties
141,squad2.0,Architecture,What type of architecture did Pugin consider truly Christian?,Gothic
142,squad2.0,Architecture,When was the Kao Gong Ji written?,7th–5th centuries BCE
143,squad2.0,Architecture,What sort of quest lacks purpose?,quest for perfection or originality
144,squad2.0,Architecture,What was Le Corbusier 's profession?,Architect
145,squad2.0,Architecture,What owes its development to the Classical orders?,"Architectural ""style"""
146,squad2.0,Human_Development_Index,Which three statistics does the HDI compile?,"life expectancy, education, and income per capita"
147,squad2.0,Human_Development_Index,Which year was used for estimates in the 2010 report?,2010
148,squad2.0,Human_Development_Index,Which country has been ranked highest the most number of times?,Norway
149,squad2.0,Human_Development_Index,"Does the IHDI measure the ""average"" or the ""potential"" level of human development? ",the average level
150,squad2.0,Human_Development_Index,What does MYS stand for?,Mean years of schooling
151,squad2.0,Southern_Europe,What is the main faith practiced in southern Europe?,Christianity
152,squad2.0,Southern_Europe,Which countries initiated the Age of Exploration following the Reconquista?,Portugal and Spain
153,squad2.0,Southern_Europe,When did the Romans make Christianity their official religion?,380 AD
154,squad2.0,Southern_Europe,What is the most common group of languages spoken in Mediterranean Europe?,Romance languages
155,squad2.0,Southern_Europe,What language can be found used in Kosovo and Albania?,Albanian
156,squad2.0,BBC_Television,How far from its studio could the BBC's broadcast originally reach?,40 kilometres
157,squad2.0,BBC_Television,How many lines did the Baird transmission contain?,240
158,squad2.0,BBC_Television,What was the name of the BBC changed to in 1960?,BBC tv
159,squad2.0,BBC_Television,What caused the move of BBC Television into the BBC VIsion unit?,the onset of new media outlets and technology
160,squad2.0,BBC_Television,How many lines did the Marconi-EMI transmission contain?,405
161,squad2.0,Arnold_Schwarzenegger,How many women spoke out publicly about misconduct on Schwarzenegger's part?,six
162,squad2.0,Arnold_Schwarzenegger,What bone did Schwarzenegger break while on a ski trip in 2006?,right femur
163,squad2.0,Arnold_Schwarzenegger,What was Schwarzenegger's highest approval rating during his stint as governor?,89%
164,squad2.0,Arnold_Schwarzenegger,What's Arnold Schwarzenegger's birth date?,"July 30, 1947"
165,squad2.0,Arnold_Schwarzenegger,What year did the Greenhouse Gas Initiative go into effect?,2009
166,squad2.0,Plymouth,About how much are the staff of the University of Plymouth paid yearly in total?,£160 million
167,squad2.0,Plymouth,On what date was the Dawlish sea wall damaged?,4 February 2014
168,squad2.0,Plymouth,What was the name of the colony founded by the Pilgrim Fathers in the New World?,Plymouth Colony
169,squad2.0,Plymouth,What was William Cookworthy's profession?,chemist
170,squad2.0,Plymouth,What Plymouth organization is named for Sir Alister Hardy?,Sir Alister Hardy Foundation for Ocean Sciences
171,squad2.0,Heresy,What was a major reason and justification for the Europian wars of religion?,Heresy
172,squad2.0,Heresy,Who was the last known person to be sentenced to death for the crime of heresy by the Roman Catholic Church?,Cayetano Ripoll
173,squad2.0,Heresy,What is the study of heresy?,Heresiology
174,squad2.0,Heresy,What type of law is still in practice in which heresy results in execution?,Sharia law
175,squad2.0,Heresy,What term is used to describe an individual in the early Church that introduced discord?,divisive person
176,squad2.0,Warsaw_Pact,Which organization was in direct competition with the Warsaw Pact?,NATO
177,squad2.0,Warsaw_Pact,In which year did Slovakia join NATO? ,2004
178,squad2.0,Warsaw_Pact,What was the name of the East German armed forces?,the National People's Army
179,squad2.0,Warsaw_Pact,The acceptance of which country into NATO prompted the formation of the Warsaw Pact?,West Germany
180,squad2.0,Warsaw_Pact,How many documents remain classified?,70
181,squad2.0,Materialism,"In what year was ""The Essence of Christianity"" written?",1841
182,squad2.0,Materialism,Neoplatonism describes divinity as what?,"simple, immaterial, formless, substance/essence (ousia) that transcended all that was physical"
183,squad2.0,Materialism,A materialist considers what as the most important?,matter
184,squad2.0,Materialism,Which model suggests that matter is 5% of the universe?,Lambda-CDM model
185,squad2.0,Materialism,William Wordsworth lived from what year to what year?,1770-1850
186,squad2.0,Christian,What was the region of Eastern Europe called in 1 AD?,Scythia
187,squad2.0,Christian,"When Peter endorsed the term, the term Christian was used instead of what other term?",Nazarenes
188,squad2.0,Christian,What do Christians believe is the way to salvation?,faith in Jesus
189,squad2.0,Christian,What is the Korean word for Christian?,"기독교도, Kidok-kyo-do"
190,squad2.0,Christian,How many people today are Roman Catholics?,1.17 billion
191,squad2.0,Sony_Music_Entertainment,Who bought RCA?,Ge
192,squad2.0,Sony_Music_Entertainment,CBS began thinking of a name change to their record label in what year?,1965
193,squad2.0,Sony_Music_Entertainment,In what year did Sony and BMG Germany merge?,2004
194,squad2.0,Sony_Music_Entertainment,What 4 areas of the country did Columbia Records have manufacturers in?,"Los Angeles; Terre Haute, Indiana; Bridgeport, Connecticut; and Pitman, New Jersey"
195,squad2.0,Sony_Music_Entertainment,In what year did Sony pull out of the Greek market?,2013
196,squad2.0,Oklahoma_City,Who moved the Oklahoma City Thunder to Oklahoma City?,Clayton Bennett
197,squad2.0,Oklahoma_City,What year should the streetcar become operable?,2017
198,squad2.0,Oklahoma_City,What is the name of the largest military base in the nation?,Tinker Air Force Base
199,squad2.0,Oklahoma_City,What is the name of the downtown arena?,Chesapeake Energy Arena
200,squad2.0,Oklahoma_City,What team played against the Hornets in their final home game before leave Oklahoma City?,Houston Rockets
201,squad2.0,Hunter-gatherer,Between what ice sheets were the corridors located?,Laurentide and Cordilleran
202,squad2.0,Hunter-gatherer,Whose lifestyle does Shultziner think we can learn about?,prehistoric hunter-gatherers
203,squad2.0,Hunter-gatherer,In what kind of area did forest gardening start?,jungle-clad river banks
204,squad2.0,Hunter-gatherer,How is it interesting to view hunter-gatherers' egalitarianism?,in an evolutionary context
205,squad2.0,Hunter-gatherer,What does a lush environment allow hunter-gatherers to be?,sedentary or semi-sedentary
206,squad2.0,United_Nations_Population_Fund,UNFPA groups what area in the same geographic region as the Arab States?,Europe
207,squad2.0,United_Nations_Population_Fund,Who does UNFPA work with in addition to government and U.N. agencies?,"communities, NGOs, foundations and the private sector"
208,squad2.0,United_Nations_Population_Fund,One of UNFPA's goals is to make all pregnancies what?,wanted
209,squad2.0,United_Nations_Population_Fund,What organization found no evidence that UNFPA had supported Chinese coercion?,Amnesty International
210,squad2.0,United_Nations_Population_Fund,Which representative criticized the the State Department investigation?,Christopher H. Smith
211,squad2.0,Russian_Soviet_Federative_Socialist_Republic,What did Russia receive in return for signing the Treaty of Brest-Litovsk?,peace in World War I
212,squad2.0,Russian_Soviet_Federative_Socialist_Republic,Who was the President of the Soviet Union in 1991?,Mikhail Gorbachev
213,squad2.0,Russian_Soviet_Federative_Socialist_Republic,"What numbered meeting of the All-Russian Congress of Soviets occurred on January 25, 1918?",third
214,squad2.0,Russian_Soviet_Federative_Socialist_Republic,Which union did Russia belong to after 1922?,the Soviet Union
215,squad2.0,Russian_Soviet_Federative_Socialist_Republic,What name for Russia was listed in the Soviet Constitution?,the Russian Soviet Federative Socialist Republic
216,squad2.0,Alexander_Graham_Bell,In what field is the Alexander Graham Bell Medal given out?,telecommunications
217,squad2.0,Alexander_Graham_Bell,What was Bell's father most famous for publishing?,The Standard Elocutionist
218,squad2.0,Alexander_Graham_Bell,Who ran the Smithsonian in 1875?,Joseph Henry
219,squad2.0,Alexander_Graham_Bell,What school did Bell leave at 15?,Royal High School
220,squad2.0,Alexander_Graham_Bell,What disease did his two brothers die of?,tuberculosis
221,squad2.0,Pub,What tavern did William Tillcar live adjacent to?,Sun Tavern
222,squad2.0,Pub,"Along with Southwark and The Tabard, what is a notable London inn?",The George
223,squad2.0,Pub,In what year was the term gastropub invented?,1991
224,squad2.0,Pub,What action by a pub owner can result in his prosecution?,allowing smoking
225,squad2.0,Pub,What was the relationship between the price of beer in the smoke room versus the rest of the bar?,higher
226,squad2.0,Internet_service_provider,What are free ISPs?,Internet service providers that provide service free of charge
227,squad2.0,Internet_service_provider,how do isps provide internet access?,a range of technologies to connect users to their network
228,squad2.0,Internet_service_provider,What is a wireless internet service provider's network based on?,wireless networking
229,squad2.0,Internet_service_provider,what may possibly be a solution to net neutrality concerns? ,municipal broadband
230,squad2.0,Internet_service_provider,What are IXs? ,Internet exchange points
231,squad2.0,Comics,Comic books are what type of books?,periodicals
232,squad2.0,Comics,Who thought pop culture was a risk?,cultural elites
233,squad2.0,Comics,Who does not often see storyboards used in film making?,the public
234,squad2.0,Comics,What is considered the start of the modern comics in Japan?,after World War II
235,squad2.0,Comics,When did Ally Sloper first appear?,1884
236,squad2.0,Saint_Helena,Vessels of what navy protected convoys?,Royal
237,squad2.0,Saint_Helena,What is the Saint Helena currency?,the Saint Helena pound
238,squad2.0,Saint_Helena,What organization identified Saint Helena as important for bird conservation?,BirdLife International
239,squad2.0,Saint_Helena,How many copper tokens were Issued in 1821?,"70,560"
240,squad2.0,Saint_Helena,In 2013 the number of government jobs was what?,800
241,squad2.0,Aspirated_consonant,What has a three-way distinction in regards to stops and affricates?,Wu Chinese
242,squad2.0,Aspirated_consonant,Written IPA consonants use symbols for what?,voiceless consonants
243,squad2.0,Aspirated_consonant,The ⟨bʰ⟩ in the Indo-Aryan languages is better transcribed how for breathy voice?,"⟨b̤⟩, with the diacritic"
244,squad2.0,Aspirated_consonant,Debuccalization is when consonants are weakened to become what?,glottal stop or fricative
245,squad2.0,Aspirated_consonant,Aspiration may refer to a sound change of what?,debuccalization
246,squad2.0,Hydrogen,What kind of movement does the electron not have in ground state?,angular
247,squad2.0,Hydrogen,For hydrogen what is the enthalpy of combustion?,286 kJ/mol
248,squad2.0,Hydrogen,What molecular form is found in the interstellar medium?,protonated molecular hydrogen
249,squad2.0,Hydrogen,In what year did the hubble space telescope finally get the nickel hydrogen battery?,2009
250,squad2.0,Hydrogen,What state are the protons in when in the orthohydrogen form?,triplet state
251,squad2.0,Space_Race,The first Ranger mission that didn't fail was which one?,Block III Ranger 7
252,squad2.0,Space_Race,"in response to Project Vanguard's failed launch, what was the rocket the Soviet Union launched?",Jupiter-C rocket
253,squad2.0,Space_Race,Cape Canaveral Air Force Station is located in what state?,Florida
254,squad2.0,Space_Race,The Lunar Module completed its first low Earth orbit on what date?,March 1969
255,squad2.0,Space_Race,A problem was resolved by whom when both the US and the USSR supported a cooperative space program?,Political Committee of the UN General Assembly
256,squad2.0,Web_browser,The release of Internet Explorer started the first what?,browser war
257,squad2.0,Web_browser,"When a browser includes a lot of extras, it can be referred to as what?",Internet suites
258,squad2.0,Web_browser,What did Netscape launch in 1998?,Mozilla Foundation
259,squad2.0,Web_browser,What other OS could use Internet Explorer?,Mac
260,squad2.0,Web_browser,"What are ""bookmarks"" called in Internet Explorer?",Favorites
261,squad2.0,BeiDou_Navigation_Satellite_System,What was the first satellite for the BeiDou-1 system called?,BeiDou-1A
262,squad2.0,BeiDou_Navigation_Satellite_System,How long ago was the BeiDou Satellite System first launched?,Fifteen years
263,squad2.0,BeiDou_Navigation_Satellite_System,What did engineers at CNES report in June 2007?,the spectrum and structure of the signals
264,squad2.0,BeiDou_Navigation_Satellite_System,What will the three latest satellites provide after testing?,navigation services
265,squad2.0,BeiDou_Navigation_Satellite_System,Who named the constellation Běidǒu?,ancient Chinese astronomers
266,squad2.0,Canon_law,What is the Hebrew term for canon?,kaneh
267,squad2.0,Canon_law,What is an example of a member of the Anglican Communion in Canada?,the Anglican Church of Canada
268,squad2.0,Canon_law,For whom was a new edition of canon law released in 1983?,the Roman Rite
269,squad2.0,Canon_law,In what type of religion are canon laws applicable?,Christian
270,squad2.0,Canon_law,How many ancient canons exist in the Western Church?,fifty
271,squad2.0,Communications_in_Somalia,Where was the headquarters of the largest wireless internet services?,Mogadishu
272,squad2.0,Communications_in_Somalia,"in 2013, an agreement between Hormuud Telecom and Liquid Telecom provided residents access to what type of cable provider?",broadband
273,squad2.0,Communications_in_Somalia,What types of stakeholders consulted on the bill to enact the National Communications Act?,academic and civil society
274,squad2.0,Communications_in_Somalia,What year did Dahabhiil acquire the majority of Somtal network?,2008
275,squad2.0,Communications_in_Somalia,How many short wave radio stations broadcast from the capital?,one
276,squad2.0,Catalan_language,Where is the Catalan speaking part of Aragon?,La Franja
277,squad2.0,Catalan_language,What dialect employs many archaic words?,Alguerese
278,squad2.0,Catalan_language,What is the only language of Andorra?,Catalan
279,squad2.0,Catalan_language,What is the exception to this reduction?,Majorcan
280,squad2.0,Catalan_language,What style of grammar does Catalan have?,inflectional
281,squad2.0,Boston,A train full of gravel came from Needham to fill what?,the Back Bay
282,squad2.0,Boston,What is the Boston accent known as?,Boston English
283,squad2.0,Boston,How many square miles is the city proper of Boston?,48
284,squad2.0,Boston,What century did Ralph Waldo Emerson write in?,the nineteenth century
285,squad2.0,Boston,"In 2014, what percentage of the city identified as Christian?",57%
286,squad2.0,Universal_Studios,"In 1947, what company did Universal buy a stake in?",Castle Films
287,squad2.0,Universal_Studios,What was the amount of the production loan Universal sought to complete Show Boat?,"$750,000"
288,squad2.0,Universal_Studios,In what year was Arabian Nights produced?,1942
289,squad2.0,Universal_Studios,Universal's deal with what company ended in 2013?,Elliott Management
290,squad2.0,Universal_Studios,How many studios have released three billion-dollar films in one year?,Universal is the only studio
291,squad2.0,Estonian_language,What is the accusative used for?,total objects
292,squad2.0,Estonian_language,What is another name for Estonian's northern group's western dialect?,the läänemurre
293,squad2.0,Estonian_language, In what Orthagraphy does Modern Estonian orthography have its basis?,Newer Orthography
294,squad2.0,Estonian_language,What is the Russian back-transliteration from Encyclopædia Britannica?,"""ostrov Khiuma"""
295,squad2.0,Estonian_language,Following the departure of the Soviet immigrants what was the percentage of Estonians in Estonia?,above 70%
296,squad2.0,Paper,What process changes the properties of the fibres used in papermaking?,maceration
297,squad2.0,Paper,What percentage of fibres are wasted in the bleaching process?,5%
298,squad2.0,Paper,How is the water removed by force from a sheet of paper?,Pressing
299,squad2.0,Paper,What decade does the sulfite process date to?,1840s
300,squad2.0,Paper,Which court eunuch was associated with the papermaking process?,Cai Lun
301,squad2.0,Adult_contemporary_music,"Along with classic R&B, what genre is notably featured on soft AC stations?",soul
302,squad2.0,Adult_contemporary_music,"Along with Freddie Jackson, Johnny Gill, Teena Marie, Lalah Hathaway, Toni Braxton, and En Vogue, what artist is popular on quiet storm stations?",Vanessa L. Williams
303,squad2.0,Adult_contemporary_music,"What radio station introduced the term ""soft rock""?",WEEI-FM
304,squad2.0,Adult_contemporary_music,"Along with teen pop, dance and hard rock, what form of music is typically not heard on AC radio?",hip hop
305,squad2.0,Adult_contemporary_music,When might you hear smooth jazz on a soft AC station?,the weekends
306,squad2.0,Daylight_saving_time,"How much less, on average, do workers in the U.S. sleep on Mondays after switching to DST, according to the 2009 study?",40 minutes
307,squad2.0,Daylight_saving_time,What latitudes see more extreme changes in the length of their days and nights throughout the year?,higher latitudes
308,squad2.0,Daylight_saving_time,What two sources of energy use do DST proponents say are reduced by the time change?,lighting and heating
309,squad2.0,Daylight_saving_time,"On a system running Windows older than Vista, locations in Canada observing DST would only reliably support time stamps from after what year?",2006
310,squad2.0,Daylight_saving_time,What file system do most removable devices use?,FAT
311,squad2.0,Royal_Institute_of_British_Architects,Who was the head of the Royal Institute of British Architects in 2007?,Jack Pringle
312,squad2.0,Royal_Institute_of_British_Architects,What kinds of courses does RIBA conduct accreditation services for apart from the Architects Registration Board?,international courses
313,squad2.0,Royal_Institute_of_British_Architects,Where does RIBA's business group have its headquarters office?,15 Bonhill Street in London
314,squad2.0,Royal_Institute_of_British_Architects,What document set forth the goals of the Royal Institute?,The original Charter of 1837
315,squad2.0,Royal_Institute_of_British_Architects,In what city was the Institute of British Architects located?,London
316,squad2.0,National_Archives_and_Records_Administration,What's the latest war The National Archives Building has military unit records for?,Philippine–American War
317,squad2.0,National_Archives_and_Records_Administration,About how many grants has the NHPRC awarded?,"4,500"
318,squad2.0,National_Archives_and_Records_Administration,When was the reclassification program originally intended to end?,2007
319,squad2.0,National_Archives_and_Records_Administration,Which arm of NARA handles grants?,The National Historical Publications and Records Commission
320,squad2.0,National_Archives_and_Records_Administration,In what area of the US can one find the Presidential Library system libraries?,nationwide
321,squad2.0,Tristan_da_Cunha,what territory is Tristan da Cunha part of?,the British overseas territory of Saint Helena
322,squad2.0,Tristan_da_Cunha,what was broken/damaged on the boat?,mast
323,squad2.0,Tristan_da_Cunha,where did the UK rule the islands from?,South Africa
324,squad2.0,Tristan_da_Cunha,What country test detonated an atomic bomb near the island?,United States
325,squad2.0,Tristan_da_Cunha,in what year were the islands first sighted?,1506
326,squad2.0,University_of_Kansas,What is the name of an independent radio broadcast run out of KU?,KUJH-LP
327,squad2.0,University_of_Kansas,On what campus is the University of Kansas School of Engineering located?,main campus
328,squad2.0,University_of_Kansas,What was the role the union was intended serve?,campus community center
329,squad2.0,University_of_Kansas,What is the name of the University of Kansas's foundation?,KU Endowment
330,squad2.0,University_of_Kansas,How many people attended the University of Kansas at its Edwards and Lawrence locations in the fall semester of 2014?,"23,597"
331,squad2.0,Nanjing,Who defeated the court of Song?,the Mongol empire
332,squad2.0,Nanjing,What was the symbolism of the bridge?,symbol of modern China
333,squad2.0,Nanjing,When was the 2014 Youth Olympic Games?,from 16 to 28 August
334,squad2.0,Nanjing,When was the Nanjing Olympic Sports Center built?,2005
335,squad2.0,Nanjing,What statues are near the ones of teachers and educators?,courtesans
336,squad2.0,Arena_Football_League,What was Scott Butera's job title prior to becoming AFL commissioner?,CEO
337,squad2.0,Arena_Football_League,"Along with the New Orleans VooDoo, Kansas City Brigade, Philadelphia Soul and Georgia Force, what former team returned for the 2011 season?",San Jose SaberCats
338,squad2.0,Arena_Football_League,What numbered season did Arenafootball2 in 2009?,tenth
339,squad2.0,Arena_Football_League,Where did Scott Butera work prior to becoming AFL commissioner?,Foxwoods
340,squad2.0,Arena_Football_League,"Along with the Orlando Predators, what former Arena Football League team joined af2?",Arizona Rattlers
341,squad2.0,Dialect,In what environment are dialects less common?,public
342,squad2.0,Dialect,"Aside from Italo-Dalmatian, what is another term for the group that Italian languages belong to?",Romance
343,squad2.0,Dialect,"What is the term for when dialects A and B are mutually intelligible, dialect B and C are mutually intelligible, but dialects A and C are not mutually intelligible?",dialect continua
344,squad2.0,Dialect,What does 'dialetti' mean in Italian?,dialects
345,squad2.0,Dialect,Lebanese people of what religion sometimes consider Lebanese to be a distinct language?,Christian
346,squad2.0,Bern,What percent of the population are over 64 years old?,19.9%
347,squad2.0,Bern,What year was Bern founded?,1191
348,squad2.0,Bern,Bern is the capitol of which canton?,Canton of Bern
349,squad2.0,Bern,Who created all the statues except the Zahringer fountain?,Hans Hiltbrand
350,squad2.0,Bern,How long is the Marzilibah funicular?,106 m
351,squad2.0,Westminster_Abbey,"Where is the ""dish bell"" kept?",in the refectory
352,squad2.0,Westminster_Abbey,How was the community able to increase?,endowments
353,squad2.0,Westminster_Abbey,Who rebuilt the abbey for a burial church?,King Edward the Confessor
354,squad2.0,Westminster_Abbey,How many bells make up the abbey ring?,Ten
355,squad2.0,Westminster_Abbey,When was Westminster Diocese dissolved?,1550
356,squad2.0,Political_corruption,The second wave of metrics focuses on what level of corruption?,local
357,squad2.0,Political_corruption,In some countries there is no formal deal but what that makes prosecuting bribes difficult?,mutual understanding
358,squad2.0,Political_corruption,"In Sub-Saharan African countries, what level of government is corruption especially prevalent at?",Local
359,squad2.0,Political_corruption,"When entrusted funds are stolen, it is called what?",Embezzlement
360,squad2.0,Political_corruption,The level of corruption can vary in richer democracies in regards to the what of those officials making decisions?,accountability
361,squad2.0,Classical_music,Familiarty with the style expected for any given composer is required for what kind of performance?,classical music
362,squad2.0,Classical_music,What enabled descriptions and specification of instruments?,Printing
363,squad2.0,Classical_music,"The concerto, symphony, sonata and opera are examples of what type of musical forms?",sophisticated
364,squad2.0,Classical_music,From the 1750's to the early 1830's is the era of Mozart and what other composer?,Haydn
365,squad2.0,Classical_music,Who controlled musical institutions before the 19th century?,wealthy patrons
366,squad2.0,Slavs,Where are Janjevci located?,Kosovo
367,squad2.0,Slavs,What is the posulated homeland region of the Slavs?,Ukraine
368,squad2.0,Slavs,What would have led to the starvation of 80 million people in the Soviet Union?,The Nazi Hunger Plan and Generalplan Ost
369,squad2.0,Slavs,In 2007 Rębała and colleagues studied several Slavic populations with the aim of localizing what?,the Proto-Slavic homeland
370,squad2.0,Slavs,Haplogroup I2a2 is commonly found in what group of people?,north-eastern Italians
371,squad2.0,Southampton,What legendary band with a color in its name has played at the Guildhall?,Pink Floyd
372,squad2.0,Southampton,In which direction would you travel from Portsmouth to reach Southampton?,north-west
373,squad2.0,Southampton,For how many consecutive years has violent crime in Southampton decreased?,three
374,squad2.0,Southampton,What bus service did the University of Southampton commission to carry people between the city and the university?,Uni-link
375,squad2.0,Southampton,Where is the Meridian headquarters located?,Whiteley
376,squad2.0,Treaty,Some treaties contains provisions for what to happen if certain defined conditions are met?,self-termination
377,squad2.0,Treaty,Multilateral treaties are often entered into by countries that share the same what?,region
378,squad2.0,Treaty,If a state party objects and opposes another state's reservations it essentially refuses to acknowledge what?,the reserving state is a party to the treaty
379,squad2.0,Treaty,What might a state do in response to another state's withdrawal from a treaty?,impose sanctions or go to war
380,squad2.0,Treaty,A more permissive rule regarding what emerged to encourage the largest number of states to join treaties?,reservations
381,squad2.0,Josip_Broz_Tito,When did the Partisans create the First Proletarian Brigade?,1941
382,squad2.0,Josip_Broz_Tito,"Other than Serbo-Croatian, German, Russian, Czech, Slovenian and English, French and Italian, what language does Tito speak?",Kirghiz
383,squad2.0,Josip_Broz_Tito,Who offered amnesty to the retreatig column? ,Tito
384,squad2.0,Josip_Broz_Tito,In what year did Tito co-found the Non-Aligned Movement?,1961
385,squad2.0,Josip_Broz_Tito,When did Tito last visit Emperor Selassie?,1956
386,squad2.0,Marshall_Islands,What nation had a claim on the Marshall Islands as of 1874?,the Spanish Empire
387,squad2.0,Marshall_Islands,"In meters, how high were the 2008 floods?",0.91
388,squad2.0,Marshall_Islands,What type of ship was the Naiad?,schooner
389,squad2.0,Marshall_Islands,About how many Japanese emigrated to the Marshalls when it was a Japanese colony?,"1,000"
390,squad2.0,Marshall_Islands,How many people lived in the Marshall Islands in 1960?,"15,000"
391,squad2.0,Szlachta,If one is high in dignities they are also high in what other form?,ritual
392,squad2.0,Szlachta,Who defined the significant legislative changes?,Robert Bideleux and Ian Jeffries
393,squad2.0,Szlachta,The polish believed szlachta derived from the name of who?,"legendary proto-Polish chief, Lech"
394,squad2.0,Szlachta,What did they use to refer to the origin of szlactha?,odwieczna
395,squad2.0,Szlachta,The right to create ordynacja's was important to what group?,magnates
396,squad2.0,Virgil,The theme of Georgics is instruction in the methods of what?,running a farm
397,squad2.0,Virgil,Which of Virgil's works is considered the national epic of ancient Rome?,Aeneid
398,squad2.0,Virgil,During which period was Vigil a poet?,Augustan
399,squad2.0,Virgil,Who commissioned the Aeneid according to Propertius?,Augustus
400,squad2.0,Virgil,What other career did Virgil consider?,rhetoric and law
401,squad2.0,Alps,When was the first figure skating championship held? ,1882
402,squad2.0,Alps,How much of the glaciation in Austria disappeared?,Forty percent
403,squad2.0,Alps,"When compared to the Western Alps, what area has few high peaked massifs?",Eastern Alps
404,squad2.0,Alps,When did Celtic tribes settle in Switzerland? ,between 1000 to 1500 BC
405,squad2.0,Alps,By 1940 who occupied many of the Alpine countries?,the Third Reich
406,squad2.0,Gene,What are genes that result from divergence of the genes after a speciation event called?,orthologous genes
407,squad2.0,Gene,What is one invisible genetic trait?,"blood type, risk for specific diseases, or the thousands of basic biochemical processes that comprise life"
408,squad2.0,Gene,What is known as the 5' end?,an exposed phosphate group
409,squad2.0,Gene,What did the devlopment of the chain termination DNA sequencing method do for the sequencing process?,improved the efficiency of sequencing and turned it into a routine laboratory tool.
410,squad2.0,Gene,How do prokaryotes store their genomes?,"on a single large, circular chromosome"
411,squad2.0,Guinea-Bissau,Political instability has resulted in what description of social conditions?,deteriorating
412,squad2.0,Guinea-Bissau,Guinea-Bissau has a history of what since independence?,political instability
413,squad2.0,Guinea-Bissau,What two words are used to describe the Faculty of Law and Faculty of Medicine?,institutionally autonomous
414,squad2.0,Guinea-Bissau,Who is the head of government?,prime minister
415,squad2.0,Guinea-Bissau,What did the government do in 1997 to increase monetary stability?,entered the CFA franc monetary system
416,squad2.0,List_of_numbered_streets_in_Manhattan,"A segment of what road crosses portions of Third Avenue, Lexington, and Park and runs in East Harlem?",E 122nd Street
417,squad2.0,List_of_numbered_streets_in_Manhattan,8th Street between Avenue A and Third Avenue is called what?,St Mark's Place
418,squad2.0,List_of_numbered_streets_in_Manhattan,On which street is the Jacob K. Javits Convention Center located?,35th Street
419,squad2.0,List_of_numbered_streets_in_Manhattan,Which Apartments interrupt East 5th Street between First Avenue and Avenue A?,Village View
420,squad2.0,List_of_numbered_streets_in_Manhattan,The grid covers the length of the island from what starting point?,14th Street north
421,squad2.0,Brain,The Neocerebellum supports what other part of the brain?,cerebral cortex
422,squad2.0,Brain,The infant brain contains more of what type of cells in the brain than the adult brain?,neurons
423,squad2.0,Brain,The seal of the soul was debated to lie in what two organs of the body?,brain or heart.
424,squad2.0,Brain,During what century was multielectrode recording invented?,"the 21st century,"
425,squad2.0,Brain,Animals without a spine are called what?,invertebrates
426,squad2.0,Near_East,What was the cause of the Hamidian Massacres of Armenians?,they were Christians
427,squad2.0,Near_East,The populations did not accept what?,Turkish rule
428,squad2.0,Near_East,Where did the new wave of diplomats often come from?,the new field of political science
429,squad2.0,Near_East,Until what year did the words near east and far east not refer to any particular region? ,1855
430,squad2.0,Near_East,What sentiment persists even though racial and colonial definitions of the Middle East are no longer ideologically sound?,sentiment of unity
431,squad2.0,Zhejiang,What was home to the warlord Yan Baihu?,Zhejiang
432,squad2.0,Zhejiang,Where does the Grand Canal of China end?,Hangzhou
433,squad2.0,Zhejiang,What percent of the population may be irreligious?,74.36%
434,squad2.0,Zhejiang,How are the politics of Zhejiang structured?,a dual party-government system
435,squad2.0,Zhejiang,What was an exemplary case of all this?,Sanjiang Church
436,squad2.0,Ministry_of_Defence_(United_Kingdom),What is the estimated total cost of the Chinook helicopter project?,£500m
437,squad2.0,Ministry_of_Defence_(United_Kingdom),During what years did the five Departments of State do the work of the modern Ministry of Defence?,1946 to 1964
438,squad2.0,Ministry_of_Defence_(United_Kingdom),Which person in the Joint Forces Command supports the Chief of the Defence Staff?,the Commander
439,squad2.0,Ministry_of_Defence_(United_Kingdom),Past projects ordered by the MoD have taken what type of time frame to fulfill?,up to 10 and even as much as 15 years
440,squad2.0,Ministry_of_Defence_(United_Kingdom),What were the five Departments of State that did the work of the modern Ministry of Defence?,"the Admiralty, the War Office, the Air Ministry, the Ministry of Aviation, and an earlier form of the Ministry of Defence"
441,squad2.0,High-definition_television,What aspect ratio did the MUSE system use when demonstrated in 1981?,5:3
442,squad2.0,High-definition_television,What was on HD1 for 4 or 5 hours per day?,a multi-lingual soundtrack on a rolling schedule
443,squad2.0,High-definition_television,When was the Baird system discontinued?,February 1937
444,squad2.0,High-definition_television,"Sky HD's set-top box, TiVo's Series 3, and Dish Network's VIP 622 are examples of what?",an HDTV-capable digital video recorder
445,squad2.0,High-definition_television,A mooted 750-line was seen by some at the ITU as what?,an enhanced television format
446,squad2.0,Wood,"In addition to lumber strength, what important indicator of wood's quality can be determined using specific gravity?",pulp yield
447,squad2.0,Wood,What will drying often increase in wood?,strength
448,squad2.0,Wood,What part of wood's cells are composed of cellulose and hemicellulose?,walls
449,squad2.0,Wood,What evidence of the stubs of the limbs a tree loses can always be seen in the wood?,knots
450,squad2.0,Wood,"What's another word for ""duramen""?",Heartwood
451,squad2.0,Somalis,Somali food contains influences from what region?,Southeast Asian
452,squad2.0,Somalis,In what geographic part of Somalia are these rock paintings commonly found?,northern
453,squad2.0,Somalis,"Aside from the koofiyad, what do Somali men wear on their head?",turban
454,squad2.0,Somalis,In what year did Mahamoud publish his research?,2006
455,squad2.0,Somalis,What percentage of Somali males had DNA containing the M78 subclade of E1b1b?,77%
456,squad2.0,Middle_Ages,What did Christopher Columbus discover in 1492?,the Americas
457,squad2.0,Middle_Ages,The clash between Henry IV and the pope was part of what greater conflict?,Investiture Controversy
458,squad2.0,Middle_Ages,In what part of the church was the monumental entrance typically placed?,the west end
459,squad2.0,Middle_Ages,In what modern country were Louis the German's lands?,Germany
460,squad2.0,Middle_Ages,"Along with light cavalry, what military arm was used with increasing frequency in the Late Middle Ages?",infantry
461,squad2.0,Phonology,What is Trubetzkoy considered to have founded?,morphophonology
462,squad2.0,Phonology,When was Principles of Phonology published?,1939
463,squad2.0,Phonology,What part of a language can phonology as a word also refer to?,the phonological system
464,squad2.0,Phonology,Stress and intonation are studied under what topic?,prosody
465,squad2.0,Phonology,What nationality was de Courtenay?,Polish
466,squad2.0,Computer,What was the nickname of the Manchester Small-Scale Experimental Machine?,Baby
467,squad2.0,Computer,When was the Colossus sent to Bletchley Park?,18 January 1944
468,squad2.0,Computer,What is one of the first electromechanical relay computers?,The Z2
469,squad2.0,Computer,What type of software is stored in a BIOS chip?,BIOS set up
470,squad2.0,Computer,Where was the Roman abacus first used?,Babylonia
471,squad2.0,Black_people,"What percentage of the population was ""Black African""?",0.8%
472,squad2.0,Black_people,What year was Gilbert awarded for his efforts?,1978
473,squad2.0,Black_people,How much identified as mixed race?,40%
474,squad2.0,Black_people,"In the United States the term ""black people"" is an indicator for?","socially based racial classification related to being African American,"
475,squad2.0,Black_people,"How much of the population of Salvador, Bahia is black or mixed race?",80%
476,squad2.0,The_Times,What kind of demands were causing ruin to The Times in 1979?,union demands
477,squad2.0,The_Times,What year did The Times of India start?,1838
478,squad2.0,The_Times,The Times used contributions from significant figures to build what?,reputation
479,squad2.0,The_Times,Which The Times editor was closely allied with the government who practised German appeasement?,Geoffrey Dawson
480,squad2.0,The_Times,What is the name of the The Times founder's grandson who succeeded his father as editor?,John Walter
481,squad2.0,New_Delhi,What is the literacy rate of New Delhi according to the 2011 census?,89.38%
482,squad2.0,New_Delhi,In which fiscal year was the GSDP of Delhi estimated at Rs 3.13 lakh crore?,2011-12
483,squad2.0,New_Delhi,The regional office of the World Bank in India is located in what city?,New Delhi
484,squad2.0,New_Delhi,What is New Delhi's rank in Mercer's 2015 quality of living survey?,154
485,squad2.0,New_Delhi,What are the two terms colloquially used to refer to the jurisdiction of NCT of Delhi?,Delhi and New Delhi
486,squad2.0,Bird_migration,Until what year did the belief of hibernating birds persist?,1878
487,squad2.0,Bird_migration,How many times did Bohemian waxwings come to Britain between 1937 and 200?,18
488,squad2.0,Bird_migration,How much of the bar-tailed godwits bodyweight is stored as fat before migration?,55 percent
489,squad2.0,Bird_migration,Where do the European pied flycatcher breed?,Asia and Europe
490,squad2.0,Bird_migration,Where is the neural connection that is active during migration located?,"between the eye and ""Cluster N"""
491,squad2.0,"Atlantic_City,_New_Jersey",What was the name of the poorest performing casino in the city that ultimately closed in 2014?,Trump Plaza
492,squad2.0,"Atlantic_City,_New_Jersey",By what years were many of the great hotels suffering from high vacancy rates?,the late 1960s
493,squad2.0,"Atlantic_City,_New_Jersey",Who said that the state would consider a referendum to end the monopoly that Atlantic City holds on casino gambling?,Governor Christie
494,squad2.0,"Atlantic_City,_New_Jersey",What percentage of the population was below the poverty line?,25.3%
495,squad2.0,"Atlantic_City,_New_Jersey",What is the daily average temperature in July?,75.6 °F
496,squad2.0,Immunology,Which two fields of study are associated with immunology?,epidemiology and medicine
497,squad2.0,Immunology,Antigen cells in newborns are also struggle to do this?,activate T cells
498,squad2.0,Immunology,The biggest part of an immunologist's job is what?,research
499,squad2.0,Immunology,Humoral immunology involves the interaction of what two elements?,antibodies and antigens
500,squad2.0,Immunology,These three elements of the body are of new interest for what reason?,not previously associated with the immune system
501,squad2.0,MP3,Who was the physicist to report that a tone could be rendered inaudible.,Alfred M. Mayer
502,squad2.0,MP3,What is the most recently introduced standard for tag formatting?,APEv2
503,squad2.0,MP3,What is the common name for MPEG-2 Audio Layer III?,MP3
504,squad2.0,MP3,The continuous back and forth regarding the decisions on patents was referred to as what?,bringing the Patent Wild West to Germany
505,squad2.0,MP3,How much money was awarded to Alcatel by a San Diego jury?,US $1.52 billion
506,squad2.0,House_music,Daft Punk began producing a new sound out of what european city?,Paris
507,squad2.0,House_music,Roule and Om was at the forefront of what type of house music?,vocal house
508,squad2.0,House_music,where did house music gain popularity in the middle east?,Dubai & Abu Dhabi
509,squad2.0,House_music,The Shambhala Music Festival was dedicated to what? ,house music
510,squad2.0,House_music,"what was a new subgenre of house in chicago, developed by bad boy bill and others, called?",Chicago hard house
511,squad2.0,Letter_case,Which year is the earliest dated Greek lower-case text?,835
512,squad2.0,Letter_case,Originally alphabets were written entirely in which type of letter?,majuscule
513,squad2.0,Letter_case,What is a common advantage of miniscule over majuscule handwriting?,faster readability
514,squad2.0,Letter_case,What is the basis of capitalization standards for the sentence-style capitalization?,sentences
515,squad2.0,Letter_case,Whicy papyrologist theorized lowercase letter actually developed from the fifth century uncials?,Knut Kleve
516,squad2.0,Chihuahua_(state),Climate in the state depends mainly on what?,elevation of the terrain
517,squad2.0,Chihuahua_(state),Orozco's army was called by what name?,Orozquistas
518,squad2.0,Chihuahua_(state),In which city is there a large number of undocumented immigrants?,Ciudad Juárez
519,squad2.0,Chihuahua_(state),During what years did the economic growth occur?,1876 to 1910
520,squad2.0,Chihuahua_(state),Who declared the state's civil and military forces should be combined during the campaign?,Simón Elías González
521,squad2.0,Imamah_(Shia_doctrine),What would believers do when they had a problem?,write their concerns and send them to his deputy
522,squad2.0,Imamah_(Shia_doctrine),How many books can this quote be found?,45
523,squad2.0,Imamah_(Shia_doctrine),What did the deputies collect in the Imam's behalf?,zakat and khums
524,squad2.0,Imamah_(Shia_doctrine),"Who do Muslims believe said ""To whomsoever I am Mawla, Ali is his Mawla?",Muhammad
525,squad2.0,Imamah_(Shia_doctrine),How did al-Mahdi maintain contact during his Occultation?,via deputies
526,squad2.0,Pitch_(music),Pitch perception  has inherent octave what?,ambiguities
527,squad2.0,Pitch_(music),What is the most common method of organization?,twelve-note chromatic scale
528,squad2.0,Pitch_(music),Pitch is a close proxy for what?,frequency
529,squad2.0,Pitch_(music),Which drum has a higher perceived pitch even though they both have indefinite pitch?,snare drum
530,squad2.0,Pitch_(music),The jnd is typically tested by?,playing two tones in quick succession
531,squad2.0,England_national_football_team,Where did the 1970 FIFA World Cup take place?,Mexico
532,squad2.0,England_national_football_team,What was the highest world ranking achieved by England under management by Sven-Göran Eriksson?,No.4
533,squad2.0,England_national_football_team,In which year did England win the FIFA World Cup for the first and only time?,1966
534,squad2.0,England_national_football_team,In which three years did England fail to qualify for the World Cup?,"1974, 1978 and 1994"
535,squad2.0,England_national_football_team,In which five years did England fail to qualify for the UEFA European Championship?,"1964, 1972, 1976, 1984, and 2008"
536,squad2.0,Houston,When did the U.S. Department of Transportation name IAH as fastest growing of U.S. airports?,2006
537,squad2.0,Houston,"Until 2010, which airline made Houston its headquarters?",Continental Airlines
538,squad2.0,Houston,"According to the 2000 census, what is the population of Houston?","1,953,631"
539,squad2.0,Houston,Who owns the Houston Chronicle?,Hearst Corporation
540,squad2.0,Houston,Where were Augustus Chapman Allen and John Kirby Allen from?,New York
541,squad2.0,Copper,During the 6th through 3rd centuries BC how much copper was mined in Rome?,"15,000 t"
542,squad2.0,Copper,How much copper is estimated to exsist on earth?,1014 tons
543,squad2.0,Copper,What does the acronym NEMA stand for?,National Electrical Manufacturers Association
544,squad2.0,Copper,When did Britain first use brass?,3rd–2nd century BC
545,squad2.0,Copper,The energy difference between filled 3d and half-empty 4s atomic shells corresponds to what color of light?,orange light
546,squad2.0,Identity_(social_science),In what classification is a person who gives up the chance for a true self and adopts social perceptions of him or herself?,The pastiche personality
547,squad2.0,Identity_(social_science),What do markers help create?,boundaries
548,squad2.0,Identity_(social_science),Distinction between in and out groups has been shown to affect people's evaluations of others in work related to what?,social identity theory
549,squad2.0,Identity_(social_science),What is it impossible to do with identity?,define it empirically
550,squad2.0,Identity_(social_science),What is the permutation when a person has not chosen goals in the past but is willing to in the future?,identity foreclosure
551,squad2.0,Himachal_Pradesh,Who rendered help to the British government during the revolt?,"rulers of Chamba, Bilaspur, Bhagal and Dhami"
552,squad2.0,Himachal_Pradesh,When did the BJP secure a landslide victory?,December 2007
553,squad2.0,Himachal_Pradesh,Who conquered Kangara?,Mahmud Ghaznavi
554,squad2.0,Himachal_Pradesh,Who is the head of state appointed by the President of India?,The Governor
555,squad2.0,Himachal_Pradesh,How long does summer last?,mid-April till the end of June
556,squad2.0,Communication,What ancient civilization did Harold Innis use as an example of his theory?,Egypt
557,squad2.0,Communication,How do plants communicate to warn nearby plants of danger?,via volatiles
558,squad2.0,Communication,What is one dimension that communication is typically described along?,channel (through which medium)
559,squad2.0,Communication,What is something that may cause the reception and decoding of the content of a message to be faulty?,communication noise
560,squad2.0,Communication,Why do fungi communicate?,to coordinate and organize their growth and development
561,squad2.0,Grape,What types of grapes are commonly used to make white grape juice?,Niagara grapes
562,squad2.0,Grape,Who in the Bible first grew grapes on their farm?,Noah
563,squad2.0,Grape,Why causes antioxidant strength to be higher in purple grapes?,anthocyanins
564,squad2.0,Grape,What is the laboratory index of antioxidant strength in grapes known as? ,Total phenolic content
565,squad2.0,Grape,What is the main phenolic in white grapes?,flavan-3-ols
566,squad2.0,Computer_security,What must designers of systems that are ACL based do?,take responsibility to ensure that they do not introduce flaws
567,squad2.0,Computer_security,"In cars with built-in voice recognition features, what can the onboard microphones be used for?",eavesdropping
568,squad2.0,Computer_security,Who was the first computer worm traced back to?,"Robert Tappan Morris, Jr."
569,squad2.0,Computer_security,An unauthorized user with physical access to a computer can likely do what?,directly download data from it
570,squad2.0,Computer_security,Who has used programs such as Carnivore and NarusInsight to eavesdrop on the systems of internet service providers?,the FBI and NSA
571,squad2.0,Orthodox_Judaism,what did the German Jewry reject about the Torah?,absolute divine authorship
572,squad2.0,Orthodox_Judaism,What is a Torah study institute for married men called?,kollel
573,squad2.0,Orthodox_Judaism,How many rabbi's signed on with the manifesto Jacob Ettlinger published?,177
574,squad2.0,Orthodox_Judaism,Where is the most rapidly growing community of American orthodox jews located?,Rockland County
575,squad2.0,Orthodox_Judaism,Where was Rabbi Azriel Hildesheimer from?,Berlin
576,squad2.0,Animal,What are the Ctenophora and the Cnidaria animals sometimes called?,diploblastic
577,squad2.0,Animal,The biological definition of the word animal refers to all member of what kingdom?,Animalia
578,squad2.0,Animal,What type of cells do all animals have?,eukaryotic
579,squad2.0,Animal,Triploblastic worms were comparable in size to what other creatures?,earthworms
580,squad2.0,Animal,Animal phyla that are recognized for their lack of bilateral symmetry are thought to have come from where?,other animals early in evolution
581,squad2.0,Beer,What is beers primary active ingredient?,alcohol
582,squad2.0,Beer,What city is home to the oldest known brewery in the world that is still active?,Freising
583,squad2.0,Beer,What company acquired the Anheuser-Busch brewing Company in 2008?,InBev
584,squad2.0,Beer,What does boiling sweet wort destroy?,enzymes
585,squad2.0,Beer,What hormone can be triggered by the flavor of beer alone in males?,dopamine
586,squad2.0,Race_and_ethnicity_in_the_United_States_Census,What race selection did the census bureau consider getting rid of before the 2000 census?,Some other race
587,squad2.0,Race_and_ethnicity_in_the_United_States_Census,How did racial categories appear in the US 2000 census?,race/ethnicity
588,squad2.0,Race_and_ethnicity_in_the_United_States_Census,How were residents listed in the census in 1890?,individually
589,squad2.0,Race_and_ethnicity_in_the_United_States_Census,How often was a new questionnaire sheet used in the 1890 census?,for each family
590,squad2.0,Race_and_ethnicity_in_the_United_States_Census,People of what descent were classified as white by the federal government at the suggestion of President Roosevelt?,Mexican
591,squad2.0,United_States_dollar,"Other than the British Virgin Islands, what other area in the Caribbean uses the dollar as it's sole currency?",Turks and Caicos islands
592,squad2.0,United_States_dollar,Which year brought the end to silver being in dimes and quarters?,1964
593,squad2.0,United_States_dollar,"What is a ""C-note"" a reference to?",the Roman numeral for 100
594,squad2.0,United_States_dollar,"What is the official version of ""In God We Trust"" printed on the coins? ",E Pluribus Unum
595,squad2.0,United_States_dollar,How much monetary value does a dime hold?,one-tenth of a dollar
596,squad2.0,Imperial_College_London,Who did not know about the potential revenue that the programme could have raised initially?,the public
597,squad2.0,Imperial_College_London,How much income was generated from research grants and contracts for 2013?,£329.5 million
598,squad2.0,Imperial_College_London,How many views did Grimm's last email get in the first four days after it was posted?,"more than 100,000"
599,squad2.0,Imperial_College_London,What did the REF give Imperial as an overall GPA?,3.36
600,squad2.0,Imperial_College_London,How long is the tenure for an officer to run the union?,one year
601,squad2.0,Hanover,How many concentration camps were constructed in Hanover?,seven
602,squad2.0,Hanover,Which campaign specifically was Hanover a target for in World War II?,Oil Campaign
603,squad2.0,Hanover,What is the name of the area inside the Berggarten that hosts one of the world's biggest collection of orchids?,Orchid House
604,squad2.0,Hanover,What destroyed the palace?,Allied bombing
605,squad2.0,Hanover,What famous theatre is located in Georgs Palace?,GOP Variety theatre
606,squad2.0,Emotion,"According to the constructivists, what is an example of a learned meta-emotion?",Schadenfreude
607,squad2.0,Emotion,Who developed a comprehensive theory related to human emotional arousal?,Jonathan Turner
608,squad2.0,Emotion,"Along with class and race, what is regarded as an essential category of historical analysis?",gender
609,squad2.0,Emotion,When did Weiss and Cropanzano publish their work?,1996
610,squad2.0,Emotion,What chemicals may mediate emotions?,pheromones
611,squad2.0,Everton_F.C.,"What is the Premier League's ""Basic Award Fund"" for?",competing in the Premier League
612,squad2.0,Everton_F.C.,In what year was the Liverpool Football Club established?,1892
613,squad2.0,Everton_F.C.,Who donated land to Everton FC in 1882?,J. Cruitt
614,squad2.0,Everton_F.C.,Who organized the friendly match between the English and Chilean Everton football clubs in 2010?,The Ruleteros Society
615,squad2.0,Everton_F.C.,Which Everton manager won the most domestic and international trophies during his time?,Howard Kendall
616,squad2.0,Old_English,What king unified the Anglo-Saxon realms in England?,Alfred the Great
617,squad2.0,Old_English,"Along with eastern England, what part of England contains many place names of Scandinavian origin?",northern
618,squad2.0,Old_English,What is another name for Ingvaeonic?,North Sea Germanic
619,squad2.0,Old_English,What language had the greatest influence on English?,Old Norse
620,squad2.0,Old_English,What type of literary work is Beowulf?,an epic poem
621,squad2.0,Aircraft_carrier,Which feature of the new ships will replace the old steam catapults?,Electromagnetic Aircraft Launch System (EMALS)
622,squad2.0,Aircraft_carrier,Which ship was originally known as being the capital ship of the fleet?,the battleship
623,squad2.0,Aircraft_carrier,What capability do helicopters use to move over the flight deck and land vertically?,hover
624,squad2.0,Aircraft_carrier,When is the USS Enterprise scheduled to be decommissioned?,2016
625,squad2.0,Aircraft_carrier,What is the handler responsible for?,the movement of aircraft before launching and after recovery
626,squad2.0,Federal_Aviation_Administration,What was now favored instead of training and experince at flight schools?,personality test
627,squad2.0,Federal_Aviation_Administration,What helped ATC controllers in their drive ot keep ahead of the postwar boom in commercial air transportation?,radar
628,squad2.0,Federal_Aviation_Administration,A heavy penalty for violating FAA reulations could said to be do what?,impact their ability to continue operating
629,squad2.0,Federal_Aviation_Administration,Who would the FAA administrator report to?,Secretary of Transportation
630,squad2.0,Federal_Aviation_Administration,What did the federal-aid airport program aim to help develop?,civil airports
631,squad2.0,Lancashire,Where were Herman's Hermints and the Hollies from?,Manchester
632,squad2.0,Lancashire,Where was pop star Frankie Vaughan from?,Liverpool
633,squad2.0,Lancashire,What did the southern part of Lancashire turn into?,Merseyside and Greater Manchester
634,squad2.0,Lancashire,How many miles of land did Lancashire lose to other countries?,709
635,squad2.0,Lancashire,What is the area served by the Lord-Lieutenant called now?,ceremonial county
636,squad2.0,Mesozoic,When did the Mesozoic end?,Cretaceous–Paleogene extinction
637,squad2.0,Mesozoic,What types of species are thought to still have been dominate until after the extinction?,cycad and ferns
638,squad2.0,Mesozoic,Rising seas and displaced waters caused what  element along the coasts?,flooded coastal areas
639,squad2.0,Mesozoic,What is the span of the Early Cretaceous?,145 million to 100 million years
640,squad2.0,Mesozoic,What dinosaur spread to every continent?,Iguanodon
641,squad2.0,Videoconferencing,How does video-conferencing allow multiple parties to communicate with each other?,web-based applications
642,squad2.0,Videoconferencing,What does a video-conference use that allows communication in live situations?,a multipoint control unit
643,squad2.0,Videoconferencing,What is the software that performs audio and/or video compression?,a codec (coder/decoder)
644,squad2.0,Videoconferencing,What technology has become more widely available and affordable?,High speed Internet connectivity
645,squad2.0,Videoconferencing,What are videoconferencing calls now more commonly known as?,a video link
646,squad2.0,Gregorian_calendar,What difference in dating caused the use of double-dating documents?,different beginnings of the year
647,squad2.0,Gregorian_calendar,On what day did both the Julian and Gregorian calendars add leap day?,24 February
648,squad2.0,Gregorian_calendar,In the Julian calendar when is the start of the new year?,1 January
649,squad2.0,Gregorian_calendar,Why is calculating the days of the Gregorian calendar not simple?,irregularities
650,squad2.0,Gregorian_calendar,What was the date of adoption for the calendar?,"Friday, 15 October 1582"
651,squad2.0,Xbox_360,What is the name of the 360's motion sensing camera peripheral?,the Kinect
652,squad2.0,Xbox_360,The 360 Pro's original storage was replaced by a hard drive of what size in 2008?,60 GB
653,squad2.0,Xbox_360,The tabs on the user interface were called what?,Blades
654,squad2.0,Xbox_360,How many tabs were on the 360 dashboard interface?,five
655,squad2.0,Xbox_360,"According to PC Magazine, the 360 created the prototype for what?",online gaming
656,squad2.0,Military_history_of_the_United_States,How did the war effect both sides?,"the material and personnel of the South were used up, while the North prospered"
657,squad2.0,Military_history_of_the_United_States,How long did the US and its coalition partners have to occupy Iraq?,9 years
658,squad2.0,Military_history_of_the_United_States,Who ordered the cease-fire that effectively ended hostilities?,US President George H. W. Bush
659,squad2.0,Military_history_of_the_United_States,"When World War I started, what was the official US position?",neutral
660,squad2.0,Military_history_of_the_United_States,When was the Battle of Wabash fought?,1791
661,squad2.0,Hard_rock,Black Sabbath's lyrics contained references to what cultural touchstones?,occult and elements of Gothic horror
662,squad2.0,Hard_rock,"When did the Rolling Stones release ""(I Can't Get No"" Satisfaction""?",1965
663,squad2.0,Hard_rock,Who were three Chicago blues players who influenced hard rock?,"Elmore James, Muddy Waters, and Howlin' Wolf"
664,squad2.0,Hard_rock,What was the title of Aerosmith's 1987 comeback album?,Permanent Vacation
665,squad2.0,Hard_rock,Slash left Guns N Roses in what year?,1996
666,squad2.0,Great_Plains,who two new technologies were introducted in the 1930s?,sewing and washing machines
667,squad2.0,Great_Plains,how long did the person have to live on the land?,five years
668,squad2.0,Great_Plains,who brought the term great plains into widespread usage?,Nevin Fenneman's
669,squad2.0,Great_Plains,who did the railroads sell cheap lands to?,immigrants
670,squad2.0,Great_Plains,"how much prarie land does the ""Buffalo Commons"" want to return?","139,000 square miles"
671,squad2.0,Infrared,What irradiates clouds of gas in the galaxy and makes them glow?,imbedded stars
672,squad2.0,Infrared,"Along with industrial and medical, in what applications is infrared radiation used?",scientific
673,squad2.0,Infrared,"To somewhat avoid the water vapor in the atmosphere, where can an observatory be sited?",at a high altitude
674,squad2.0,Infrared,What does IR stand for?,infrared
675,squad2.0,Infrared,"Along with the emission peaks and vs. bands mechanisms, what other physical mechanism is used to define near-infrared?",water absorption
676,squad2.0,Biodiversity,What is the goal of protecting National Parks from damage?,with the objective of biodiversity and landscape conservation
677,squad2.0,Biodiversity,What percentage of worldwide drugs are derived from nature?,about 80%
678,squad2.0,Biodiversity,What popularized the use of conventional hybridization to increase yield?,the Green Revolution
679,squad2.0,Biodiversity,What funding organization uses the IUCN's Classification of Direct Threats?,the World Wildlife Fund
680,squad2.0,Biodiversity,What type of life is more enviromentally diverse than multicellular life?,microbial life
681,squad2.0,ASCII,How many graphic symbols were used before ASCII?,11 to 25 special graphic symbols
682,squad2.0,ASCII,What was the code first called in Europe?,Bemer-Ross Code
683,squad2.0,ASCII,What did Digital Equipment Corporation develop?,Multinational Character Set (DEC-MCS)
684,squad2.0,ASCII,Why did the committee debate adding a shift function?,would allow more than 64 codes to be represented by a six-bit code
685,squad2.0,ASCII,How many characters are printable characters? ,95 printable characters
686,squad2.0,Digestion,What happens in a chennel transupport system? ,several proteins form a contiguous channel traversing the inner and outer membranes of the bacteria
687,squad2.0,Digestion,What is chemical digestion?,enzymes break down food into the small molecules the body can use
688,squad2.0,Digestion,What does this secretion system transport?,"various molecules, from ions, drugs, to proteins of various sizes"
689,squad2.0,Digestion,What are teeth made out of?,"enamel, dentine and cementum"
690,squad2.0,Digestion,Over head charges influence what?,"lifestyle, behavior, and even physical structures"
691,squad2.0,Gymnastics,How long is the rope?,Its length is in proportion to the size of the gymnast
692,squad2.0,Gymnastics,What was the first Sport Program recongized by FIG?,Gymnastics for All
693,squad2.0,Gymnastics,What does a higher flight phase result in?,a higher vertical ground reaction force
694,squad2.0,Gymnastics,What are later added to the landing by advanced gymnasts?,multiple twists and somersaults
695,squad2.0,Gymnastics,Single leg skills are found in the form of what normally?,"form of scissors, an element often done on the pommels"
696,squad2.0,FC_Barcelona,How did the Catalans show their identity during the dictatorships?,joining Barça
697,squad2.0,FC_Barcelona,Where did Barcelona defeat Real Madrid for a trophy win in 2005-06?,Santiago Bernabéu Stadium
698,squad2.0,FC_Barcelona,What team has won the treble competitions  twice?,Barcelona
699,squad2.0,FC_Barcelona,How long was the stadium closed?,six months
700,squad2.0,FC_Barcelona,What event in February did Barcelona qualify for for the sixth time?,Copa del Rey final
701,squad2.0,Federal_Bureau_of_Investigation,What organization in the US government investigates the largest array of crimes?,ICE-HSI
702,squad2.0,Federal_Bureau_of_Investigation,Who tipped of Bulger?,his former FBI handler
703,squad2.0,Federal_Bureau_of_Investigation,"What compiles data from around 17,000 law enforcement agencies?",The Uniform Crime Reports
704,squad2.0,Federal_Bureau_of_Investigation,How as Griffith's wikipedia scanner viewed by wikipedia?,positively
705,squad2.0,Federal_Bureau_of_Investigation,Who serves as the representative of the Director of National Intelligence?,senior-level FBI officer
706,squad2.0,Mary_(mother_of_Jesus),Which pope authored Munifentissimus Deus?,Pope Pius XII
707,squad2.0,Mary_(mother_of_Jesus),Which ancient empire is thought to have started the tradition of portraying Mary in paintings using the color blue?,Byzantine Empire
708,squad2.0,Mary_(mother_of_Jesus),What are the sources of beliefs about Mary held by Methodists?,Scripture and the ecumenical Creeds
709,squad2.0,Mary_(mother_of_Jesus),"In the liturgical sequences of the Eastern Church, who is placed next in prominence after Christ?",the Theotokos
710,squad2.0,Mary_(mother_of_Jesus),Which pope was responsible for the dogmatization of the Immaculate Conception?,Pope Pius IX
711,squad2.0,Melbourne,What have Postcode 3000 and Melbourne 2030 aimed to do?,curtail urban sprawl
712,squad2.0,Melbourne,The widening of what street helped to change the face of Melbourne into a car-dominated environment?,Hoddle Street
713,squad2.0,Melbourne,Which Melbourne rail station was the world's busiest passenger station in 1926?,Flinders Street Station
714,squad2.0,Melbourne,Who designed the A.C. Goode House?,"Wright, Reed & Beaver"
715,squad2.0,Melbourne,Which two of the big four banks are headquartered in Melbourne?,NAB and ANZ
716,squad2.0,"John,_King_of_England",When did John retake Rochester Castle?,November
717,squad2.0,"John,_King_of_England",When was Isabel released from imprisonment?,1214
718,squad2.0,"John,_King_of_England",Who convinced Richard to allow John to join into England?,Eleanor
719,squad2.0,"John,_King_of_England",John focused on trying to retake what?,Normandy
720,squad2.0,"John,_King_of_England",Where did Walter of Coutances return to?,England
721,squad2.0,Macintosh,"When Microsfot Windows 3.0 was released, what was it commonly said to not be as good as?",Macintosh
722,squad2.0,Macintosh,What Macintosh first included an on-board MMU?,the Macintosh IIx
723,squad2.0,Macintosh,What did Claris rename the Informix Wingz spreadsheet program?,Claris Resolve
724,squad2.0,Macintosh,"Who became the top PC manufacturer in 1994, leaving Apple in 3rd place?",Compaq
725,squad2.0,Macintosh,What are the top-selling form factors of the Mac platform today?,MacBooks
726,squad2.0,Anti-aircraft_warfare,What does SPAAG stand for?,self-propelled anti-aircraft guns
727,squad2.0,Anti-aircraft_warfare,Different things could affect what with the shell?,predicted trajectory
728,squad2.0,Anti-aircraft_warfare,"As of 1910, who had published info available for gun designs?","Krupp, Erhardt, Vickers Maxim, and Schneider"
729,squad2.0,Anti-aircraft_warfare,High altitude needs in Germany were going to be handled by what?,a 75 mm gun from Krupp
730,squad2.0,Anti-aircraft_warfare,What does MANPADS mean?,Man-Portable Air Defence Systems
731,squad2.0,Sanskrit,Where is the newspaper Sudharma published?,"Mysore, India"
732,squad2.0,Sanskrit,In what year was the daily newspaper Sudharma first published?,1970
733,squad2.0,Sanskrit,Where is Sanskrit usually found?,India
734,squad2.0,Sanskrit,Who has said the Sanskrit is dead?,Sheldon Pollock
735,squad2.0,Sanskrit,What are prakritisms?,borrowings from common speech
736,squad2.0,Valencia,What caused the nobility to leave Valencia?,plague
737,squad2.0,Valencia,What is the main type of employment in Valencia?,service sector occupations
738,squad2.0,Valencia,Where did Valencia rank in size among Spanish cities in the 1900s?,third
739,squad2.0,Valencia,Whom did the comuneros rebel against?,Charles
740,squad2.0,Valencia,Valencia has the largest port on which coast?,Mediterranean western coast
741,squad2.0,General_Electric,"In what year was the slogan ""We Bring Good Things to Life"" first used?",1979
742,squad2.0,General_Electric,"Which company was GE's partner in the Short Fils, Big Ideas project?",cinelan
743,squad2.0,General_Electric,"Who composed GE's slogan ""Imagination at work?""?",David Lucas
744,squad2.0,General_Electric,Which television broadcast company is located in the same building as GE's main offices in New York City?,NBC
745,squad2.0,General_Electric,Who led the Thomson-Houston Electric Company when GE was formed?,Charles Coffin
746,squad2.0,United_States_Army,What state did not contribute any troops to the Union Army?,South Carolina
747,squad2.0,United_States_Army,Where are the Armor School and the Infantry School both located?,"Fort Benning, Georgia"
748,squad2.0,United_States_Army,In what year did the Korean war end?,1953
749,squad2.0,United_States_Army,"What is the month, day and year of ""D-Day""?","June 6, 1944"
750,squad2.0,United_States_Army,Where is the Joint Readiness Training Center located?,"Fort Polk, Louisiana"
751,squad2.0,Franco-Prussian_War,The officers of the General Staff were hand-selected from which place?,Prussian Kriegsakademie (War Academy)
752,squad2.0,Franco-Prussian_War,A blockade of what coastline was ordered by the French government at the start of the war?,North German coasts
753,squad2.0,Franco-Prussian_War,The effect of German victory and ensuing influence stems back to what factor?,pre-war preparations
754,squad2.0,Franco-Prussian_War,What was the name of the famous cannon issued to Prussian soldiers at the time?,Krupp
755,squad2.0,Franco-Prussian_War,Bismarck desired an early piece but lacked what in the negotiation process?,a legitimate French authority
756,squad2.0,Adolescence,"Elevation of the breasts, development of pubic hair, and elevation of the nippes are examples of what type of changes?",Changes in secondary sex characteristics
757,squad2.0,Adolescence,What are the three general approaches to understanding identity development?,"self-concept, sense of identity, and self-esteem"
758,squad2.0,Adolescence,How is adolescence defined cognitively?,changes in the ability to think abstractly and multi-dimensionally
759,squad2.0,Adolescence,The active seeking of new ideas rather than the unquestioning acceptance of adult authority is known as what stage of development?,Adolescence
760,squad2.0,Adolescence,"Which researchers conducted a 2009 study that concerned adolescents, their parents, and secondary education completion?",Adalbjarnardottir and Blondal
761,squad2.0,Antarctica,What type of penalty can importing plants and animals into Antarctica bring?,criminal
762,squad2.0,Antarctica,What lake is thought to contain microbial life?,Lake Vostok
763,squad2.0,Antarctica,How many species of fungi have been found on Antarctica?,1150
764,squad2.0,Antarctica,What is the size of Antarctica?,"14,000,000 square kilometres"
765,squad2.0,Antarctica,How much of Earth's ice is in Antarctica?,90%
766,squad2.0,Eritrea,What is the name of the multi-stage international cycling event held throughout Eritrea?,Tour of Eritrea
767,squad2.0,Eritrea,Which kingdoms did Aksum regularly enter the politics of?,on the Arabian peninsula
768,squad2.0,Eritrea,"As of 2002, how many births were attended by skilled health personnel in Eriterea?",28.3%
769,squad2.0,Eritrea,What is the result of the incorporation of independent kingdoms and sultanates?,modern-day Eritrea
770,squad2.0,Eritrea,What was the Eritrean life expectancy at birth in 1960?,39.1
771,squad2.0,Uranium,In what year did the cost of uranium notably begin to increase?,2001
772,squad2.0,Uranium,What percentage of world uranium oxide production is produced by Argentina?,2.1%
773,squad2.0,Uranium,In what county was the Oklo mine located?,Gabon
774,squad2.0,Uranium,In what city was uranium discovered?,Berlin
775,squad2.0,Uranium,"Along with potassium-40 and uranium, the decay of what element is a primary heat source driving plate tectonics?",thorium
776,squad2.0,Order_of_the_British_Empire,Who established the chivalry of british constiutional monarchy?,King George V
777,squad2.0,Order_of_the_British_Empire,What grade was determined?,"same criteria as usual, and not by the level of gallantry"
778,squad2.0,Order_of_the_British_Empire,Who established a national system of honours and awards?,"Order of Australia, the Order of Canada, and the New Zealand Order of Merit"
779,squad2.0,Order_of_the_British_Empire,How were the appointments to the Order of the British Empire made?,"nomination of the self-governing Dominions of the Empire, the Viceroy of India, and the colonial governors"
780,squad2.0,Order_of_the_British_Empire,How many Knights and Dames Commander?,845
781,squad2.0,Circadian_rhythm,What is the time of lowest temperature for evening type young adults?,06:00
782,squad2.0,Circadian_rhythm,What is the term for the independent clocks?,peripheral oscillators
783,squad2.0,Circadian_rhythm,How are sleep and wake cycles as well as body functions coordinated?,biological clock
784,squad2.0,Circadian_rhythm,What was the previous belief of feedback in the gene loop?,negative feedback loop
785,squad2.0,Circadian_rhythm,Who showed the animals could maintain activity in the absence of light and temperature changes?,J.S. Szymanski
786,squad2.0,Elizabeth_II,What did Elizabeth's mother later say that Philip was?,"""an English gentleman"""
787,squad2.0,Elizabeth_II,How many years has Elizabeth been Queen?,60 years
788,squad2.0,Elizabeth_II,When was Elizabeth's Silver Jubilee?,1977
789,squad2.0,Elizabeth_II,When was the second address to the UN by Elizabeth?,2010
790,squad2.0,Elizabeth_II,When did Elizabeth make her first radio broadcast?,1940
791,squad2.0,Sexual_orientation,Did mens arousal relate to the sexual interests?,", their arousal patterns being in line with their specific sexual interest (women for heterosexual men and men for homosexual men)."
792,squad2.0,Sexual_orientation,Which philosopher argued homosexuality did not exist as an idenity in the eighteenth century?,Michel Foucault
793,squad2.0,Sexual_orientation,Where are the meanings of words negotiated?,mass media
794,squad2.0,Sexual_orientation,"What are sexual attraction. behavior, and idenity components of?",sexual orientation
795,squad2.0,Sexual_orientation,What have scientists started spending the most time on?,measuring changes in brain activity related to sexual arousal
796,squad2.0,Dell,What was the original valuation of the merger?,$67bn
797,squad2.0,Dell,The release of what electronic had a negative impact on Dell?,iPad
798,squad2.0,Dell,How many PCs does Dell employ energy management software on?,"50,000"
799,squad2.0,Dell,What company did Dell acquire in 2009?,Perot Systems
800,squad2.0,Dell,How much did Taiwan fine Dell for its practices?,NT$1 million
801,squad2.0,Capital_punishment_in_the_United_States,"Along with anti-death penalty advocacy, why has there been a shortage in drugs for lethal injections in the United States?",low production volume
802,squad2.0,Capital_punishment_in_the_United_States,"According to Thompson v. Oklahoma, what was the youngest age at which a person might be executed?",Sixteen
803,squad2.0,Capital_punishment_in_the_United_States,What percentage of the American population is Hispanic?,17.4%
804,squad2.0,Capital_punishment_in_the_United_States,On what date did the largest mass execution in American history take place?,"December 26, 1862"
805,squad2.0,Capital_punishment_in_the_United_States,What court heard the case Penry v. Lynaugh?,United States Supreme Court
806,squad2.0,Age_of_Enlightenment,What was the title of the first scientific and literary journal?,the Parisian Journal des Sçavans
807,squad2.0,Age_of_Enlightenment,In what year was Charles Burney's A General History of Music: From the Earliest Ages to the Present Period published?,1776
808,squad2.0,Age_of_Enlightenment,Were bruits or newspapers allegedly a better source of information?,bruits
809,squad2.0,Age_of_Enlightenment,"Which university, especially, produced professors whose ideas had a significant impact on the colonies?",Edinburgh
810,squad2.0,Age_of_Enlightenment,During which movement were the first scientific and literary journals established?,the Enlightenment
811,squad2.0,Nintendo_Entertainment_System,What's the name of the feature on the front of the front of the NES test device?,Game Pak slot
812,squad2.0,Nintendo_Entertainment_System,How were the special controllers connected to the NES?,control ports on the front
813,squad2.0,Nintendo_Entertainment_System,How many kb of Video RAM did the PPU have?,2
814,squad2.0,Nintendo_Entertainment_System,What was printed on all licensed games and accessories by Nintendo?,seal of quality
815,squad2.0,Nintendo_Entertainment_System,What material were the connector springs made of?,nickel
816,squad2.0,Athanasius_of_Alexandria,What did the orthodox leaders believe?,the Nicene
817,squad2.0,Athanasius_of_Alexandria,What was the outcome of the Council of Milan?,a fourth condemnation of Athanasius
818,squad2.0,Athanasius_of_Alexandria,How long did his episcopate last?,45 years
819,squad2.0,Athanasius_of_Alexandria,What famous event happened in 303?,Maximian persecution
820,squad2.0,Athanasius_of_Alexandria,What was the verdict at the Council of Sardica?,his innocence reaffirmed
821,squad2.0,Seattle,What type of rain fall does Seattle most often experience?,light precipitation
822,squad2.0,Seattle,When is the tunnel now expected to be finished?,2017
823,squad2.0,Seattle,What is August's usual temperature?,66.1 °F
824,squad2.0,Seattle,What was the name of the first art museum in Washington?,Henry Art Gallery
825,squad2.0,Seattle,Which huge internet seller is headquartered in Seattle?,Amazon.com
826,squad2.0,Memory,Can you pin point certain areas of the brain to certain memories. ,"it is not sufficient to describe memory, and its counterpart, learning, as solely dependent on specific brain regions"
827,squad2.0,Memory,"When fondly remembering your memory, which type of memory are you using?",Autobiographical memory
828,squad2.0,Memory,"When remembering your first day of school or first dance, which memory are you using?",Episodic memories
829,squad2.0,Memory,What is the second memory stage?,Storage
830,squad2.0,Memory,What is the Zeigarnik effect?,states that people remember uncompleted or interrupted tasks better than completed ones.
831,squad2.0,Multiracial_American,Are all muticultural Americans aware of their cultural heritage?,"While many Americans may be biologically multiracial, they often do not know it"
832,squad2.0,Multiracial_American,What has caused more people of mixed races to the US?,Diverse immigration
833,squad2.0,Multiracial_American,Who was Thomas Jefferson in a relationship with?,Sally Hemings
834,squad2.0,Multiracial_American,What were slaves usually not allowed to do?,learn to read and write
835,squad2.0,Multiracial_American,What factor affected the ability of a child to be in a tribe?,the kinship system of the woman's tribe
836,squad2.0,Ashkenazi_Jews,What year were the expulsions from England?,1290
837,squad2.0,Ashkenazi_Jews,"In the story told by mystic Rabbi Elijah of Chelm, one of the German's family members rescued Jews in Palestine and carried them back to where in order to repay a previous favor?",Worms
838,squad2.0,Ashkenazi_Jews,The historical record attests to Jewish communities in southern Europe since what time?,pre-Christian times
839,squad2.0,Ashkenazi_Jews,What is the Siddur?,prayer book
840,squad2.0,Ashkenazi_Jews,The findings related to the Y-chromosomes suggest that males ancestors of Ashkenazi Jews could be traced mostly to where?,the Middle East
841,squad2.0,Pharmaceutical_industry,Drug reps have been accused of giving what to health professionals?,'gifts' and biased information
842,squad2.0,Pharmaceutical_industry,Patients treated with Zocor had their cholesterol reduced by how much?,35%
843,squad2.0,Pharmaceutical_industry,Why was this drug pulled off shelves?,association with grave congenital abnormalities
844,squad2.0,Pharmaceutical_industry,In what year was epinephrine discovered?,1897
845,squad2.0,Pharmaceutical_industry,Where is the Institute of Experimental Therapy located?,Berlin
846,squad2.0,Umayyad_Caliphate,Who appointed the governors in the Umayyad empire?,khalifah
847,squad2.0,Umayyad_Caliphate,To what dynasty did Vikramaditya II belong?,Pratihara
848,squad2.0,Umayyad_Caliphate,What Umayyad ruler is regarded as especially just and pious by Sunni scholars?,Umar ibn Abd al-Aziz
849,squad2.0,Umayyad_Caliphate,"Along with Rhodes, what Byzantine possession did Muawiyah occupy?",Crete
850,squad2.0,Umayyad_Caliphate,What was the main city of Tokharistan?,Balkh
851,squad2.0,Asphalt,To what location is Selenizza bitumen native?,"Selenice, in Albania"
852,squad2.0,Asphalt,What major problem did bitumen as a pigment show itself to be?  ,unstable
853,squad2.0,Asphalt,What language originated the word bitumen?,Sanskrit
854,squad2.0,Asphalt,How is asphalt used in the construction industry?,waterproofing
855,squad2.0,Asphalt,"When mixed wit clay, what is bitumen called?",asphaltum
856,squad2.0,Queen_Victoria,What helped to boost the rebublicians in 1870?,establishment of the Third French Republic
857,squad2.0,Queen_Victoria,Who did the Queen condemn in the Indian Rebellion?,both sides
858,squad2.0,Queen_Victoria,Victoria and her mother had differences over what system?,Kensington System
859,squad2.0,Queen_Victoria,Who did Victoria try to convince Disraeli  to act against during the Russo-Turkish war?,Russia
860,squad2.0,Queen_Victoria,What year did the Queen and Albert purchase Balmoral Castle?,1847
861,squad2.0,Freemasonry,Members of Craft Masonry are called what?,Freemasons or Masons
862,squad2.0,Freemasonry,Judges and police officers had to disclose their Freemason membership in what years in England?,from 1999 to 2009
863,squad2.0,Freemasonry,What happened when the UGLE was formed in 1813?,U.S.-based Lodges were stricken from their rolls
864,squad2.0,Freemasonry,What do Islamic anti-masonics link Freemasonry to?,al-Masih ad-Dajjal (the false Messiah
865,squad2.0,Freemasonry,When can Exclusive Jurisdiction be waived?,when the two over-lapping Grand Lodges are themselves in Amity and agree to share jurisdiction
866,squad2.0,Israel,What's home to 57% of the nation's population?,Israeli Coastal Plain
867,squad2.0,Israel,When was the King David Hotel bombing?,1946
868,squad2.0,Israel,Who provided incentives for Israelis to settle in the occupied West Bank?,Begin's government
869,squad2.0,Israel,What is the oldest university in Israel?,Technion
870,squad2.0,Israel,What became a symbol of the Zionist reconstruction?,Hora circle dance
871,squad2.0,Hellenistic_period,Who was the Father of Geomtery?,Eratosthenes
872,squad2.0,Hellenistic_period,A long lived cult in Erythrae worshiped which dead leader?,Alexander
873,squad2.0,Hellenistic_period,When was the Aetolian League formed?,370 BCE
874,squad2.0,Hellenistic_period,What league freed Corinth?,Achean
875,squad2.0,Hellenistic_period,"Which ruler had the last, best chance of uniting Greece?",Philip V
876,squad2.0,Bill_%26_Melinda_Gates_Foundation,What has the grant enabled ,this foundation helps move public libraries into the digital age.
877,squad2.0,Bill_%26_Melinda_Gates_Foundation,What is need in the developing world ,Improved sanitation in the developing world is a global need
878,squad2.0,Bill_%26_Melinda_Gates_Foundation,What are several of the gates backed policies ,"Several Gates-backed policies such as small schools, charter schools, and increasing class sizes"
879,squad2.0,Bill_%26_Melinda_Gates_Foundation,One way to increase college graduation by the foundation is ,One of the ways the foundation has sought to increase the number of college graduates is to get them through college faster
880,squad2.0,Bill_%26_Melinda_Gates_Foundation,Have the policies been criticized ,but some studies indicate they have not improved educational outcomes and may have caused harm
881,squad2.0,Montevideo,What year was the Telecommunications Tower constructed?,(2000
882,squad2.0,Montevideo,Who represented Rivera's Colorados?,Colorado Party
883,squad2.0,Montevideo,When was the Montevideo Crandon Institute founded?,1879
884,squad2.0,Montevideo,What does the Bay of Montevideo form?,a natural harbour
885,squad2.0,Montevideo,What has traditionally been the strongest service export sectors in Uruguay?,Banking
886,squad2.0,Poultry,When were turkeys first used in a domestication setting?,Pre-Aztec tribes in south-central Mexico first domesticated the bird around 800 BC
887,squad2.0,Poultry,What is the average size of chickens used extensively for it's meat production raised in an intensive environment? ,carcass size (2 kg (4.4 lb))
888,squad2.0,Poultry,What variety is the most common the the United States and the U.K.,Pekin duck
889,squad2.0,Poultry,Aside from consumption how are Guinea fowl  useful to humans.,They will keep a vegetable garden clear of pests and will eat the ticks that carry Lyme disease.
890,squad2.0,Poultry,Was the Latin word for poultry also used to decribe other small animals as opposed to any poulty?,"from the Latin word pullus, which means small animal."
891,squad2.0,Dutch_language,"Although spelled differently, the first consonant of what Dutch word for ""seven"" is pronounced the same as its German counterpart?",zeven
892,squad2.0,Dutch_language,About how many pupils in all of Indonesia study Dutch as part of their coursework?,"35,000"
893,squad2.0,Dutch_language,"What language started the trend of referring to the Netherlands as ""Germania Inferior""?",Latin
894,squad2.0,Dutch_language,Which century marked great progress in Dutch standardization brought on by Antwerp?,16th
895,squad2.0,Dutch_language,What is the Dutch language officially called in the Netherlands?,Nederlands
896,squad2.0,Buckingham_Palace,Who suggested the use of brightly coloured scagliola and blue and pink lapis?,Sir Charles Long
897,squad2.0,Buckingham_Palace,What is the style of the saucer domes in the Belgian Suite?,the style of Soane
898,squad2.0,Buckingham_Palace,Who designed the new wing for the palace in 1847?,Edward Blore
899,squad2.0,Buckingham_Palace,What was the occasion where debutantes were presented to society called?,"""coming out"""
900,squad2.0,Buckingham_Palace,What type of airplane was the German craft Holmes rammed into?,Dornier Do 17 bomber
901,squad2.0,Incandescent_light_bulb,Where did Electro-Dynamic Light Company install its first lights?,Mercantile Safe Deposit Company
902,squad2.0,Incandescent_light_bulb,How long does it take a typical 100-watt bulb to achieve 90% of its brightness?,0.13 seconds
903,squad2.0,Incandescent_light_bulb,What made power distribution economically viable in Edison's lamp?,high resistance
904,squad2.0,Incandescent_light_bulb,"What is the negative effect of ""hot spots"" forming on the filament?",a variation of diameter of only 1% will cause a 25% reduction in service life
905,squad2.0,Incandescent_light_bulb,With what material did Edison make his first filament?,carbon
906,squad2.0,Arsenal_F.C.,How many league championships did Arsenal win in the 1930s?,five
907,squad2.0,Arsenal_F.C.,What team did Arsenal play at the time of the radio broadcast in 1927?,Sheffield United
908,squad2.0,Arsenal_F.C.,Which founding members were responsible for the red shirts?,Fred Beardsley and Morris Bates
909,squad2.0,Arsenal_F.C.,What medium has added to the fan base of Arsenal?,satellite television
910,squad2.0,Arsenal_F.C.,In 2011 what was Arsenal's estimated fan base?,113 million
911,squad2.0,Clothing,Many people still wear clothes that are what shape?,rectangles
912,squad2.0,Clothing,What country once only allowed their emperor to wear yellow?,China
913,squad2.0,Clothing,What type of hazard is noxious chemicals?,environmental
914,squad2.0,Clothing,What organism has provided some information about the timeline of clothing?,lice
915,squad2.0,Clothing,Whose book entitled Physiology of Heat Regulation and The Science of Clothing was published in 1949?,Newburgh's
916,squad2.0,Chicago_Cubs,When did Hack Wilson set a record of 56 home-runs and 190 runs-batted-in?,1930
917,squad2.0,Chicago_Cubs,What year did the Cubs win the NL pennant?,1929
918,squad2.0,Chicago_Cubs,While Anson led the Chicago cubs how many National League pennants did they win?,six
919,squad2.0,Chicago_Cubs,Who announced on August 22nd they were leaving the Cubs prematurely? ,Lou Piniella
920,squad2.0,Chicago_Cubs,What was Wilson named by the Baseball Writer's Association of America? ,"""Most Useful"" player"
921,squad2.0,Korean_War,"Who did General Hodge restore power to, resulting in protests?",Japanese colonial administrators
922,squad2.0,Korean_War,Did the UN troops or Chinese troops experience more war casualties?,Chinese troops
923,squad2.0,Korean_War,Why is North Korea insisting that the 1953 armistice was violated?,new wave of UN sanctions
924,squad2.0,Korean_War,What army were Korean men conscripted into?,Imperial Japanese Army
925,squad2.0,Korean_War,Who did the Soviets send to North Korea?,Soviet generals
926,squad2.0,Copyright_infringement,What is restricted unless the film has a traditional theater release?,tax support that a film can receive
927,squad2.0,Copyright_infringement,How long is a movie typically released in theaters for?,approximately 16 and a half weeks
928,squad2.0,Copyright_infringement,What was the directive NOT intended for?,legitimize file-sharing
929,squad2.0,Copyright_infringement,"When you are accused theft as it relates to copyright law, you are exercising exclusive rights without what?",authorization
930,squad2.0,Copyright_infringement,What type of penalty was made for unlawful performances that are willful and for profit?,misdemeanor
931,squad2.0,Greece,What invading marauders caused havoc in the Balkans during the 4th century.,Barbarian
932,squad2.0,Greece,What type of education do vocational institutes provide?,formal but unclassified
933,squad2.0,Greece,Who was Zeus's sister?,Hera
934,squad2.0,Greece,When was Greece accepted into the European Union?,19 June 2000
935,squad2.0,Greece,What is the name of two schools of philosophy?,Skepticism and Neoplatonism
936,squad2.0,Royal_Dutch_Shell,Who blocked the takeover attempt?,then federal Treasurer Peter Costello
937,squad2.0,Royal_Dutch_Shell,"In 1996, multiple groups filed lawsuits to hold Shell accountable for what?",alleged human rights violations in Nigeria
938,squad2.0,Royal_Dutch_Shell,Shell purchased what in 2005?,an offshore lease
939,squad2.0,Royal_Dutch_Shell,In what year did the corporation sell the majority of its Australian assets?,2014
940,squad2.0,Royal_Dutch_Shell,What entity supported Shell during the 1990s protests?,the UK government
941,squad2.0,Mammal,What does the Hyperdermis consist of?,adipose tissue
942,squad2.0,Mammal,Which two major time periods did placentals appear?,Eocene through the Miocene
943,squad2.0,Mammal,Why is it necessary for smaller animals to have an insulative covering?,maintenance of a high and stable body temperature
944,squad2.0,Mammal,Which time period is suggested that cynodonts had a high metabolic rate?,Triassic
945,squad2.0,Mammal,At which group did Therapsids end with?,probainognathian cynodonts
946,squad2.0,East_India_Company,in the arms of EIC what was the lion holding in his forepaws,crown
947,squad2.0,East_India_Company,How many council member weres allow to be from the EIC?,two
948,squad2.0,East_India_Company,What country was the home to the Industrial Revolution?,Britain
949,squad2.0,East_India_Company,what type of flowers did Gules use?,roses
950,squad2.0,East_India_Company,what general played the biggest role in the capture of the seven Dutch East Indiamen?,General Goddard
951,squad2.0,Hokkien,"In South East Asia, what term is commonly used to refer to Min-nan dialects?",Hokkien
952,squad2.0,Hokkien,Hokkien is sometimes written in what script?,Latin
953,squad2.0,Hokkien,Hoklo objected to the proposal because it would increase what tensions?,ethnic
954,squad2.0,Hokkien,What percent of Chinese Filipinos in the Philippines spoeak Hokkien?,98.5%
955,squad2.0,Hokkien,During what dynasty did the Xiamen dialect develope?,late Ming dynasty
956,squad2.0,Professional_wrestling,What has Ric Flair accomplished? ,multiple world heavyweight championship reigns spanning over three decades
957,squad2.0,Professional_wrestling,What are famous referees directed to do?,often scripted to dispense with the appearance of neutrality and use their influence to unfairly influence the outcome of the match for added dramatic impact. F
958,squad2.0,Professional_wrestling,At what point can a count be started? ,"any time that a wrestler's shoulders are down (both shoulders touching the mat), back-first and any part of the opponent's body is lying over the wrestler."
959,squad2.0,Professional_wrestling,What year did Mildred Burke retire? ,1956
960,squad2.0,Professional_wrestling,What award was The Wrestler nominated for?,several Oscar nominations
961,squad2.0,Film_speed,Which cameras were first of their type to adopt the ASA scale?,"The Weston Cadet (model 852 introduced in 1949), Direct Reading (model 853 introduced 1954) and Master III (models 737 and S141.3 introduced in 1956)"
962,squad2.0,Film_speed,How many regions does the Hurter-Driffield curve have?,five
963,squad2.0,Film_speed,Until what year did other models use the original Weston scale?,1955
964,squad2.0,Film_speed,What eliminated comparability?,modified semi-Scheiner-based systems
965,squad2.0,Film_speed,What does the film's quantum efficiency limit? ,sensitivity
966,squad2.0,Mexico_City,What is the name of the longest avenue in Mexico City?,Avenida de los Insurgentes
967,squad2.0,Mexico_City,What are the one-way roads in Mexico city called?,ejes viales
968,squad2.0,Mexico_City,Where do the superior artists and scientists of Mexico City have the option to attend?,El Colegio Nacional
969,squad2.0,Mexico_City,How many sets are in the Teatro Metropolitan?,"3,000"
970,squad2.0,Mexico_City,Who operates the parking meters?,Operadora de Estacionamientos Bicentenario
971,squad2.0,Napoleon,When did the Battle of Cape Finisterre occur?,July 1805
972,squad2.0,Napoleon,Who did Napoleon declare King of Spain in 1808?,his brother Joseph
973,squad2.0,Napoleon,What percentage of the French vote approved Napoleon's new constitution?,over 99%
974,squad2.0,Napoleon, Napoleon hoped an attack on the West Indies would cause the British to lessen their defenses where?,the Western Approaches
975,squad2.0,Napoleon,"What was the name of the first central bank in France, that Napoleon established?",the Banque de France
976,squad2.0,Germans,What assured  Europe would remain the same preventing Germany from becoming one country?,Congress of Vienna
977,squad2.0,Germans,What year was the turning point for Germany in the Nation Brands Index?,2006
978,squad2.0,Germans,What man is credited with the emergence of the German nation?,Johann Gottfried Herder
979,squad2.0,Germans,The Limes Germanicus was breached in what year?,AD 260
980,squad2.0,Germans,How many Germans are members of sports clubs?,27 million
981,squad2.0,Southeast_Asia,The western colonies were invaded by whom during World War II?,Imperial Japan
982,squad2.0,Southeast_Asia,Name the largest country in Southeast Asia.,Indonesia
983,squad2.0,Southeast_Asia,What were the alphabets of Southeast Asia?,abugidas
984,squad2.0,Southeast_Asia,What other forms of writing materials were used during this period?,copperplate scrolls
985,squad2.0,Southeast_Asia,East Timor is predominantly catholic due to which European rule's history?,Portuguese
986,squad2.0,Brigham_Young_University,How many people does the de Jong Concert Hall seat?,1282
987,squad2.0,Brigham_Young_University,What is the stated mission of BYU?,"""is to assist individuals in their quest for perfection and eternal life."""
988,squad2.0,Brigham_Young_University,How many television production studios is BYU Broadcasting Technical Operations Center home to?,three
989,squad2.0,Brigham_Young_University,What did Board opponent Anthon H. Lund say after Brigham voted to change their name to a University?,"""I hope their head will grow big enough for their hat."""
990,squad2.0,Brigham_Young_University,What did former student Tracy Hall invent as a BYU professor of chemistry and Director of Research?,"a new type of diamond press, the tetrahedral press"
991,squad2.0,Department_store,What were employees taught that made a shopping experience different? ,exciting social activity not just a routine exercise in obtaining necessities
992,squad2.0,Department_store,When was the movie depicting soviet department stores filmed? ,1956
993,squad2.0,Department_store,What were some of the original Australian department stores? ,Grace Bros. and Waltons
994,squad2.0,Department_store,In what year did Hudson's address the issue of parking within cities?,1954
995,squad2.0,Department_store,What policy did the Marble Palace introduce? ,"""free entrance"" to all potential customers."
996,squad2.0,Intellectual_property,Which doctrines allow limited use of copyrighted works?,fair use and fair dealing
997,squad2.0,Intellectual_property,What is a patent offered in exchange for?,public disclosure of the invention
998,squad2.0,Intellectual_property,When did French author A. Nion mention intellectual property?,1846
999,squad2.0,Intellectual_property,"Who wrote that ""only in this way can we protect intellectual property""?",Justice Charles L. Woodbury
1000,squad2.0,Intellectual_property,"Which view treats intellectual property as another type of ""real"" property?",absolute protection or full value
1001,narrativeqa,0029bdbe75423337b551e42bb31f9a102785376f,Regarding the book 'Percival Keene': Who did Percival reunited with?,Minnie
1002,narrativeqa,0029bdbe75423337b551e42bb31f9a102785376f,Regarding the book 'Percival Keene': Who becomes Lord de Versely after his brother dies?,Colonial Delmar
1003,narrativeqa,0029bdbe75423337b551e42bb31f9a102785376f,Regarding the book 'Percival Keene': Who does Capitan Delmar suggest Ben marry in secret?,Arabella
1004,narrativeqa,0029bdbe75423337b551e42bb31f9a102785376f,Regarding the book 'Percival Keene': Who did Ben married in secrete ?,Arabella Manson
1005,narrativeqa,0029bdbe75423337b551e42bb31f9a102785376f,Regarding the book 'Percival Keene': What happens when Percival is captured by the French?,he is sentenced to execution
1006,narrativeqa,00936497f5884881f1df23f4834f6739552cee8b,Regarding the book 'Five Weeks in a Balloon': Where was the starting point of the trip?,England
1007,narrativeqa,00936497f5884881f1df23f4834f6739552cee8b,Regarding the book 'Five Weeks in a Balloon': Which explorer had previously gone on expeditions in the areas around the regions of the Sahara and Chad?,Heinrich Barth
1008,narrativeqa,00936497f5884881f1df23f4834f6739552cee8b,Regarding the book 'Five Weeks in a Balloon': What is the primary focus of the explorers at the beginning of their journey?,They are seeking out the source of the Nile River.
1009,narrativeqa,00936497f5884881f1df23f4834f6739552cee8b,Regarding the book 'Five Weeks in a Balloon': Why did Joe jumped out of the balloon?,Because it was attacked by condors
1010,narrativeqa,00936497f5884881f1df23f4834f6739552cee8b,Regarding the book 'Five Weeks in a Balloon': Where does the trip begin on the east coast?,Zanzibar
1011,narrativeqa,00fb61fa7bee266ad995e52190ebb73606b60b70,Regarding the book 'Cynthia's Revels': What effect does the spring of Narcissus have on those who drink from it?,Grow enamored of themselves
1012,narrativeqa,00fb61fa7bee266ad995e52190ebb73606b60b70,Regarding the book 'Cynthia's Revels': Where do the dancers purify themselves?,Mount Helicon
1013,narrativeqa,00fb61fa7bee266ad995e52190ebb73606b60b70,Regarding the book 'Cynthia's Revels': What does Diana order to take place  in the valley of Gargaphie?,Solemn revels
1014,narrativeqa,00fb61fa7bee266ad995e52190ebb73606b60b70,Regarding the book 'Cynthia's Revels': Who enters with Mercury?,Cupid
1015,narrativeqa,00fb61fa7bee266ad995e52190ebb73606b60b70,Regarding the book 'Cynthia's Revels': HOW MANY PHASES DID THE COURT COMPLIMENT COMPETITION HAVE?,4 PHASES
1016,narrativeqa,014de1a8802c05ff64efa047e9290fb7fccea2b4,Regarding the book 'A Voyage to Arcturus': Where does Maskull wake up alone at?,Tormance
1017,narrativeqa,014de1a8802c05ff64efa047e9290fb7fccea2b4,Regarding the book 'A Voyage to Arcturus': What happens to the people Maskull meets in his travels to various lands?,They usually die by his hand or anothers.
1018,narrativeqa,014de1a8802c05ff64efa047e9290fb7fccea2b4,"Regarding the book 'A Voyage to Arcturus': What sort of ship did Maskull, Krag, and Nightspore set of in?",A crystal ship
1019,narrativeqa,014de1a8802c05ff64efa047e9290fb7fccea2b4,Regarding the book 'A Voyage to Arcturus': What normally happens when Maskull meets new people in the lands he travels to?,Normally they die
1020,narrativeqa,014de1a8802c05ff64efa047e9290fb7fccea2b4,Regarding the book 'A Voyage to Arcturus': Whose death does he learn is coming soon?,his own
1021,narrativeqa,019a9611dd8e1b822bd0a58f075cc4a30bdd0797,Regarding the book 'Lisbeth Longfrock': What job does LIsbeth have at the farm?,livestock
1022,narrativeqa,019a9611dd8e1b822bd0a58f075cc4a30bdd0797,Regarding the book 'Lisbeth Longfrock': Why do Lisbeth and her brother move away from their childhood home?,Their mother dies.
1023,narrativeqa,019a9611dd8e1b822bd0a58f075cc4a30bdd0797,Regarding the book 'Lisbeth Longfrock': What is Lisbeth's brother's name?,Jacob
1024,narrativeqa,019a9611dd8e1b822bd0a58f075cc4a30bdd0797,Regarding the book 'Lisbeth Longfrock': Lisbeth works on Hoel farm. What does she work with?,Livestock.
1025,narrativeqa,019a9611dd8e1b822bd0a58f075cc4a30bdd0797,Regarding the book 'Lisbeth Longfrock': When does Lisbeth go to the seter?,in the summer
1026,narrativeqa,01f5ab49ace7ff6c2bca8c2e537076ae1f1b5c90,Regarding the book 'The Mysteries of Udolpho': Who helps Emily escape the castle?,Du Pont
1027,narrativeqa,01f5ab49ace7ff6c2bca8c2e537076ae1f1b5c90,Regarding the book 'The Mysteries of Udolpho': Who wants Emily to marry Count Morano?,"Montoni, her aunt's husband."
1028,narrativeqa,01f5ab49ace7ff6c2bca8c2e537076ae1f1b5c90,Regarding the book 'The Mysteries of Udolpho': Why did Emily and her father share a close bond?,They both appreciated nature.
1029,narrativeqa,01f5ab49ace7ff6c2bca8c2e537076ae1f1b5c90,"Regarding the book 'The Mysteries of Udolpho': When Emilys' father dies, who becomes her guardian?",Her Aunt
1030,narrativeqa,01f5ab49ace7ff6c2bca8c2e537076ae1f1b5c90,Regarding the book 'The Mysteries of Udolpho': Who help Emily escape from the castle?,"Du Point ,Annette  and Ludovico"
1031,narrativeqa,026723e23a4f1b279e20d9d2d3746a1dc4543b2d,"Regarding the book 'Minna von Barnhelm': Why does Minna finally relent, and tell Tellheim the truth about her wealth?",Her family arrives
1032,narrativeqa,026723e23a4f1b279e20d9d2d3746a1dc4543b2d,Regarding the book 'Minna von Barnhelm': Why does Tellheim refuse to engage Minna von Barnhelm at first?,Because he is poor
1033,narrativeqa,026723e23a4f1b279e20d9d2d3746a1dc4543b2d,Regarding the book 'Minna von Barnhelm': What is the name of Tellheim's lover?,Minna von Barnhelm
1034,narrativeqa,026723e23a4f1b279e20d9d2d3746a1dc4543b2d,Regarding the book 'Minna von Barnhelm': Who helped Minna pretend to be poor?,"Her maid, Franziska"
1035,narrativeqa,026723e23a4f1b279e20d9d2d3746a1dc4543b2d,Regarding the book 'Minna von Barnhelm': What is Tellheim's last possession of worth?,An expensive betrothal ring
1036,narrativeqa,02eb19e46391a42912c60b7d0a072fc8684dfbd6,Regarding the book 'The Return of the Soldier': Where did Kitty's husband first meet Margaret?,on Monkey Island
1037,narrativeqa,02eb19e46391a42912c60b7d0a072fc8684dfbd6,Regarding the book 'The Return of the Soldier': Is the appearance of Margaret helpful to Chris in regaining his memory?,"He does recognize the passage of time, but insists that he still loves Margaret."
1038,narrativeqa,02eb19e46391a42912c60b7d0a072fc8684dfbd6,Regarding the book 'The Return of the Soldier': Who tells Kitty that her husband was injured?,Margaret Grey
1039,narrativeqa,02eb19e46391a42912c60b7d0a072fc8684dfbd6,Regarding the book 'The Return of the Soldier': What further steps does Margaret take to get her husband;s memory back?,She nelists the aid of a psychoanalyst.
1040,narrativeqa,02eb19e46391a42912c60b7d0a072fc8684dfbd6,Regarding the book 'The Return of the Soldier': What caused Chris to be confused?,Memory Loss.
1041,narrativeqa,02ec0dda4d6b545c8a180b4e66108f32acc7fefa,Regarding the book 'The Planet Savers': Who does Dr. Forth convince to be hypnotized?,Dr. Jay Allison
1042,narrativeqa,02ec0dda4d6b545c8a180b4e66108f32acc7fefa,Regarding the book 'The Planet Savers': Where do the expedition and volunteers return to?,Terran Trade City
1043,narrativeqa,02ec0dda4d6b545c8a180b4e66108f32acc7fefa,Regarding the book 'The Planet Savers': What is the 48-year-fever also known as?,Trailmen's Fever
1044,narrativeqa,02ec0dda4d6b545c8a180b4e66108f32acc7fefa,Regarding the book 'The Planet Savers': What happens to the expedition while on the trail?,They are attacked
1045,narrativeqa,02ec0dda4d6b545c8a180b4e66108f32acc7fefa,Regarding the book 'The Planet Savers': What are the humans looking for?,A cure to Trailmen's fever.
1046,narrativeqa,03690ff2154ebecb454ea267cec529358ab6923b,Regarding the book 'The Old Wives' Tale': How many parts is the story broken up into?,Four
1047,narrativeqa,03690ff2154ebecb454ea267cec529358ab6923b,Regarding the book 'The Old Wives' Tale': What kind of business Sophia owned in Paris?,Pensione
1048,narrativeqa,03690ff2154ebecb454ea267cec529358ab6923b,Regarding the book 'The Old Wives' Tale': What is Sophia and Constance's relation to each other?,Sisters.
1049,narrativeqa,03690ff2154ebecb454ea267cec529358ab6923b,Regarding the book 'The Old Wives' Tale': Whom did Sophia eloped with?,A travelling salesman.
1050,narrativeqa,03690ff2154ebecb454ea267cec529358ab6923b,Regarding the book 'The Old Wives' Tale': Who is Mrs. Baines to Sophia and Constance?,Their mother.
1051,narrativeqa,03a048c35b81d8a422e0efd0d5de016b63659869,Regarding the book 'The Hollow Needle': Arsene Lupin was also known as?,Louis Valmeras
1052,narrativeqa,03a048c35b81d8a422e0efd0d5de016b63659869,Regarding the book 'The Hollow Needle': Where is the real Needle?,"In Normandy, near the town of Le Havre."
1053,narrativeqa,03a048c35b81d8a422e0efd0d5de016b63659869,Regarding the book 'The Hollow Needle': What does Isidore discover in the department of Creuse?,The Chateau de l'Aiguille.
1054,narrativeqa,03a048c35b81d8a422e0efd0d5de016b63659869,Regarding the book 'The Hollow Needle': Where does Isidore Beautrelet discover the Chateau de lAiguille?,Department of Creuse
1055,narrativeqa,03a048c35b81d8a422e0efd0d5de016b63659869,Regarding the book 'The Hollow Needle': Where did Arsene Lupid decide to hide himself?,The town of Le Havre near Normady
1056,narrativeqa,04c16e307a71d8af0af39d10542144f7c059f17c,Regarding the book 'Perpetual Peace: A Philosophical Sketch': What types of states does Kant talk about?,Republic
1057,narrativeqa,04c16e307a71d8af0af39d10542144f7c059f17c,Regarding the book 'Perpetual Peace: A Philosophical Sketch': What is to be founded on a federation of free states?,The law of nations
1058,narrativeqa,04c16e307a71d8af0af39d10542144f7c059f17c,Regarding the book 'Perpetual Peace: A Philosophical Sketch': What will be abolished in time?,Standing armies
1059,narrativeqa,04c16e307a71d8af0af39d10542144f7c059f17c,Regarding the book 'Perpetual Peace: A Philosophical Sketch': What is necessary for Kant's Peace Plan?,A league of nations.
1060,narrativeqa,04c16e307a71d8af0af39d10542144f7c059f17c,Regarding the book 'Perpetual Peace: A Philosophical Sketch': How many Definitive Articles are there?,three
1061,narrativeqa,04d0a3d15a1e39a94524a3958e433a88ca01fdf9,Regarding the book 'The Children of the New Forest': Who do the children rescue from a trap?,Pablo.
1062,narrativeqa,04d0a3d15a1e39a94524a3958e433a88ca01fdf9,Regarding the book 'The Children of the New Forest': What is Edward's job?,He is a secretary.
1063,narrativeqa,04d0a3d15a1e39a94524a3958e433a88ca01fdf9,Regarding the book 'The Children of the New Forest': Who been awarded the old Arnwood estate?,Heatherstone
1064,narrativeqa,04d0a3d15a1e39a94524a3958e433a88ca01fdf9,Regarding the book 'The Children of the New Forest': After Edward leaves who raises his sisters Alice and Edith?,Aristocratic ladies
1065,narrativeqa,04d0a3d15a1e39a94524a3958e433a88ca01fdf9,Regarding the book 'The Children of the New Forest': Who lives in Arnwood?,Colonel Beverly.
1066,narrativeqa,05000d20b404b4f3c6c34127dc3836fecad8f134,Regarding the book 'The Belle's Stratagem': In which social occasion does the drama unfold?,A Masquerade Ball.
1067,narrativeqa,05000d20b404b4f3c6c34127dc3836fecad8f134,Regarding the book 'The Belle's Stratagem': Sir George believes that his wife Lady Frances is corrupted by what?,By a fashionable life.
1068,narrativeqa,05000d20b404b4f3c6c34127dc3836fecad8f134,"Regarding the book 'The Belle's Stratagem': To Letitia's surprise, what feelings does she discover she has for Doricourt?",That she is madly in love with him.
1069,narrativeqa,05000d20b404b4f3c6c34127dc3836fecad8f134,Regarding the book 'The Belle's Stratagem': How does Letitia feel about Doricourt?,Letitia is hopelessly in love with Doricourt.
1070,narrativeqa,05000d20b404b4f3c6c34127dc3836fecad8f134,Regarding the book 'The Belle's Stratagem': When does this story take place?,1780's
1071,narrativeqa,0540453463a383489fdcdbb41ae4264e5ca866a2,Regarding the book 'Address: Centauri': What do the aliens lack in their technology?,A reliable gravity drive.
1072,narrativeqa,0540453463a383489fdcdbb41ae4264e5ca866a2,Regarding the book 'Address: Centauri': How does the text describe the planet where the Victory settles?,The planet is similar to Mars.
1073,narrativeqa,0540453463a383489fdcdbb41ae4264e5ca866a2,Regarding the book 'Address: Centauri': What planet that they land on near Alfa Centauri does it resemble?,Mars.
1074,narrativeqa,0540453463a383489fdcdbb41ae4264e5ca866a2,Regarding the book 'Address: Centauri': What kind of limitations do the aliens have with their technology?,They lack a gravity drive.
1075,narrativeqa,0540453463a383489fdcdbb41ae4264e5ca866a2,Regarding the book 'Address: Centauri': Where do the biocompensators go immediately after they are turned down for the first interstellar flight?,Back to their asteroid hospital.
1076,narrativeqa,05c77e71c5f919af1ae72442febd204b03563f93,Regarding the book 'She Stoops to Conquer': How does Kate's plan work out?,Kate and Marlow get engaged
1077,narrativeqa,05c77e71c5f919af1ae72442febd204b03563f93,Regarding the book 'She Stoops to Conquer': To whom does Mr Hardcastle want his daughter to marry?,Charles Marlow
1078,narrativeqa,05c77e71c5f919af1ae72442febd204b03563f93,Regarding the book 'She Stoops to Conquer': How is Tony Lumpkin related to Kate?,Step brother
1079,narrativeqa,05c77e71c5f919af1ae72442febd204b03563f93,Regarding the book 'She Stoops to Conquer': How is Tony Lumpkin related to Kate?,He is her step-brother.
1080,narrativeqa,05c77e71c5f919af1ae72442febd204b03563f93,Regarding the book 'She Stoops to Conquer': What does Mrs. Hardcastle have that belongs to Constance?,"Her inheritance, which are her jewels"
1081,narrativeqa,05d2346e34d9a4140e0d30ee311c21aab82bc850,Regarding the book 'Captain Singleton': What is Friend William?,Quaker Surgeon
1082,narrativeqa,05d2346e34d9a4140e0d30ee311c21aab82bc850,Regarding the book 'Captain Singleton': Why does Singleton spare the life of a wounded African native?,Singleton believes the native will be useful
1083,narrativeqa,05d2346e34d9a4140e0d30ee311c21aab82bc850,Regarding the book 'Captain Singleton': What is the European belief in rather than Magic?,Reason
1084,narrativeqa,05d2346e34d9a4140e0d30ee311c21aab82bc850,Regarding the book 'Captain Singleton': What does Singleton sell to the Dutch?,Gold and elephant tusks
1085,narrativeqa,05d2346e34d9a4140e0d30ee311c21aab82bc850,Regarding the book 'Captain Singleton': What must be ignored according to Singleton?,Taking one's own life.
1086,narrativeqa,05f1a40c41101a714a3ace0359d4a550d908742e,Regarding the book 'The Rise of Silas Lapham': Which of the Lapham's daughters is described as being more intelligent?,Penelope
1087,narrativeqa,05f1a40c41101a714a3ace0359d4a550d908742e,Regarding the book 'The Rise of Silas Lapham': Which of the Lapham girls is Tom really interested in?,The older Penelope Lapham.
1088,narrativeqa,05f1a40c41101a714a3ace0359d4a550d908742e,Regarding the book 'The Rise of Silas Lapham': Who does Tom Corey profess his love for?,Penelope Lapham
1089,narrativeqa,05f1a40c41101a714a3ace0359d4a550d908742e,Regarding the book 'The Rise of Silas Lapham': Who is Milton Rogers?,A former partner of Silas.
1090,narrativeqa,05f1a40c41101a714a3ace0359d4a550d908742e,Regarding the book 'The Rise of Silas Lapham': Who does everyone think Tom Corey is attracted to?,Irene
1091,narrativeqa,0619e886fb3167a3d70f4d191754a82b3f9ecf7f,Regarding the book 'Lorna Doone': What is Carver's title after Sir Ensor dies?,Lord of the Doones
1092,narrativeqa,0619e886fb3167a3d70f4d191754a82b3f9ecf7f,Regarding the book 'Lorna Doone': When is Duke of Monmouth defeated?,At the battle of Sedgemoore
1093,narrativeqa,0619e886fb3167a3d70f4d191754a82b3f9ecf7f,Regarding the book 'Lorna Doone': Where does the Doone Clan live?,Doone Valley
1094,narrativeqa,0619e886fb3167a3d70f4d191754a82b3f9ecf7f,Regarding the book 'Lorna Doone': Who becomes Lorna's guardian?,Judge Jefferies
1095,narrativeqa,0619e886fb3167a3d70f4d191754a82b3f9ecf7f,Regarding the book 'Lorna Doone': What does John Ridd lead?,"The attack on the Doones' land, killing most of their men."
1096,narrativeqa,06b1c16f9343dfe145570e28e0fe81ddc66cf1ea,Regarding the book 'The Kempton-Wace Letters': What happens to Jack London's marriage with Bessie?,They divorce.
1097,narrativeqa,06b1c16f9343dfe145570e28e0fe81ddc66cf1ea,Regarding the book 'The Kempton-Wace Letters': What does Wace believe love revolves around?,"Health, sanity, and compatibility."
1098,narrativeqa,06b1c16f9343dfe145570e28e0fe81ddc66cf1ea,Regarding the book 'The Kempton-Wace Letters': Who writes Dane Kempton's letters?,Anna Strunsky.
1099,narrativeqa,06b1c16f9343dfe145570e28e0fe81ddc66cf1ea,Regarding the book 'The Kempton-Wace Letters': What types of women does Jack London describe?,"""Mother-Woman"" and ""Mate-Woman"""
1100,narrativeqa,06b1c16f9343dfe145570e28e0fe81ddc66cf1ea,Regarding the book 'The Kempton-Wace Letters': When did Strunsky publish her memoris?,after London's death or in 1917
1101,narrativeqa,07115dadb9d1831d9a0951dd1c392587dfcae9df,Regarding the book 'The Helpers': What did Anna's father own?,An orphanage.
1102,narrativeqa,07115dadb9d1831d9a0951dd1c392587dfcae9df,Regarding the book 'The Helpers': Who is tied up in the bathtub?,Brandy
1103,narrativeqa,07115dadb9d1831d9a0951dd1c392587dfcae9df,"Regarding the book 'The Helpers': What do Steve, Brad, Norah and Chloe call themselves?",The Helpers.
1104,narrativeqa,07115dadb9d1831d9a0951dd1c392587dfcae9df,Regarding the book 'The Helpers': Who do the sociopaths call themselves?,The helpers
1105,narrativeqa,07115dadb9d1831d9a0951dd1c392587dfcae9df,Regarding the book 'The Helpers': Why did the murders intentionally set up the road block to trap the group of friends?,Because Claire's father owned an orphanage where they lived and he abused them.
1106,narrativeqa,0751de79bc881dbad592bd427a0c2fe65ed3618f,Regarding the book 'The Different Forms of Flowers on Plants of the Same Species': What part of the bees and moths became covered in pollen?,Proboscis
1107,narrativeqa,0751de79bc881dbad592bd427a0c2fe65ed3618f,Regarding the book 'The Different Forms of Flowers on Plants of the Same Species': How did experimentation produce more seeds in each cowslip?,cross fertilization
1108,narrativeqa,0751de79bc881dbad592bd427a0c2fe65ed3618f,Regarding the book 'The Different Forms of Flowers on Plants of the Same Species': What part of bees becomes covered with pollen?,The proboscis
1109,narrativeqa,0751de79bc881dbad592bd427a0c2fe65ed3618f,Regarding the book 'The Different Forms of Flowers on Plants of the Same Species': The Lythrum salicaria can be fertilised in how many ways?,18
1110,narrativeqa,0751de79bc881dbad592bd427a0c2fe65ed3618f,Regarding the book 'The Different Forms of Flowers on Plants of the Same Species': What are some of the other plants that Darwin investigated?,"He also experimented with loostrife, lungwort, primrose, and flax as well as others."
1111,narrativeqa,084e3e9625f032d6fc7454e94841a6045a0454e8,Regarding the book 'Dariel': Where does George Cranleigh own land?,"Surrey, England"
1112,narrativeqa,084e3e9625f032d6fc7454e94841a6045a0454e8,Regarding the book 'Dariel': Who is Marva?,Queen of Ossets
1113,narrativeqa,084e3e9625f032d6fc7454e94841a6045a0454e8,Regarding the book 'Dariel': Who is George Cranleigh's father?,Lord Harold Cranleigh
1114,narrativeqa,084e3e9625f032d6fc7454e94841a6045a0454e8,Regarding the book 'Dariel': When did George meet Dariel?,While he was riding home from market.
1115,narrativeqa,084e3e9625f032d6fc7454e94841a6045a0454e8,Regarding the book 'Dariel': Who is Imar's twin-sister?,Marva
1116,narrativeqa,0ac0e7c55534399855675cf41872ae6c5a8a32dd,Regarding the book 'Romola': What happens to Tito after he escapes the river he jumped into?,Baldassarre kills him after he leaves the river.
1117,narrativeqa,0ac0e7c55534399855675cf41872ae6c5a8a32dd,Regarding the book 'Romola': How does Savonarola die?,Burned at the stake.
1118,narrativeqa,0ac0e7c55534399855675cf41872ae6c5a8a32dd,"Regarding the book 'Romola': When Romola takes to a boat to die, she ends up at an island that is fighting what disease?",Plague
1119,narrativeqa,0ac0e7c55534399855675cf41872ae6c5a8a32dd,Regarding the book 'Romola': Who is Baldassarre?,Tito's adoptive father.
1120,narrativeqa,0ac0e7c55534399855675cf41872ae6c5a8a32dd,Regarding the book 'Romola': What gave Romola a new meaning in life?,Helping people in a village affected by the Plague.
1121,narrativeqa,0b5d946ecfbdeb6629ae3f8cd42f4c499892e4ce,Regarding the book 'La Maison du chat-qui-pelote': Who married Joseph Lebas?,Augustine's sister Virginie.
1122,narrativeqa,0b5d946ecfbdeb6629ae3f8cd42f4c499892e4ce,Regarding the book 'La Maison du chat-qui-pelote': What does Madame de Carigliano believe about marriage that shocks Theodore?,That marriage is like warfare.
1123,narrativeqa,0b5d946ecfbdeb6629ae3f8cd42f4c499892e4ce,Regarding the book 'La Maison du chat-qui-pelote': How would you describe Theodore and Augustine's marraige?,Unhappy.
1124,narrativeqa,0b5d946ecfbdeb6629ae3f8cd42f4c499892e4ce,Regarding the book 'La Maison du chat-qui-pelote': Who does Theodore fall in love with?,Augustine Guillaume.
1125,narrativeqa,0b5d946ecfbdeb6629ae3f8cd42f4c499892e4ce,Regarding the book 'La Maison du chat-qui-pelote': What ultimately kills Augustine?,A broken heart
1126,narrativeqa,0b738a9a5aa340036c40877bc86ac49e102cc5f8,Regarding the book 'Planet of the Damned': What type of preemptive strike threatens the planet of Dis?,Nuclear Strike
1127,narrativeqa,0b738a9a5aa340036c40877bc86ac49e102cc5f8,Regarding the book 'Planet of the Damned': What is the name of the ruling class of Dis?,The magter
1128,narrativeqa,0b738a9a5aa340036c40877bc86ac49e102cc5f8,Regarding the book 'Planet of the Damned': Who doe Brandd meet after the games?,Ihjel
1129,narrativeqa,0b738a9a5aa340036c40877bc86ac49e102cc5f8,Regarding the book 'Planet of the Damned': What does the magter threaten to do to the neighboring planet if they do not surrender?,Transport cobalt to the planet.
1130,narrativeqa,0b738a9a5aa340036c40877bc86ac49e102cc5f8,Regarding the book 'Planet of the Damned': Why are the mageters so aggressive?,A parasite has destroyed their brains.
1131,narrativeqa,0b9c36c9ed7054b8879daec163f52d1491264a55,Regarding the book 'Psmith in the City': What distraction caused Mike to cover for Waller?,"Waller found out his son was ill and missed a forged cheque, Mike covered for him and was fired and roasted by Bickersdyke."
1132,narrativeqa,0b9c36c9ed7054b8879daec163f52d1491264a55,Regarding the book 'Psmith in the City': What does Walter fail to spot?,A forged Check
1133,narrativeqa,0b9c36c9ed7054b8879daec163f52d1491264a55,Regarding the book 'Psmith in the City': Who was the antagonist in this story?,Mr Bickersdyke.
1134,narrativeqa,0b9c36c9ed7054b8879daec163f52d1491264a55,Regarding the book 'Psmith in the City': Who is Mike's brother?,Joe
1135,narrativeqa,0b9c36c9ed7054b8879daec163f52d1491264a55,Regarding the book 'Psmith in the City': Why are Mike and Psmith able to quit their jobs at the end of the story?,Psmith's father agrees to send Psmith and Mike to school.
1136,narrativeqa,0bb7c49bd644d0a4c0ea9fd6239e84c07013a811,"Regarding the book 'Lightnin' (play)': Rather than spending time with his family, what did Bill prefer to do ""day and night""?",Go carousing with his cronies
1137,narrativeqa,0bb7c49bd644d0a4c0ea9fd6239e84c07013a811,Regarding the book 'Lightnin' (play)': Why was Lighnin' Bill not home with his wife and adopted daughter?,Because Lighnin' Bill like to spend his day and night  carousing  with cronies.
1138,narrativeqa,0bb7c49bd644d0a4c0ea9fd6239e84c07013a811,Regarding the book 'Lightnin' (play)': What animal did Bill claim he once drove across the prairie in winter without a single loss of life?,Bees
1139,narrativeqa,0bb7c49bd644d0a4c0ea9fd6239e84c07013a811,Regarding the book 'Lightnin' (play)': Who help Lighnin' Bill with his case in court?,John Marvin
1140,narrativeqa,0bb7c49bd644d0a4c0ea9fd6239e84c07013a811,Regarding the book 'Lightnin' (play)': Who wants to buy the hotel?,A group of out of town businessmen
1141,narrativeqa,0bc9bac5aa5a407fd2cca4cdefcde62ae41a98ca,Regarding the book 'Policeman Bluejay': What king is introduced to Twinkle and Chubbins?,King Bird of Paradise.
1142,narrativeqa,0bc9bac5aa5a407fd2cca4cdefcde62ae41a98ca,Regarding the book 'Policeman Bluejay': What is the Grand Law of the forrest?,Love
1143,narrativeqa,0bc9bac5aa5a407fd2cca4cdefcde62ae41a98ca,"Regarding the book 'Policeman Bluejay': What is retrieved so the children do not have to eat bugs, worms, and grub?",Their picnic basket
1144,narrativeqa,0bc9bac5aa5a407fd2cca4cdefcde62ae41a98ca,Regarding the book 'Policeman Bluejay': What is the trouble in birdland that Poilcemand Bluejay must deal with?,A rebellion among the rooks who are enslaving other birds
1145,narrativeqa,0bc9bac5aa5a407fd2cca4cdefcde62ae41a98ca,Regarding the book 'Policeman Bluejay': WHO IS THE FORCE OF ORDER AMONG THE BIRD WORLD IN THIS STORY?,POLICEMAN BLUEJAY
1146,narrativeqa,0bff02718921b6f106c87a5418f29553790954af,Regarding the book 'The Wonderful Visit': What does the angel use to beat Goth?,Goth's own whip
1147,narrativeqa,0bff02718921b6f106c87a5418f29553790954af,Regarding the book 'The Wonderful Visit': Who believes that the angel comes from another world?,The vicar.
1148,narrativeqa,0bff02718921b6f106c87a5418f29553790954af,Regarding the book 'The Wonderful Visit': What is the angel enounced as a he becomes critical of local mores?,A socialist.
1149,narrativeqa,0bff02718921b6f106c87a5418f29553790954af,Regarding the book 'The Wonderful Visit': What color are the Angels wings?,polychromatic
1150,narrativeqa,0bff02718921b6f106c87a5418f29553790954af,"Regarding the book 'The Wonderful Visit': Upon returning to the village, what did the angel see?",Hew saw the vicar's house burning.
1151,narrativeqa,0c6bb0eb4a8f40ba3bdd6b1e6e86163e759d04e9,Regarding the book 'Le Cid': Who is the protagonist in this story?,Rodrigue.
1152,narrativeqa,0c6bb0eb4a8f40ba3bdd6b1e6e86163e759d04e9,Regarding the book 'Le Cid': What does Chimene ask the king for after her father dies?,Rodrique's head
1153,narrativeqa,0c6bb0eb4a8f40ba3bdd6b1e6e86163e759d04e9,Regarding the book 'Le Cid': Why is Chimene's and Rodrique chance of marrying disturbed?,Because Chimene's Father insults Rodriques Father
1154,narrativeqa,0c6bb0eb4a8f40ba3bdd6b1e6e86163e759d04e9,Regarding the book 'Le Cid': Why are Chimene and Rodrique reluctant to marry?,Because of the their history.
1155,narrativeqa,0c6bb0eb4a8f40ba3bdd6b1e6e86163e759d04e9,Regarding the book 'Le Cid': What does ChimĂ¨ne see that causes her to believe that Rodrige is dead?,Don Sanche carrying a bloody sword.
1156,narrativeqa,0cd690f600881ef37a4e36ca79e378c733636c30,Regarding the book 'Zuleika Dobson': What does Zuleika want the Duke to shout as he jumps into the river?,Her name
1157,narrativeqa,0cd690f600881ef37a4e36ca79e378c733636c30,Regarding the book 'Zuleika Dobson': At the end of the story Zuleika is leaving Oxford and heading to where?,Cambridge
1158,narrativeqa,0cd690f600881ef37a4e36ca79e378c733636c30,Regarding the book 'Zuleika Dobson': After many of the students have died how does Zuleika choose to travel away from Oxford?,On a train
1159,narrativeqa,0cd690f600881ef37a4e36ca79e378c733636c30,Regarding the book 'Zuleika Dobson': How does the Duke decide to stop the undergraduates from committing suicide for love of Zuleika?,He dicides to not commit suicide himself because he hopes they will follow his example.
1160,narrativeqa,0cd690f600881ef37a4e36ca79e378c733636c30,Regarding the book 'Zuleika Dobson': How does Zuleika stop the Duke's first suicide attempt?,From a river boat.
1161,narrativeqa,0d0bc01441afbec48663e3b38827e1529a287765,Regarding the book 'The Spoilers (Beach novel)': Who want Glenister to love her?,Cherry Malotte
1162,narrativeqa,0d0bc01441afbec48663e3b38827e1529a287765,Regarding the book 'The Spoilers (Beach novel)': What is Alexander McNamara's goal in the Alaskan Territory?,To steal the rights to as many mines as he could to become rich.
1163,narrativeqa,0d0bc01441afbec48663e3b38827e1529a287765,Regarding the book 'The Spoilers (Beach novel)': How do Roy and Dextry meet Helen Chester?,They defend her when she is attacked and boards their boat.
1164,narrativeqa,0d0bc01441afbec48663e3b38827e1529a287765,Regarding the book 'The Spoilers (Beach novel)': Who was Helen Chester?,Helen Chester was Judge Arthur Cheaster niece.
1165,narrativeqa,0d0bc01441afbec48663e3b38827e1529a287765,Regarding the book 'The Spoilers (Beach novel)': What dis the miners do to fight the crooked judge and federal marshall?,form a vigilante group
1166,narrativeqa,0d306f911ca339bc6ef6f484b29d30a809b08356,Regarding the book 'The House on the Borderland': What is at the end of the journal?,Grief.
1167,narrativeqa,0d306f911ca339bc6ef6f484b29d30a809b08356,Regarding the book 'The House on the Borderland': Who followed the man to his own imensions?,The malicious swine beast.
1168,narrativeqa,0d306f911ca339bc6ef6f484b29d30a809b08356,Regarding the book 'The House on the Borderland': What happens after the Recluse's vision?,The Recluse is attacked by a humanoid pig.
1169,narrativeqa,0d306f911ca339bc6ef6f484b29d30a809b08356,Regarding the book 'The House on the Borderland': When does the diary end all of  a sudden?,When the man is pondering suicide and the creature tries to open the door.
1170,narrativeqa,0d306f911ca339bc6ef6f484b29d30a809b08356,Regarding the book 'The House on the Borderland': What did Tonnison and Berreggnog finally discover about the house?,It was evil
1171,narrativeqa,0d6f958d03124c4176549fce64ed4e7849e351f9,Regarding the book 'Emmeline': How does Delamere die?,Fighting a duel over his sister's lover
1172,narrativeqa,0d6f958d03124c4176549fce64ed4e7849e351f9,Regarding the book 'Emmeline': Who is the Croft Family?,The Croft family are lawyers trying to rise in the society and have influence and control over Lord Montreville.
1173,narrativeqa,0d6f958d03124c4176549fce64ed4e7849e351f9,Regarding the book 'Emmeline': Who is Godolphin's sister?,Adelina
1174,narrativeqa,0d6f958d03124c4176549fce64ed4e7849e351f9,Regarding the book 'Emmeline': What does Emmeline discover in France?,She discovered that her parents were actually married and she inherits the castle.
1175,narrativeqa,0d6f958d03124c4176549fce64ed4e7849e351f9,Regarding the book 'Emmeline': Where does Emmeline travel to with Mrs. Stafford and Augusta?,France.
1176,narrativeqa,0e386fb9ead81ac7dbda4798564ab2f7968234c8,Regarding the book 'The Private Memoirs and Confessions of a Justified Sinner': Who does Robert believe he is at one point when he's delusional?,Peter the Great of Russia
1177,narrativeqa,0e386fb9ead81ac7dbda4798564ab2f7968234c8,Regarding the book 'The Private Memoirs and Confessions of a Justified Sinner': What ability does Robert have?,Ability to appear wherever George does.
1178,narrativeqa,0e386fb9ead81ac7dbda4798564ab2f7968234c8,Regarding the book 'The Private Memoirs and Confessions of a Justified Sinner': What are the names of Rabina's two son?,George and Robert
1179,narrativeqa,0e386fb9ead81ac7dbda4798564ab2f7968234c8,Regarding the book 'The Private Memoirs and Confessions of a Justified Sinner': In what city did the two brothers first meet?,Edinburg
1180,narrativeqa,0e386fb9ead81ac7dbda4798564ab2f7968234c8,Regarding the book 'The Private Memoirs and Confessions of a Justified Sinner': What can Robert do with his appearance?,Change it
1181,narrativeqa,0e453816e78ebb5abeaf4ea5dc283e1455fd57f9,Regarding the book 'Eugene Onegin': Who does Eugene see years later?,Tatyana.
1182,narrativeqa,0e453816e78ebb5abeaf4ea5dc283e1455fd57f9,Regarding the book 'Eugene Onegin': Why does Lensky challenge Onegin to a duel?,"Lensky challenges Onegin to a duel, because Onegin flirts with Olga, who is actually attracted to Onegin."
1183,narrativeqa,0e453816e78ebb5abeaf4ea5dc283e1455fd57f9,"Regarding the book 'Eugene Onegin': When Onegin and Tatyana meet in person, what explanation does Onegin give to Tatyana for his rejection of her?",Onegin tells Tatyana that he become bored of marriage and that he only wants to be her friend.
1184,narrativeqa,0e453816e78ebb5abeaf4ea5dc283e1455fd57f9,Regarding the book 'Eugene Onegin': Who is Lensky's fiance?,Olga.
1185,narrativeqa,0e453816e78ebb5abeaf4ea5dc283e1455fd57f9,Regarding the book 'Eugene Onegin': Whom was Tatyana married to?,"An aged prince, a general."
1186,narrativeqa,0e9c46e2aaab8f794dd9e636ee6e88f301a2ef78,Regarding the book 'Out of Time's Abyss': What weapon does Bradley use to kill the Wieroo King?,A sword
1187,narrativeqa,0e9c46e2aaab8f794dd9e636ee6e88f301a2ef78,Regarding the book 'Out of Time's Abyss': How is James killed?,By a Smilodon
1188,narrativeqa,0e9c46e2aaab8f794dd9e636ee6e88f301a2ef78,Regarding the book 'Out of Time's Abyss': What island does the Wieroo take Bradley?,To the island of Oo-oh
1189,narrativeqa,0e9c46e2aaab8f794dd9e636ee6e88f301a2ef78,"Regarding the book 'Out of Time's Abyss': What does the creature, believed to be a ghost and banshee in the beginning of the story, turn out to be?",A Wieroo
1190,narrativeqa,0e9c46e2aaab8f794dd9e636ee6e88f301a2ef78,Regarding the book 'Out of Time's Abyss': What does Bradley use to kill the Wieroo king?,The Weiroo king's own sword.
1191,narrativeqa,0ebf71697ef16b7948f05a21dbf7abb34a818380,Regarding the book 'Of Human Bondage': What lifestyle does Phillip encourage Mildred to abandon?,Prositution.
1192,narrativeqa,0ebf71697ef16b7948f05a21dbf7abb34a818380,Regarding the book 'Of Human Bondage': What did Mildred tell Phillip the first time she left him heartbroken?,That she was marrying another man.
1193,narrativeqa,0ebf71697ef16b7948f05a21dbf7abb34a818380,Regarding the book 'Of Human Bondage': Who is the first romantic character introduced in this story?,Fanny Price
1194,narrativeqa,0ebf71697ef16b7948f05a21dbf7abb34a818380,Regarding the book 'Of Human Bondage': Where did Philip meet Athelny?,At the hospital where he worked.
1195,narrativeqa,0ebf71697ef16b7948f05a21dbf7abb34a818380,Regarding the book 'Of Human Bondage': What does Philip's Uncle Williams' inheritance allow him to finish?,Medical school
1196,narrativeqa,0ef5efeecf9cddb676e5a2072bd4a04d085fe2fd,Regarding the book 'Elusive Isabel': What government does Thorne work for?,the Italian government
1197,narrativeqa,0ef5efeecf9cddb676e5a2072bd4a04d085fe2fd,Regarding the book 'Elusive Isabel': The US Secret Service were trying to prevent what?,the signing of the contract
1198,narrativeqa,0ef5efeecf9cddb676e5a2072bd4a04d085fe2fd,Regarding the book 'Elusive Isabel': What was the point of the secret weapon devised by Thorne's brother?,to secure military domination
1199,narrativeqa,0ef5efeecf9cddb676e5a2072bd4a04d085fe2fd,Regarding the book 'Elusive Isabel': What has happened to Grimm?,He has been captured
1200,narrativeqa,0ef5efeecf9cddb676e5a2072bd4a04d085fe2fd,Regarding the book 'Elusive Isabel': Who falls in love with Thorne?,Grimm
1201,narrativeqa,0f849890e27fd05b9a8683d111f489515db72ea4,Regarding the book 'The Bacchae': Who is Agave and Cadmus' son?,Pentheus
1202,narrativeqa,0f849890e27fd05b9a8683d111f489515db72ea4,Regarding the book 'The Bacchae': What does Agave first believe the head the messenger brings back to her is?,the head of a mountain lion
1203,narrativeqa,0f849890e27fd05b9a8683d111f489515db72ea4,"Regarding the book 'The Bacchae': Who, in the initial story Dionysus tells, commands Zeus sends a lightening bolt on Semele?",Hera
1204,narrativeqa,0f849890e27fd05b9a8683d111f489515db72ea4,Regarding the book 'The Bacchae': How does Dionysus plan to vindicate his mother?,By appearing before Thebes as the son of Zeus.
1205,narrativeqa,0f849890e27fd05b9a8683d111f489515db72ea4,Regarding the book 'The Bacchae': Who dresses Pentheus as a woman?,Dionysus.
1206,narrativeqa,0fec426130719e5a0ede16a2944f437415917462,Regarding the book 'The Formation of Vegetable Mould through the Action of Worms': What items do worms swallow to aid in digestion?,Stones
1207,narrativeqa,0fec426130719e5a0ede16a2944f437415917462,Regarding the book 'The Formation of Vegetable Mould through the Action of Worms': What were Francis's and Horace's relationship to Darwin?,His sons.
1208,narrativeqa,0fec426130719e5a0ede16a2944f437415917462,Regarding the book 'The Formation of Vegetable Mould through the Action of Worms': What do worms use to plug up their burrows?,Leaves and stones
1209,narrativeqa,0fec426130719e5a0ede16a2944f437415917462,Regarding the book 'The Formation of Vegetable Mould through the Action of Worms': How do worms disintegrate rock?,With humic acids.
1210,narrativeqa,0fec426130719e5a0ede16a2944f437415917462,Regarding the book 'The Formation of Vegetable Mould through the Action of Worms': Worms can preservve what kind of objects underground?,ancient
1211,narrativeqa,105672e2bb1bcc9dd50e90822ca49a66876ac198,Regarding the book 'The Virginian (novel)': Where do the Virginian and Molly travel to?,Vermont.
1212,narrativeqa,105672e2bb1bcc9dd50e90822ca49a66876ac198,Regarding the book 'The Virginian (novel)': What was the Virginian forced to participate in?,The hanging of his close friend who admitted to stealing cattle.
1213,narrativeqa,105672e2bb1bcc9dd50e90822ca49a66876ac198,Regarding the book 'The Virginian (novel)': Who is the Virginian's love interest?,Molly Stark Wood
1214,narrativeqa,105672e2bb1bcc9dd50e90822ca49a66876ac198,Regarding the book 'The Virginian (novel)': Who did the Virginian do after shooting Tampas?,He left to marry Molly.
1215,narrativeqa,105672e2bb1bcc9dd50e90822ca49a66876ac198,Regarding the book 'The Virginian (novel)': What makes Molly want to visit Vermont?,That is where her family lives.
1216,narrativeqa,11545d73892f9fedd42044f9fa098de4bf33ec18,Regarding the book 'Prester John (novel)': What is the protagonist's name?,Crawfurd
1217,narrativeqa,11545d73892f9fedd42044f9fa098de4bf33ec18,Regarding the book 'Prester John (novel)': How does Henriques die?,Strangled by Laputa
1218,narrativeqa,11545d73892f9fedd42044f9fa098de4bf33ec18,Regarding the book 'Prester John (novel)': HOW DOES LAPUTA COMMIT SUICIDE?,BY JUMPING INTO AN UNDERGROUND RIVER
1219,narrativeqa,11545d73892f9fedd42044f9fa098de4bf33ec18,Regarding the book 'Prester John (novel)': Where does Crawfurd work as a shopkeeper?,Blaauwildebeestefontein
1220,narrativeqa,11545d73892f9fedd42044f9fa098de4bf33ec18,Regarding the book 'Prester John (novel)': WHERE DOES CRAWFORD FIRST MEET LAPUTA?,ON THE BEACH IN KIRKCAPLE
1221,narrativeqa,11ac9bf7f55ee9d40df3c0ba117c6914dd6ed9e6,Regarding the book 'A. J. Raffles': Why was Raffle always invited to huge social events at the beginning of the story?,He was a famous cricketer
1222,narrativeqa,11ac9bf7f55ee9d40df3c0ba117c6914dd6ed9e6,Regarding the book 'A. J. Raffles': How many phases do these stories have?,Two
1223,narrativeqa,11ac9bf7f55ee9d40df3c0ba117c6914dd6ed9e6,Regarding the book 'A. J. Raffles': Who does the rich invalid turn out to be?,Raffles
1224,narrativeqa,11ac9bf7f55ee9d40df3c0ba117c6914dd6ed9e6,Regarding the book 'A. J. Raffles': Which collection was the first story part of?,An Amateur Cracksman
1225,narrativeqa,11ac9bf7f55ee9d40df3c0ba117c6914dd6ed9e6,Regarding the book 'A. J. Raffles': What war do they volunteer for?,The Boer War
1226,narrativeqa,11bea904fdb02ad88a14a724e901f819e952784f,"Regarding the book 'Gadsby (novel)': Why did Gadsby help form the ""Organization of Youth""?",He was shocked at how his hometown was declining.
1227,narrativeqa,11bea904fdb02ad88a14a724e901f819e952784f,Regarding the book 'Gadsby (novel)': What happened to Branton Hills?,"It grows from 2,000 to 60,000 people and becomes a thriving city."
1228,narrativeqa,11bea904fdb02ad88a14a724e901f819e952784f,Regarding the book 'Gadsby (novel)': Who is the narrator of the story?,Anonymous
1229,narrativeqa,11bea904fdb02ad88a14a724e901f819e952784f,Regarding the book 'Gadsby (novel)': What style of writing does the narrator use?,Circumlocution
1230,narrativeqa,11bea904fdb02ad88a14a724e901f819e952784f,Regarding the book 'Gadsby (novel)': Who is president of the United States at the end?,Warren G. Harding.
1231,narrativeqa,11c498b404bec5dee6cbf41e54a8b682851fb934,Regarding the book 'Beyond the Black River': Who goes to warn the salt gatherers?,Conan.
1232,narrativeqa,11c498b404bec5dee6cbf41e54a8b682851fb934,Regarding the book 'Beyond the Black River': Who is Slasher?,feral dog
1233,narrativeqa,11c498b404bec5dee6cbf41e54a8b682851fb934,Regarding the book 'Beyond the Black River': What does Conan do to the Pictish village?,He sets it on fire.
1234,narrativeqa,11c498b404bec5dee6cbf41e54a8b682851fb934,Regarding the book 'Beyond the Black River': Where does the end of the story take place?,tavern
1235,narrativeqa,11c498b404bec5dee6cbf41e54a8b682851fb934,Regarding the book 'Beyond the Black River': What happens to Balthus and Slasher?,They sacrifice themselves in order to save the settlers during a Pictish attack.
1236,narrativeqa,11fd944eb62dfdbf040dce9f4192dd6b6e69c352,Regarding the book 'The Jamesons': Why does Mrs. Jameson have to remove the ivy she planted on the homes?,because it was poison
1237,narrativeqa,11fd944eb62dfdbf040dce9f4192dd6b6e69c352,Regarding the book 'The Jamesons': What does Mrs. Jameson try to get rid of from people's parlors?,Framed coffin plates.
1238,narrativeqa,11fd944eb62dfdbf040dce9f4192dd6b6e69c352,Regarding the book 'The Jamesons': Who does Mrs. Jameson accept as her son-in-law?,Harry Liscom
1239,narrativeqa,11fd944eb62dfdbf040dce9f4192dd6b6e69c352,Regarding the book 'The Jamesons': What does Mrs. Jameson say rich pies cause?,insanity and dyspepsia
1240,narrativeqa,11fd944eb62dfdbf040dce9f4192dd6b6e69c352,Regarding the book 'The Jamesons': What kind of lessons does Mrs. Liscom teach Harriet Liscom?,Housekeeping
1241,narrativeqa,120f3a2285b2a742f63b95f7e1fee5e498d08cb0,Regarding the book 'The Mysterious Island': What secret is discovered about the island?,It is Captain Nemo's hideout
1242,narrativeqa,120f3a2285b2a742f63b95f7e1fee5e498d08cb0,Regarding the book 'The Mysterious Island': What do they find at the sheepfold?,Ayrton and his pirates dead
1243,narrativeqa,120f3a2285b2a742f63b95f7e1fee5e498d08cb0,Regarding the book 'The Mysterious Island': What is the name of Cyrus' dog?,Top
1244,narrativeqa,120f3a2285b2a742f63b95f7e1fee5e498d08cb0,Regarding the book 'The Mysterious Island': Who is Captain Nemo's real identity?,The lost Indian Prince Dakkur
1245,narrativeqa,120f3a2285b2a742f63b95f7e1fee5e498d08cb0,Regarding the book 'The Mysterious Island': After returning to America where do they settle?,In Iowa
1246,narrativeqa,1225b1acc92c2554e91c09639f86c1d75f8e9161,"Regarding the book 'Pierre; or, The Ambiguities': How many corpses are at the end?",3
1247,narrativeqa,1225b1acc92c2554e91c09639f86c1d75f8e9161,"Regarding the book 'Pierre; or, The Ambiguities': Who joins Pierre and Isabel when the travel to New York City?",Delly Ulver joins Pierre and Isabel.
1248,narrativeqa,1225b1acc92c2554e91c09639f86c1d75f8e9161,"Regarding the book 'Pierre; or, The Ambiguities': Who is Pierre Jr engaged to at the beginning of the story?",Pierre is engaged to Lucy Tartan.
1249,narrativeqa,1225b1acc92c2554e91c09639f86c1d75f8e9161,"Regarding the book 'Pierre; or, The Ambiguities': Who accompanies Pierre and Isabel to New York City?",Delly Ulver.
1250,narrativeqa,1225b1acc92c2554e91c09639f86c1d75f8e9161,"Regarding the book 'Pierre; or, The Ambiguities': What estate is Pierre the heir to?",Saddle Meadows
1251,narrativeqa,12d6955c88a3d48c00cde7853e47a4dcd5020b60,Regarding the book 'Elsie Venner': What is the title of this story?,Elsie Venner
1252,narrativeqa,12d6955c88a3d48c00cde7853e47a4dcd5020b60,Regarding the book 'Elsie Venner': What happenned to Elsie Venner's mother upon being snake poisoned?,She died.
1253,narrativeqa,12d6955c88a3d48c00cde7853e47a4dcd5020b60,Regarding the book 'Elsie Venner': Why does Dick intend to marry Elsie?,To inherit his Uncle's estate
1254,narrativeqa,12d6955c88a3d48c00cde7853e47a4dcd5020b60,Regarding the book 'Elsie Venner': What is the name of the village where the school bully Abner Briggs lives.?,Pigwacket Center.
1255,narrativeqa,12d6955c88a3d48c00cde7853e47a4dcd5020b60,Regarding the book 'Elsie Venner': Why does Bernard Langdon take time away from his studies?,to earn money
1256,narrativeqa,12ec522e344ec19702bc8bc74d85b4e5adf2d229,Regarding the book 'Mary: A Fiction': Where does Mary travel with Ann in hopes of making her better?,Lisbon
1257,narrativeqa,12ec522e344ec19702bc8bc74d85b4e5adf2d229,Regarding the book 'Mary: A Fiction': What does Mary do when she hears that Henry's consumption has worsened?,She cares for him until he dies.l
1258,narrativeqa,12ec522e344ec19702bc8bc74d85b4e5adf2d229,Regarding the book 'Mary: A Fiction': What does Charles do immediately after he and Mary are wed?,He leaves for the Continent.
1259,narrativeqa,12ec522e344ec19702bc8bc74d85b4e5adf2d229,Regarding the book 'Mary: A Fiction': How does Mary educate herself?,using books and the natural world
1260,narrativeqa,12ec522e344ec19702bc8bc74d85b4e5adf2d229,Regarding the book 'Mary: A Fiction': What makes you think that Mary will have a short life?,Mary is not healthy and the story implies that she will die young.
1261,narrativeqa,1343fe0f3a4293a8d5a214cd30e857f9abe77ebb,Regarding the book 'The Tin Woodman of Oz': What did the Wicked Witch of the East enchant?,The Tin Woodman's sword
1262,narrativeqa,1343fe0f3a4293a8d5a214cd30e857f9abe77ebb,Regarding the book 'The Tin Woodman of Oz': Who travels to Gillikin Country with the Tin Woodman?,Woot and the Scarecrow.
1263,narrativeqa,1343fe0f3a4293a8d5a214cd30e857f9abe77ebb,Regarding the book 'The Tin Woodman of Oz': Who tells the Tin Woodman and the the Tin Soldier where Nimmie Amee lives?,a rabbit
1264,narrativeqa,1343fe0f3a4293a8d5a214cd30e857f9abe77ebb,"Regarding the book 'The Tin Woodman of Oz': What is used by Whoop so that he, the Tin Woodman, the Scarecrow, and Polychrome can escape from Mrs. Yoop?",The magic apron which open doors and barriers.
1265,narrativeqa,1343fe0f3a4293a8d5a214cd30e857f9abe77ebb,Regarding the book 'The Tin Woodman of Oz': Where did the tinmen finally find their beloved Nimmie Amee?,In a cottage in Munchkin country
1266,narrativeqa,14d3ae5cbf989a9176c4ceda975b193338a2de84,"Regarding the book 'The Life and Opinions of Tristram Shandy, Gentleman': One of the jokes of the Novel is that Tristram can not?",Explain anything simple.
1267,narrativeqa,14d3ae5cbf989a9176c4ceda975b193338a2de84,"Regarding the book 'The Life and Opinions of Tristram Shandy, Gentleman': Why did Tristram urinate out of the window?",His chamberpot was missing.
1268,narrativeqa,14d3ae5cbf989a9176c4ceda975b193338a2de84,"Regarding the book 'The Life and Opinions of Tristram Shandy, Gentleman': At the moment of Tristram's procreation what question does his mother ask his father?",If he remembered to wind the clock
1269,narrativeqa,14d3ae5cbf989a9176c4ceda975b193338a2de84,"Regarding the book 'The Life and Opinions of Tristram Shandy, Gentleman': At the moment of procreation, what did Tristram's mother ask his father?",If he had remembered to wind the clock.
1270,narrativeqa,14d3ae5cbf989a9176c4ceda975b193338a2de84,"Regarding the book 'The Life and Opinions of Tristram Shandy, Gentleman': During Tristram's diffcult birth Dr. Slop's forceps did what to Tristram?",crushed his nose
1271,narrativeqa,14fc0de61e9e8044764da1fb9f647d8ceb60e561,Regarding the book 'A Sentimental Journey Through France and Italy': Why does Yorick fight with the lady he shares a room with?,He makes too much noise.
1272,narrativeqa,14fc0de61e9e8044764da1fb9f647d8ceb60e561,Regarding the book 'A Sentimental Journey Through France and Italy': Who was Yorick mistaken for?,The King's jester.
1273,narrativeqa,14fc0de61e9e8044764da1fb9f647d8ceb60e561,Regarding the book 'A Sentimental Journey Through France and Italy': What does Yorick grab at the end of the story?,It is unclear.
1274,narrativeqa,14fc0de61e9e8044764da1fb9f647d8ceb60e561,Regarding the book 'A Sentimental Journey Through France and Italy': Where does Yorick acquire his passport?,Count de Bitch
1275,narrativeqa,14fc0de61e9e8044764da1fb9f647d8ceb60e561,Regarding the book 'A Sentimental Journey Through France and Italy': In what city does Yorick begin his travels?,Calais.
1276,narrativeqa,15b1a5fe8ab222deba12f514f8a2311f901ab1d2,Regarding the book 'The Skylark of Space': What was the name of the cluster of stars they encountered ?,The green system.
1277,narrativeqa,15b1a5fe8ab222deba12f514f8a2311f901ab1d2,Regarding the book 'The Skylark of Space': What is the name of spaceship Dick Seaton and Martin Crane piloted?,Skylark
1278,narrativeqa,15b1a5fe8ab222deba12f514f8a2311f901ab1d2,Regarding the book 'The Skylark of Space': Seaton and Martin create a business to do what ?,To build a space ship.
1279,narrativeqa,15b1a5fe8ab222deba12f514f8a2311f901ab1d2,Regarding the book 'The Skylark of Space': What is another faction of Earth like planet Osnome beside Mardonale?,Kondal
1280,narrativeqa,15b1a5fe8ab222deba12f514f8a2311f901ab1d2,Regarding the book 'The Skylark of Space': Who eventually helps Seaton and his friends to rebuild their ship to get Seaton and his friends back to Earth?,The Kondalians
1281,narrativeqa,16380f54b88ffa64ca4cd82d3dc5481e78ad5118,Regarding the book 'The Research Magnificent': WHAT PROMISE DID WHITE GIVE TO THE DYING BENHAM?,TO WRITE HIS BOOK
1282,narrativeqa,16380f54b88ffa64ca4cd82d3dc5481e78ad5118,Regarding the book 'The Research Magnificent': Who was Amanda?,Benham's  wife
1283,narrativeqa,16380f54b88ffa64ca4cd82d3dc5481e78ad5118,Regarding the book 'The Research Magnificent': Who was Benham father?,A Schoolmaster
1284,narrativeqa,16380f54b88ffa64ca4cd82d3dc5481e78ad5118,Regarding the book 'The Research Magnificent': What was Benhams father's occupation?,Schoolmaster
1285,narrativeqa,16380f54b88ffa64ca4cd82d3dc5481e78ad5118,Regarding the book 'The Research Magnificent': WHAT WAS  WILLIAM BENHAM'S BIOLOGICAL FATHER'S OCCUPATION?,SCHOOLMASTER
1286,narrativeqa,17423260aeaf5dede7a635b123708948eaa7ef4a,Regarding the book 'Five Children and It': Which wish leads to the gamekeeper meeting the children's housemaid?,their wish for wings
1287,narrativeqa,17423260aeaf5dede7a635b123708948eaa7ef4a,Regarding the book 'Five Children and It': What was the kid's first wish involving the Lamb?,That someone else would take care of him.
1288,narrativeqa,17423260aeaf5dede7a635b123708948eaa7ef4a,Regarding the book 'Five Children and It': Which nickname do the children call their baby brother?,the Lamb
1289,narrativeqa,17423260aeaf5dede7a635b123708948eaa7ef4a,Regarding the book 'Five Children and It': Who is the closest out of the children to the Psammead?,Anthea
1290,narrativeqa,17423260aeaf5dede7a635b123708948eaa7ef4a,Regarding the book 'Five Children and It': What happens when the children ask for a castle?,The castle gets attacked
1291,narrativeqa,1773a177343713782c2437b460f5399aae80e18c,Regarding the book 'The Golden Bowl': Who goes to America with his wife?,Adam
1292,narrativeqa,1773a177343713782c2437b460f5399aae80e18c,Regarding the book 'The Golden Bowl': Once Maggie gets married what does she become afraid of?,Her father becoming lonely
1293,narrativeqa,1773a177343713782c2437b460f5399aae80e18c,Regarding the book 'The Golden Bowl': Why does Prince decline the purchase of a crystal bowl?,Prince believes it may contain a hidden flaw
1294,narrativeqa,1773a177343713782c2437b460f5399aae80e18c,Regarding the book 'The Golden Bowl': What country is Adam Verver from?,America
1295,narrativeqa,1773a177343713782c2437b460f5399aae80e18c,Regarding the book 'The Golden Bowl': Why does the shopkeeper visit Maggie after she buys the golden bowl?,To tell her he overcharged her for the bowl.
1296,narrativeqa,17f2e2685467b6eebf01d2a643e31f53ea215e91,Regarding the book 'Marianela (novel)': Who does Nela believe Florentina is when she first sees het?,The Virgin Mary.
1297,narrativeqa,17f2e2685467b6eebf01d2a643e31f53ea215e91,Regarding the book 'Marianela (novel)': What is Florentina's familial relationship to Pablo?,Florentina is Pablo's cousin
1298,narrativeqa,17f2e2685467b6eebf01d2a643e31f53ea215e91,Regarding the book 'Marianela (novel)': Who is Florentina?,Pablo's beautiful cousin whom he's supposed to marry.
1299,narrativeqa,17f2e2685467b6eebf01d2a643e31f53ea215e91,Regarding the book 'Marianela (novel)': What doctor cures Pablo's blindness?,Teodoro Golfin
1300,narrativeqa,17f2e2685467b6eebf01d2a643e31f53ea215e91,Regarding the book 'Marianela (novel)': Why does La Nela die?,La Nela dies because of a broken heart
1301,narrativeqa,188e11abcd525cfdb83f68276a23e8de20534d3c,Regarding the book 'Amelia (novel)': Where was William originally imprisoned?,Newgate
1302,narrativeqa,188e11abcd525cfdb83f68276a23e8de20534d3c,Regarding the book 'Amelia (novel)': What does William think about Amelia after her accident?,William still finds her beautiful.
1303,narrativeqa,188e11abcd525cfdb83f68276a23e8de20534d3c,Regarding the book 'Amelia (novel)': Why did William's gambling debts get so high?,He was trying to get the family out of poverty.
1304,narrativeqa,188e11abcd525cfdb83f68276a23e8de20534d3c,Regarding the book 'Amelia (novel)': How does Amelia react to William's cheating?,Amelia forgives her husband.
1305,narrativeqa,188e11abcd525cfdb83f68276a23e8de20534d3c,"Regarding the book 'Amelia (novel)': After receiving the money, what does Amelia spend it on?",Getting William out of debt
1306,narrativeqa,18a67c48f4afdee5d95afd681e6e1787471b5f30,Regarding the book 'The Hour of the Dragon': Conan travel into what lands on his Quest for the Heart of Ahriman?,Hyboria
1307,narrativeqa,18a67c48f4afdee5d95afd681e6e1787471b5f30,Regarding the book 'The Hour of the Dragon': Who defeats the Aquilonian army?,Nemedia
1308,narrativeqa,18a67c48f4afdee5d95afd681e6e1787471b5f30,Regarding the book 'The Hour of the Dragon': Who does the group of conspirators want to replace Conan with?,Valerius
1309,narrativeqa,18a67c48f4afdee5d95afd681e6e1787471b5f30,Regarding the book 'The Hour of the Dragon': Why do conspirators want to depose Conan?,They want Valerius to be king.
1310,narrativeqa,18a67c48f4afdee5d95afd681e6e1787471b5f30,Regarding the book 'The Hour of the Dragon': Which empire is Xaltotun from?,Pre-Hyborian empire of Acheron.
1311,narrativeqa,1905d5891ab7c5797b3b59ccf1c206059ed73888,"Regarding the book 'King Coal': During rescue operations after the mine explosion, what are the bosses intent on recovering?",Tools and equipment.
1312,narrativeqa,1905d5891ab7c5797b3b59ccf1c206059ed73888,Regarding the book 'King Coal': Why does the United Mine Workers refuse to support the GFC worker strike?,They claim the strike is too new and would waste union resources without widespread union support.
1313,narrativeqa,1905d5891ab7c5797b3b59ccf1c206059ed73888,Regarding the book 'King Coal': How does Hal's relationship with Mary Burke make him feel?,He feels unloyal to his fiancĂŠe.
1314,narrativeqa,1905d5891ab7c5797b3b59ccf1c206059ed73888,Regarding the book 'King Coal': What happened when Hal first sought employment in the coal mine industry?,He was refused employment because he was a suspected union organizer.
1315,narrativeqa,1905d5891ab7c5797b3b59ccf1c206059ed73888,Regarding the book 'King Coal': Who does Hal decide he loves at the end of the story?,Mary Burke
1316,narrativeqa,1915f92c4152b867fa9bee83e61b901983f8a3ea,Regarding the book 'Sylvia's Lovers': What does Philip do while fighting in the Napoleonic Wars?,He saves Charlie's life.
1317,narrativeqa,1915f92c4152b867fa9bee83e61b901983f8a3ea,Regarding the book 'Sylvia's Lovers': How does Philip become disfigured?,An explosion
1318,narrativeqa,1915f92c4152b867fa9bee83e61b901983f8a3ea,Regarding the book 'Sylvia's Lovers': How does impressment affect Sylvia Robson's relationship with Charlie Kinraid?,It permanently separates the two from having a relationship
1319,narrativeqa,1915f92c4152b867fa9bee83e61b901983f8a3ea,Regarding the book 'Sylvia's Lovers': Who witnesses Charlie Kinraid being forced into the Royal Navy by a press gang?,"Sylvia's cousin, Philip."
1320,narrativeqa,1915f92c4152b867fa9bee83e61b901983f8a3ea,Regarding the book 'Sylvia's Lovers': What cause Philip to be disfigured?,A shipboard explosion
1321,narrativeqa,193805049ab9d8f8f745cee9d77d8d2ea8cc9a2d,Regarding the book 'The Ambassadors': Who was Marie de Vionnnet?,Jeanne's mother.
1322,narrativeqa,193805049ab9d8f8f745cee9d77d8d2ea8cc9a2d,Regarding the book 'The Ambassadors': Who does Strether's fiancĂŠ send to Paris after Strether does not return with her son?,She sends Chad's sister Sarah.
1323,narrativeqa,193805049ab9d8f8f745cee9d77d8d2ea8cc9a2d,Regarding the book 'The Ambassadors': Why did Lambert Strether went to Paris?,Lambert Strether went to Paris to brought Chad back to her mother.
1324,narrativeqa,193805049ab9d8f8f745cee9d77d8d2ea8cc9a2d,Regarding the book 'The Ambassadors': Why does Strether tell Chad not to return to America?,He realized that Chad was in a relationship with Marie and wanted them to be happy.
1325,narrativeqa,193805049ab9d8f8f745cee9d77d8d2ea8cc9a2d,Regarding the book 'The Ambassadors': How is Sarah Pocock related to Chad?,She's his sister
1326,narrativeqa,197c316d6255c3f1542b55d366023a8ce2867e16,Regarding the book 'Eugénie Grandet': How did Eugenie feel after Charles broke their engagement?,She was heart broken.
1327,narrativeqa,197c316d6255c3f1542b55d366023a8ce2867e16,Regarding the book 'Eugénie Grandet': Who does Eugenie give all of her money to?,Charles
1328,narrativeqa,197c316d6255c3f1542b55d366023a8ce2867e16,"Regarding the book 'Eugénie Grandet': Why did Guillaume send his son, Charles, to Eugenie Grandet's home in Paris?",Because he had become suicidal after he went backrupt.
1329,narrativeqa,197c316d6255c3f1542b55d366023a8ce2867e16,Regarding the book 'Eugénie Grandet': Who does Eugenie become engaged to after Charles?,Cruchot Des Bonfons
1330,narrativeqa,197c316d6255c3f1542b55d366023a8ce2867e16,"Regarding the book 'Eugénie Grandet': Aside from the debt condition, what other condition did Eugenie want to be engaged to Cruchot des Bonfons?",To keep her a virgin after marriage.
1331,narrativeqa,19f65d45dd5159fb960036276b7cdb306dd2b029,Regarding the book 'I Will Repay (novel)': Why does Juliette get arrested instead of Deruelede when the soldiers find the papers?,Because she had Deruelede's burnt papers in her letter box
1332,narrativeqa,19f65d45dd5159fb960036276b7cdb306dd2b029,Regarding the book 'I Will Repay (novel)': What strategy does Juliette use to trick her way into Deroulede's house?,Juliette deliberately angers a crowd and then seeks safety by beating on Deroulede's door.
1333,narrativeqa,19f65d45dd5159fb960036276b7cdb306dd2b029,Regarding the book 'I Will Repay (novel)': How old is Juliette when she swears to ruin Deroulede?,fourteen
1334,narrativeqa,19f65d45dd5159fb960036276b7cdb306dd2b029,Regarding the book 'I Will Repay (novel)': What scheme is Deroulede warned about by Sir Percy?,Deroulede's scheme to free the the queen from prison.
1335,narrativeqa,19f65d45dd5159fb960036276b7cdb306dd2b029,Regarding the book 'I Will Repay (novel)': How did Juliette trick her way into Deroulede's house?,Angered the crowd
1336,narrativeqa,1a26b476901a0785835b0ebeecaae3a212b026ef,Regarding the book 'Orley Farm (novel)': What is Felix Graham's occupation?,A barrister/lawyer.
1337,narrativeqa,1a26b476901a0785835b0ebeecaae3a212b026ef,Regarding the book 'Orley Farm (novel)': Why does Samuel Dockwrath believe the codicil is a forgery?,The codicil witnesses do not remember signing the second deed.
1338,narrativeqa,1a26b476901a0785835b0ebeecaae3a212b026ef,Regarding the book 'Orley Farm (novel)': Why does Lady Mason give up Orley Farm?,She forged the codicil and felt guilty.
1339,narrativeqa,1a26b476901a0785835b0ebeecaae3a212b026ef,Regarding the book 'Orley Farm (novel)': When do Lady Mason and Sir Peregrine Orme marry?,They do not marry.
1340,narrativeqa,1a26b476901a0785835b0ebeecaae3a212b026ef,Regarding the book 'Orley Farm (novel)': Where did young Joseph Mason live with his wife?,Groby Park in Yorkshire.
1341,narrativeqa,1a8098e49cbf3df223c434c5d134bf9453a5a82e,"Regarding the book 'Futility, or the Wreck of the Titan': What happens to John Rowland after he is rescued after the wreck of the Titan?",He is arrested after being accused of kidnapping the girl he saved.
1342,narrativeqa,1a8098e49cbf3df223c434c5d134bf9453a5a82e,"Regarding the book 'Futility, or the Wreck of the Titan': How does the young girl's mother reward Rowland for saving her daughter?",She has him arrested for kidnapping.
1343,narrativeqa,1a8098e49cbf3df223c434c5d134bf9453a5a82e,"Regarding the book 'Futility, or the Wreck of the Titan': What is the Titan?",A ship that Rowland works on.
1344,narrativeqa,1a8098e49cbf3df223c434c5d134bf9453a5a82e,"Regarding the book 'Futility, or the Wreck of the Titan': What is the name of the ship where John Rowland works?",The Titan.
1345,narrativeqa,1a8098e49cbf3df223c434c5d134bf9453a5a82e,"Regarding the book 'Futility, or the Wreck of the Titan': After recovering to a renewed life, what news does Rowland recieve?",The mothers recognition and the daughter begging for him
1346,narrativeqa,1ae5346d34d86c974f8893001ca8bd6bb99d750c,Regarding the book 'The Beautiful and Damned': Where does Anthony's money presumptively come from?,He is presumptively the heir to a tycoon's fortune.
1347,narrativeqa,1ae5346d34d86c974f8893001ca8bd6bb99d750c,Regarding the book 'The Beautiful and Damned': What does Anthony's friend believe there is a place for in literature?,The Romanticist
1348,narrativeqa,1ae5346d34d86c974f8893001ca8bd6bb99d750c,Regarding the book 'The Beautiful and Damned': Who is the story about?,Anthony Patch and his wife Gloria Gilbert
1349,narrativeqa,1ae5346d34d86c974f8893001ca8bd6bb99d750c,Regarding the book 'The Beautiful and Damned': What time period do Anthony and Gloria live in?,Pre World War I
1350,narrativeqa,1ae5346d34d86c974f8893001ca8bd6bb99d750c,Regarding the book 'The Beautiful and Damned': Which war did Anthony serve in?,World War I
1351,narrativeqa,1b458192e39bd7fdf10e69d6b975844a211e72a9,Regarding the book 'Jerry of the Islands': Why did the Brits attack the village?,To retaliate against the natives for the loss of the Arangi
1352,narrativeqa,1b458192e39bd7fdf10e69d6b975844a211e72a9,Regarding the book 'Jerry of the Islands': Where did Jerry hide while the village was being destroyed by the Brits?,Jerry hid in the jungle.
1353,narrativeqa,1b458192e39bd7fdf10e69d6b975844a211e72a9,Regarding the book 'Jerry of the Islands': What two persons were killed by the natives?,Captain Van Horn and the Skipper
1354,narrativeqa,1b458192e39bd7fdf10e69d6b975844a211e72a9,Regarding the book 'Jerry of the Islands': How long did Jerry and Michael spend together before they were separated?,10 days
1355,narrativeqa,1b458192e39bd7fdf10e69d6b975844a211e72a9,Regarding the book 'Jerry of the Islands': Where did he reunite with his brother 10 years later?,California
1356,narrativeqa,1b548ec72908f9447446bdb24e8c179df19a8999,Regarding the book 'The Knight's Tale': Who wounds Palamon with a sword?,One of Arcites men.
1357,narrativeqa,1b548ec72908f9447446bdb24e8c179df19a8999,Regarding the book 'The Knight's Tale': What does Arcite tell Emily just before he dies?,That she should marry Palamon.
1358,narrativeqa,1b548ec72908f9447446bdb24e8c179df19a8999,Regarding the book 'The Knight's Tale': Why does Arcite return to Athens?,To get close to Emily.
1359,narrativeqa,1b548ec72908f9447446bdb24e8c179df19a8999,Regarding the book 'The Knight's Tale': Which god intervenes and prevents Arcite from claiming the hand of Emily?,Saturn.
1360,narrativeqa,1b548ec72908f9447446bdb24e8c179df19a8999,Regarding the book 'The Knight's Tale': What weapon is used to wound Palamon?,A sword.
1361,narrativeqa,1b82b15048e60b850bcaa1a8c719cf4008d0fbb8,Regarding the book 'The Recruiting Officer': Where does Sylvia really go after speaking to her father?,Shrewsbury
1362,narrativeqa,1b82b15048e60b850bcaa1a8c719cf4008d0fbb8,Regarding the book 'The Recruiting Officer': Who is the fortune teller?,Kite
1363,narrativeqa,1b82b15048e60b850bcaa1a8c719cf4008d0fbb8,Regarding the book 'The Recruiting Officer': What offer from Worthy was Melinda offended by?,For her to be his mistress
1364,narrativeqa,1b82b15048e60b850bcaa1a8c719cf4008d0fbb8,Regarding the book 'The Recruiting Officer': Who did Melinda accept an offer from to annoy Worthy?,Captain Brazen
1365,narrativeqa,1b82b15048e60b850bcaa1a8c719cf4008d0fbb8,Regarding the book 'The Recruiting Officer': Who does Melinda end up choosing for marriage?,Worthy.
1366,narrativeqa,1bf46ea21ef903f8d75bd213ea9cc39ae8f4be18,Regarding the book 'Perlycross': Why does Sir Thomas Waldron's death come as a surprise to everyone?,Because news of his illness was kept secret
1367,narrativeqa,1bf46ea21ef903f8d75bd213ea9cc39ae8f4be18,Regarding the book 'Perlycross': Who has fallen in love with Dr. Fox?,Inez
1368,narrativeqa,1bf46ea21ef903f8d75bd213ea9cc39ae8f4be18,Regarding the book 'Perlycross': What does Sir Waldron tell Rev. Penniloe?,He approves of Dr. Fox marrying Inez if she likes Dr. Fox.
1369,narrativeqa,1bf46ea21ef903f8d75bd213ea9cc39ae8f4be18,Regarding the book 'Perlycross': What reason does Lady Waldron believe prompted the grave robbing?,She thinks the corpse was stolen for medical purposes
1370,narrativeqa,1bf46ea21ef903f8d75bd213ea9cc39ae8f4be18,Regarding the book 'Perlycross': Who denied Dr. Fox's request for a meeting?,Lady Waldron
1371,narrativeqa,1c64744acb7e41887938c2e9b0cf6b2f85e92921,Regarding the book 'The Iron Heel': Who builds the public works of Asgard?,The proletarians.
1372,narrativeqa,1c64744acb7e41887938c2e9b0cf6b2f85e92921,Regarding the book 'The Iron Heel': What did the revolution usher in?,The brotherhood of man
1373,narrativeqa,1c64744acb7e41887938c2e9b0cf6b2f85e92921,Regarding the book 'The Iron Heel': What is Asgard?,A fictional wonder-city
1374,narrativeqa,1c64744acb7e41887938c2e9b0cf6b2f85e92921,Regarding the book 'The Iron Heel': How did the Oligarchy want Asgard to be viewed?,With admiration and appreciation.
1375,narrativeqa,1c64744acb7e41887938c2e9b0cf6b2f85e92921,Regarding the book 'The Iron Heel': Who conquered Asian and gained their own empire?,Japan
1376,narrativeqa,1cb9eac7e7352cd7cac800000c09c244ae2ce13f,Regarding the book 'First Lensman': Who else do the Lensman recruit to their cause?,"They recruit a great deal of aliens, represented by a great many different species."
1377,narrativeqa,1cb9eac7e7352cd7cac800000c09c244ae2ce13f,Regarding the book 'First Lensman': Who are the only people who can make The Lens?,Only the Arisians can make the  Lens.
1378,narrativeqa,1cb9eac7e7352cd7cac800000c09c244ae2ce13f,Regarding the book 'First Lensman': What do the Arisians task Samms to do?,He is to find other Lens worthy people and direct them to Arisia to recieve their own lens.
1379,narrativeqa,1cb9eac7e7352cd7cac800000c09c244ae2ce13f,Regarding the book 'First Lensman': What is the mind altering drug the Lensmen are chasing called?,It is called Thionite.
1380,narrativeqa,1cb9eac7e7352cd7cac800000c09c244ae2ce13f,Regarding the book 'First Lensman': What do the Arisians instruct Samm to do?,To bring them those who are attuned to the Lens.
1381,narrativeqa,1dcd41b8faacf141817133954ff78291593520b5,Regarding the book 'Man and Wife (novel)': In what country does the initial action take place?,Scotland
1382,narrativeqa,1dcd41b8faacf141817133954ff78291593520b5,Regarding the book 'Man and Wife (novel)': Why didn't Hester call for help?,she can't speak
1383,narrativeqa,1dcd41b8faacf141817133954ff78291593520b5,Regarding the book 'Man and Wife (novel)': Who is the cook-housekeeper Geoffrey and Anne meet at the secluded cottage?,Hester Dethridge
1384,narrativeqa,1dcd41b8faacf141817133954ff78291593520b5,Regarding the book 'Man and Wife (novel)': Why did Anne need to be married?,To save her reputation.
1385,narrativeqa,1dcd41b8faacf141817133954ff78291593520b5,Regarding the book 'Man and Wife (novel)': Why did Sir Patrick keep watch outside the cottage?,He feared Anne was in danger.
1386,narrativeqa,1dfe627a09345ed564805313858dc89daf4a2283,Regarding the book 'Tom Swift and His Photo Telephone': Which inventions of Tom's is stolen?,His airship.
1387,narrativeqa,1dfe627a09345ed564805313858dc89daf4a2283,Regarding the book 'Tom Swift and His Photo Telephone': Why is Mr. Peters so angry with Tom?,Because Tom refuses to sell his ideas to him.
1388,narrativeqa,1dfe627a09345ed564805313858dc89daf4a2283,Regarding the book 'Tom Swift and His Photo Telephone': Who is operating the speeding motorboat that almost runs Tom over?,Shallock Peters.
1389,narrativeqa,1dfe627a09345ed564805313858dc89daf4a2283,Regarding the book 'Tom Swift and His Photo Telephone': What happens to Tom's airship?,It is stolen.
1390,narrativeqa,1dfe627a09345ed564805313858dc89daf4a2283,Regarding the book 'Tom Swift and His Photo Telephone': What did Mr. Peters try to buy Tom out of?,Tom's inventions.
1391,narrativeqa,1e44e31fb8bb26dc8aae3ca3cd7131acb59a447f,Regarding the book 'The Cloister and the Hearth': Where did Gerard and Margaret live before setting off to Rome?,In Holland
1392,narrativeqa,1e44e31fb8bb26dc8aae3ca3cd7131acb59a447f,Regarding the book 'The Cloister and the Hearth': What did Margaret convinced Gerard to do?,Margaret convinced Gerard to come back to normal live
1393,narrativeqa,1e44e31fb8bb26dc8aae3ca3cd7131acb59a447f,Regarding the book 'The Cloister and the Hearth': How does Margaret die?,She dies by contracting the plague.
1394,narrativeqa,1e44e31fb8bb26dc8aae3ca3cd7131acb59a447f,Regarding the book 'The Cloister and the Hearth': What happen to Gerard after he received the letter from his brother?,He became poor and tried to kill himself.
1395,narrativeqa,1e44e31fb8bb26dc8aae3ca3cd7131acb59a447f,Regarding the book 'The Cloister and the Hearth': Where does Gerard escape to at the beginning of the story?,Rome
1396,narrativeqa,1f3c4d904224764b1305205dfa99eae47c63240b,Regarding the book 'King Solomon's Mines': Where do the Englishmen find Sir Henry's brother?,Stranded at an oasis with a broken leg.
1397,narrativeqa,1f3c4d904224764b1305205dfa99eae47c63240b,Regarding the book 'King Solomon's Mines': What stranded Sir Henry's brother?,His broken leg
1398,narrativeqa,1f3c4d904224764b1305205dfa99eae47c63240b,Regarding the book 'King Solomon's Mines': What is Umbopa's role with the expedition?,He is the porter.
1399,narrativeqa,1f3c4d904224764b1305205dfa99eae47c63240b,Regarding the book 'King Solomon's Mines': How is Gagool killed?,She is crushed by the large stone door of the mine.
1400,narrativeqa,1f3c4d904224764b1305205dfa99eae47c63240b,Regarding the book 'King Solomon's Mines': What were the Englishmen initially using to travel?,An oxcart.
1401,narrativeqa,1f72c35054e8f6072d17032074496f0a60ff493a,Regarding the book 'The Poison Belt': What does this tragedy encourage humans to do?,Put a higher value on life
1402,narrativeqa,1f72c35054e8f6072d17032074496f0a60ff493a,Regarding the book 'The Poison Belt': How long was the effect of the poison on the people of the Earth?,The effect was temporary
1403,narrativeqa,1f72c35054e8f6072d17032074496f0a60ff493a,Regarding the book 'The Poison Belt': What was going to happen to Earth?,Earth was going to moved through a poison atmosphere.
1404,narrativeqa,1f72c35054e8f6072d17032074496f0a60ff493a,Regarding the book 'The Poison Belt': How does the group travel to London?,In Challenger's car
1405,narrativeqa,1f72c35054e8f6072d17032074496f0a60ff493a,"Regarding the book 'The Poison Belt': At the end, what was humanity made to appreciate?",A higher value on life
1406,narrativeqa,1fa32a0798f79e13ca92ae84eda9ab3eb12c70a4,Regarding the book 'The Call of the Wild': Where was Buck when Thornton was killed?,on a long hunt
1407,narrativeqa,1fa32a0798f79e13ca92ae84eda9ab3eb12c70a4,Regarding the book 'The Call of the Wild': Where do Francois and Perrault take Buck?,Canada's Klondike region.
1408,narrativeqa,1fa32a0798f79e13ca92ae84eda9ab3eb12c70a4,Regarding the book 'The Call of the Wild': How does Buck become pack leader?,by winning a fight against Spitz
1409,narrativeqa,1fa32a0798f79e13ca92ae84eda9ab3eb12c70a4,Regarding the book 'The Call of the Wild': Who are the owners who mistreat and nearly starve Buck in the wilderness?,"Hal, Charles, and Mercedes."
1410,narrativeqa,1fa32a0798f79e13ca92ae84eda9ab3eb12c70a4,Regarding the book 'The Call of the Wild': Who does Buck return as every year?,Ghost dog
1411,narrativeqa,206ee38a1991579ed174f236490a9064e573a878,Regarding the book 'The American Senator': Who is the anti-hero of this story?,Arabella
1412,narrativeqa,206ee38a1991579ed174f236490a9064e573a878,Regarding the book 'The American Senator': What does Mounser Green offer Arabella?,A marriage proposal.
1413,narrativeqa,206ee38a1991579ed174f236490a9064e573a878,Regarding the book 'The American Senator': Why doesn't Reginald initially propose marriage to Mary?,"He thinks she loves someone else, and so fears rejection."
1414,narrativeqa,206ee38a1991579ed174f236490a9064e573a878,Regarding the book 'The American Senator': Who does Arabella marry after John Morton dies?,Mounser Green
1415,narrativeqa,206ee38a1991579ed174f236490a9064e573a878,Regarding the book 'The American Senator': Who does Mary Master's stepmother want her to marry?,Lawrence Twentyman
1416,narrativeqa,2101dfafc654880e081ab5d54326a0fc9d4809f2,Regarding the book 'Lilith (novel)': Who is the princess of Bulika?,Lilith
1417,narrativeqa,2101dfafc654880e081ab5d54326a0fc9d4809f2,Regarding the book 'Lilith (novel)': What is Lilith's relationship to Raven?,Lilith is Adam's wife
1418,narrativeqa,2101dfafc654880e081ab5d54326a0fc9d4809f2,Regarding the book 'Lilith (novel)': Where did Mr. Vane's grandfather refuse to sleep?,The House of Beds
1419,narrativeqa,2101dfafc654880e081ab5d54326a0fc9d4809f2,Regarding the book 'Lilith (novel)': Who sleeps in the house of beds?,dreamers
1420,narrativeqa,2101dfafc654880e081ab5d54326a0fc9d4809f2,Regarding the book 'Lilith (novel)': Who kills Lona?,"Lilith, her mother."
1421,narrativeqa,216a7a5535571aae2842944a3529fae1f664cb0f,Regarding the book 'In the Reign of Terror: The Adventures of a Westminster Boy': Lebat says he will free Marie in exchange for what?,Her promise to marry him
1422,narrativeqa,216a7a5535571aae2842944a3529fae1f664cb0f,Regarding the book 'In the Reign of Terror: The Adventures of a Westminster Boy': Who is Marie's fiance?,Victor de Gisons
1423,narrativeqa,216a7a5535571aae2842944a3529fae1f664cb0f,Regarding the book 'In the Reign of Terror: The Adventures of a Westminster Boy': How old is Harry at the beginning of the story?,16
1424,narrativeqa,216a7a5535571aae2842944a3529fae1f664cb0f,Regarding the book 'In the Reign of Terror: The Adventures of a Westminster Boy': On what condition does Lebat agree to freeing Marie?,If she agress to marry him
1425,narrativeqa,216a7a5535571aae2842944a3529fae1f664cb0f,Regarding the book 'In the Reign of Terror: The Adventures of a Westminster Boy': What happens to Harry and Jeanne once they return to England?,Harry gets his medical degree and marries Jeanne.
1426,narrativeqa,21b5f862d86b23b2ed446dcbfbfb572ba70471d0,Regarding the book 'War and the Future': What is the most esential instrument of war?,Artillery.
1427,narrativeqa,21b5f862d86b23b2ed446dcbfbfb572ba70471d0,Regarding the book 'War and the Future': Who does Wells say developed tactics to defeat Germany?,The Allies
1428,narrativeqa,21b5f862d86b23b2ed446dcbfbfb572ba70471d0,Regarding the book 'War and the Future': What were British officers  criticised for?,The officers were critised for their treatment of the soilders.
1429,narrativeqa,21b5f862d86b23b2ed446dcbfbfb572ba70471d0,Regarding the book 'War and the Future': What does Wells claim changes the art of war?,New technologies
1430,narrativeqa,21b5f862d86b23b2ed446dcbfbfb572ba70471d0,Regarding the book 'War and the Future': What kind of person did Wells say was willing to accept any kind of peace?,"He called the ""yielding pacifists""."
1431,narrativeqa,21f3fcbf22d864a5d6a0c3830df19459d402706c,Regarding the book 'Penguin Island (novel)': What does the missionary believe the Auks are when he finds them?,Noble pagans
1432,narrativeqa,21f3fcbf22d864a5d6a0c3830df19459d402706c,Regarding the book 'Penguin Island (novel)': What real historical figures are depicted?,Columbia and Saint Augustine
1433,narrativeqa,21f3fcbf22d864a5d6a0c3830df19459d402706c,Regarding the book 'Penguin Island (novel)': What period does the narrative span from?,Migration Period (Dark Ages)
1434,narrativeqa,21f3fcbf22d864a5d6a0c3830df19459d402706c,Regarding the book 'Penguin Island (novel)': Why did the Auks fight during the Migration Period?,For territory
1435,narrativeqa,21f3fcbf22d864a5d6a0c3830df19459d402706c,Regarding the book 'Penguin Island (novel)': What happens to the civilization at the end of the story?,The civilization was destryoyed.
1436,narrativeqa,2209f93b0dc6420ccff949132228eebef584f72b,Regarding the book 'Dead Souls': Why was Chichikov previously fired from his mid-level government position?,Corruption.
1437,narrativeqa,2209f93b0dc6420ccff949132228eebef584f72b,Regarding the book 'Dead Souls': What characteristics do some of the landowner display in their dealings with Chichikov?,"Greed, paranoia, corruption."
1438,narrativeqa,2209f93b0dc6420ccff949132228eebef584f72b,Regarding the book 'Dead Souls': About how many souls does Chichikov purchase the rights to?,Four hundred.
1439,narrativeqa,2209f93b0dc6420ccff949132228eebef584f72b,Regarding the book 'Dead Souls': What is the name of the General's daughter?,Ulinka.
1440,narrativeqa,2209f93b0dc6420ccff949132228eebef584f72b,Regarding the book 'Dead Souls': Why does Chichikov get arrested?,Because he tries to forge the signature of Khlobuyev's aunt
1441,narrativeqa,229bcf6a72dbf68b2b074ab4266fa677da43f68d,Regarding the book 'Little Eyolf': What was the topic Alfred wanted to write about?,Responsibility
1442,narrativeqa,229bcf6a72dbf68b2b074ab4266fa677da43f68d,Regarding the book 'Little Eyolf': What happened to Eyolf?,Eyolf drowned
1443,narrativeqa,229bcf6a72dbf68b2b074ab4266fa677da43f68d,Regarding the book 'Little Eyolf': Why did the Rat-Wife come to the Allmer home?,To offer them her services of rodent removal
1444,narrativeqa,229bcf6a72dbf68b2b074ab4266fa677da43f68d,Regarding the book 'Little Eyolf': Who married Astas?,Borghejm
1445,narrativeqa,229bcf6a72dbf68b2b074ab4266fa677da43f68d,Regarding the book 'Little Eyolf': What is Eyolf's injury?,He is paralyzed in one of his legs.
1446,narrativeqa,22d1af3e29dc599ec0634fe860359027adea6944,Regarding the book 'Desperate Remedies': Who does cytherea love and what is his profession?,cytherea loves edward and he is an architect
1447,narrativeqa,22d1af3e29dc599ec0634fe860359027adea6944,Regarding the book 'Desperate Remedies': What is Edwards profession?,Local rector
1448,narrativeqa,22d1af3e29dc599ec0634fe860359027adea6944,Regarding the book 'Desperate Remedies': Who is Grayes' employer?,Miss Aldclyffe
1449,narrativeqa,22d1af3e29dc599ec0634fe860359027adea6944,Regarding the book 'Desperate Remedies': Who commits sucide in the end and where?,manston commits sucide in his cell.
1450,narrativeqa,22d1af3e29dc599ec0634fe860359027adea6944,Regarding the book 'Desperate Remedies': Who kills Manston?,Himself.
1451,narrativeqa,22d80f4823a64ed818417fcf2d172222f0f18bbf,Regarding the book 'Little Brother (Doctorow novel)': Why does Marcus decide to rebel against the DHS?,He feels his civil rights and personal liberties are being violated.
1452,narrativeqa,22d80f4823a64ed818417fcf2d172222f0f18bbf,"Regarding the book 'Little Brother (Doctorow novel)': What injury did Darryl accrued while being with his friend, Marcus?",He was stabbed in the crowed.
1453,narrativeqa,22d80f4823a64ed818417fcf2d172222f0f18bbf,"Regarding the book 'Little Brother (Doctorow novel)': What is the relationship between Marcus and his principal, Mr. Benson?",Marcus and Benson do not get along.
1454,narrativeqa,22d80f4823a64ed818417fcf2d172222f0f18bbf,Regarding the book 'Little Brother (Doctorow novel)': What are Marcus and his friends doing when the explosions go off?,Searching for a part for the game's scavenger hunt.
1455,narrativeqa,22d80f4823a64ed818417fcf2d172222f0f18bbf,Regarding the book 'Little Brother (Doctorow novel)': Who were released along with Marcus?,Vanessa and Jolu.
1456,narrativeqa,23d714a29b2f616294786c502de251845f10e4ef,Regarding the book 'The Vicar of Wakefield': Who does Arabella marry?,George.
1457,narrativeqa,23d714a29b2f616294786c502de251845f10e4ef,Regarding the book 'The Vicar of Wakefield': Why was George sent to prison and covered in blood?,He challenged Thornhill to a duel.
1458,narrativeqa,23d714a29b2f616294786c502de251845f10e4ef,Regarding the book 'The Vicar of Wakefield': Which one of the vicar's family member's was falsely reported dead?,His daughter Olivia.
1459,narrativeqa,23d714a29b2f616294786c502de251845f10e4ef,Regarding the book 'The Vicar of Wakefield': On whose land is the new Parish the family move to?,Squire Thornhill.
1460,narrativeqa,23d714a29b2f616294786c502de251845f10e4ef,Regarding the book 'The Vicar of Wakefield': How does Olivia end up married to Squire Thornbill?,His intended sham marriage turns out to be real due to being tricked by a servant.
1461,narrativeqa,23fa36d9def95414a50968d216460d52f3dd3653,Regarding the book 'All for Love (play)': When Cleopatra comes in and sees Antony dying what does she do?,Cleopatra commits suicide as soon as Antony dies.
1462,narrativeqa,23fa36d9def95414a50968d216460d52f3dd3653,Regarding the book 'All for Love (play)': Why does Antony want Ventidius to kill him?,he thinks Cleopatra is dead
1463,narrativeqa,23fa36d9def95414a50968d216460d52f3dd3653,"Regarding the book 'All for Love (play)': When Ventidius kills himself instead of killing Antony like Antony begged him to after finding out Cleopatra was dead, what does Antony do?",he attempts and fails at committing suicide
1464,narrativeqa,23fa36d9def95414a50968d216460d52f3dd3653,Regarding the book 'All for Love (play)': What does Cleopatra send with Alexas to win Anthony back?,jewels and a bracelet
1465,narrativeqa,23fa36d9def95414a50968d216460d52f3dd3653,Regarding the book 'All for Love (play)': What does Ventidius offer Antony to get him to leave Cleopatra?,troops
1466,narrativeqa,240ce3ba97e6969e93aa7e23bd384be181c49387,Regarding the book 'Skylark Three': What is the name of the new ship built to fight the Fenachrone?,Skylark Three is the new ship.
1467,narrativeqa,240ce3ba97e6969e93aa7e23bd384be181c49387,Regarding the book 'Skylark Three': What does DeQuesne plan to do after the interrogation?,Capture a Fenachrone battleship.
1468,narrativeqa,240ce3ba97e6969e93aa7e23bd384be181c49387,Regarding the book 'Skylark Three': What do Dunkark and Sitar ask of Seaton?,To fight against the invasion of Urvan Natives
1469,narrativeqa,240ce3ba97e6969e93aa7e23bd384be181c49387,Regarding the book 'Skylark Three': Why didn't Seaton do anything when DuQuesne disapparead?,"Seaton was busy mastering the ""zone of fore""."
1470,narrativeqa,240ce3ba97e6969e93aa7e23bd384be181c49387,Regarding the book 'Skylark Three': Which colony of people does Seaton destroy at the end?,The Fenachrone colony
1471,narrativeqa,24c8ed4f493ab62acff4da9bad5c6a1c07e4770d,Regarding the book 'The Maid of Sker': Who is Sir Philip Bampfylde searching for?,His two grandchildren
1472,narrativeqa,24c8ed4f493ab62acff4da9bad5c6a1c07e4770d,Regarding the book 'The Maid of Sker': In what geographic area does the ketch Davy joins trade?,Between Barnstaple and Porthcawl.
1473,narrativeqa,24c8ed4f493ab62acff4da9bad5c6a1c07e4770d,Regarding the book 'The Maid of Sker': Who is suspected of kidnapping Phillip Bampfylde's grandchildren?,Drake Bampfylde.
1474,narrativeqa,24c8ed4f493ab62acff4da9bad5c6a1c07e4770d,Regarding the book 'The Maid of Sker': What happens to Bardie's boat?,Davy Llewellyn keeps it for himself.
1475,narrativeqa,24c8ed4f493ab62acff4da9bad5c6a1c07e4770d,Regarding the book 'The Maid of Sker': When does The Maid of the Sker take place?,The end of the 18th Century.
1476,narrativeqa,254ce2e2522625e70a10c88ef265769083049b46,Regarding the book 'The Road to Oz': How did Dorothy and Toto got home?,Ozma used magic to wished them back home.
1477,narrativeqa,254ce2e2522625e70a10c88ef265769083049b46,Regarding the book 'The Road to Oz': Who did the king took a liking to?,Button Bright.
1478,narrativeqa,254ce2e2522625e70a10c88ef265769083049b46,Regarding the book 'The Road to Oz': Who was Botton Bright?,A cute and weatlhly little boy.
1479,narrativeqa,254ce2e2522625e70a10c88ef265769083049b46,Regarding the book 'The Road to Oz': Who build the sand boat?,Johnny Dooit
1480,narrativeqa,254ce2e2522625e70a10c88ef265769083049b46,Regarding the book 'The Road to Oz': What does Johnny Dooit build?,A sand boat
1481,narrativeqa,25827f8dc98f34529b019ac26dda8ef7d76f241d,Regarding the book 'The Man of Feeling': Why is Harley assigned several legal guardians?,Because he loses his parents
1482,narrativeqa,25827f8dc98f34529b019ac26dda8ef7d76f241d,Regarding the book 'The Man of Feeling': What happens to Harley after he professes his love for Miss Walton?,He dies
1483,narrativeqa,25827f8dc98f34529b019ac26dda8ef7d76f241d,Regarding the book 'The Man of Feeling': Who does Harley confess his love to?,Miss Walton.
1484,narrativeqa,25827f8dc98f34529b019ac26dda8ef7d76f241d,Regarding the book 'The Man of Feeling': What does Harley give the tavern owner?,His watch
1485,narrativeqa,25827f8dc98f34529b019ac26dda8ef7d76f241d,Regarding the book 'The Man of Feeling': What happened to Halery when he was a young kid?,He lost both of his parents.
1486,narrativeqa,2584ef223f762658333799d37f593530f02ada28,Regarding the book 'Le Bal de Sceaux': Why did Maximilien secretly tend a store?,To support his sick sister and brother who had departed the country.
1487,narrativeqa,2584ef223f762658333799d37f593530f02ada28,Regarding the book 'Le Bal de Sceaux': What is Maximilien's true identity?,He is Vicomte de Longueville and a peer of France.
1488,narrativeqa,2584ef223f762658333799d37f593530f02ada28,Regarding the book 'Le Bal de Sceaux': What eventually comes of Maximilien and Emilie's relationship?,They eventually fall in love.
1489,narrativeqa,2584ef223f762658333799d37f593530f02ada28,Regarding the book 'Le Bal de Sceaux': What was Ămilie's reaction to her fathers discovery?,She was horrified.
1490,narrativeqa,2584ef223f762658333799d37f593530f02ada28,Regarding the book 'Le Bal de Sceaux': How did Emilie feel when she is told Maximilien is a cloth merchant?,She feels horrified.
1491,narrativeqa,26118a3592e63a620bed0d65d1b0943d502e55ef,Regarding the book 'Brewster's Millions': Why did Brewster bailout a bank?,To save his landlady's account.
1492,narrativeqa,26118a3592e63a620bed0d65d1b0943d502e55ef,Regarding the book 'Brewster's Millions': What type of Character does Brewster demonstrate through his actions?,Strong moral character
1493,narrativeqa,26118a3592e63a620bed0d65d1b0943d502e55ef,Regarding the book 'Brewster's Millions': Why Can Brewster not tell anyone ?,He is sworn to secrecy
1494,narrativeqa,26118a3592e63a620bed0d65d1b0943d502e55ef,Regarding the book 'Brewster's Millions': Why does Brewster jump overboard on the cruise?,To save a drown sailor.
1495,narrativeqa,26118a3592e63a620bed0d65d1b0943d502e55ef,Regarding the book 'Brewster's Millions': Who falls in love with Monty despite his financial status?,Peggy Gray.
1496,narrativeqa,269ffd1de413e4556ac009ffabd821a869fdf75d,Regarding the book 'Doctor Pascal': What did Pascal and Coltilde have?,A baby boy
1497,narrativeqa,269ffd1de413e4556ac009ffabd821a869fdf75d,Regarding the book 'Doctor Pascal': Who does Clotilde get romantically involved with?,"Pascal, her uncle"
1498,narrativeqa,269ffd1de413e4556ac009ffabd821a869fdf75d,Regarding the book 'Doctor Pascal': What is Rougon-Macquart?,Family tree
1499,narrativeqa,269ffd1de413e4556ac009ffabd821a869fdf75d,Regarding the book 'Doctor Pascal': What does Clotilde ask Pascal to do with his work?,She wants him to destroy it
1500,narrativeqa,269ffd1de413e4556ac009ffabd821a869fdf75d,Regarding the book 'Doctor Pascal': How does Clotilde initially feel about Pascal's work?,It defies God
1501,narrativeqa,26d28abf2a82bf87357e2b62234d22b8c2bfe042,Regarding the book 'The Patchwork Girl of Oz': Who restores Unc Numkie and Dr. Pipt's wife?,The Wizard of Oz.
1502,narrativeqa,26d28abf2a82bf87357e2b62234d22b8c2bfe042,Regarding the book 'The Patchwork Girl of Oz': What creature lives in Winkie County?,Yellow Butterflies
1503,narrativeqa,26d28abf2a82bf87357e2b62234d22b8c2bfe042,Regarding the book 'The Patchwork Girl of Oz': What does Powder of Life do?,Animates any object
1504,narrativeqa,26d28abf2a82bf87357e2b62234d22b8c2bfe042,Regarding the book 'The Patchwork Girl of Oz': What was Ojo looking for in Emerald City?,A four leaf clover.
1505,narrativeqa,26d28abf2a82bf87357e2b62234d22b8c2bfe042,Regarding the book 'The Patchwork Girl of Oz': How do Unc Nunkie and Dr. Pipt's wife get restored back to their living forms?,The Wizard of Oz uses his own magic
1506,narrativeqa,27118c9662889769c25d52ff3b870b596d743518,Regarding the book 'Troilus and Criseyde': Who does Troilus curse?,Fortune
1507,narrativeqa,27118c9662889769c25d52ff3b870b596d743518,Regarding the book 'Troilus and Criseyde': Who is Pandarus?,Criseyde's uncle.
1508,narrativeqa,27118c9662889769c25d52ff3b870b596d743518,Regarding the book 'Troilus and Criseyde': What happens to Troilus when he first learns of the plan to bed him and Cresida?,He faints
1509,narrativeqa,27118c9662889769c25d52ff3b870b596d743518,Regarding the book 'Troilus and Criseyde': Who punishes Troilus for mocking love?,God of Love
1510,narrativeqa,27118c9662889769c25d52ff3b870b596d743518,Regarding the book 'Troilus and Criseyde': What suggestion does Troilus make to Criseyde in order for her not to be exchanged to the Greeks?,That they elope.
1511,narrativeqa,2744ec7751c610a232109e13740c308ad05c9ca0,Regarding the book 'Ivanov (play)': Who does Ivanov shoot?,Himself.
1512,narrativeqa,2744ec7751c610a232109e13740c308ad05c9ca0,Regarding the book 'Ivanov (play)': What does Anna witness as she arrives?,"Her husband, Nikolai, kissing another woman, Sasha"
1513,narrativeqa,2744ec7751c610a232109e13740c308ad05c9ca0,Regarding the book 'Ivanov (play)': How many roubles does Ivanov owe Zinaida?,9000.
1514,narrativeqa,2744ec7751c610a232109e13740c308ad05c9ca0,Regarding the book 'Ivanov (play)': What happens to Anna?,She dies.
1515,narrativeqa,2744ec7751c610a232109e13740c308ad05c9ca0,Regarding the book 'Ivanov (play)': Who shoots Ivanov?,He shoots himself
1516,narrativeqa,295d5533ffd87d5ff68f51902e13559bac902085,Regarding the book 'The Aspern Papers': Why does the narrator go to Venice?,"to find Juliana Bordereau, an ex-love or Jeffrey Aspern"
1517,narrativeqa,295d5533ffd87d5ff68f51902e13559bac902085,Regarding the book 'The Aspern Papers': What does Tita tell the narrator he can do to get the papers?,She tells him he can have the papers if he marries her
1518,narrativeqa,295d5533ffd87d5ff68f51902e13559bac902085,Regarding the book 'The Aspern Papers': Who is Jeffrey Aspern?,A dead American poet who has become famous
1519,narrativeqa,295d5533ffd87d5ff68f51902e13559bac902085,Regarding the book 'The Aspern Papers': What does Juliana call the narrator when she finds he's trying to find the letters?,a publishing scoundrel
1520,narrativeqa,295d5533ffd87d5ff68f51902e13559bac902085,Regarding the book 'The Aspern Papers': What does that character do in the effort of getting a look at the dead poets papers?,He presents himself as a lodger and agrees to woo a spinster in the home where the poet has left papers.
1521,narrativeqa,29b3a0b4e9bd807c59912ec69f4617e1fa5c6a3e,Regarding the book 'The Way of the World': Who is able to marry who they wish in this story?,only the servants
1522,narrativeqa,29b3a0b4e9bd807c59912ec69f4617e1fa5c6a3e,Regarding the book 'The Way of the World': Who does Foible want Lady Wishfort to marry?,Sir Rowland
1523,narrativeqa,29b3a0b4e9bd807c59912ec69f4617e1fa5c6a3e,Regarding the book 'The Way of the World': How much money is the inheritance in question?,6000 pounds
1524,narrativeqa,29b3a0b4e9bd807c59912ec69f4617e1fa5c6a3e,Regarding the book 'The Way of the World': Whom ultimately had Waitwell arrested?,Fainall
1525,narrativeqa,29b3a0b4e9bd807c59912ec69f4617e1fa5c6a3e,Regarding the book 'The Way of the World': Who did Mrs. Fainall have an affair with?,Mirabell
1526,narrativeqa,2a5fa9ea07b66ac0c558f0148e79aa8f48d2d773,Regarding the book 'Alexander's Bridge': What happens to the bridge as Bartley is stopping the work crews?,It collapses
1527,narrativeqa,2a5fa9ea07b66ac0c558f0148e79aa8f48d2d773,Regarding the book 'Alexander's Bridge': Who asks Bartley to come to Canada?,Phillip Horton
1528,narrativeqa,2a5fa9ea07b66ac0c558f0148e79aa8f48d2d773,Regarding the book 'Alexander's Bridge': What does Batley give his wife for Christmas?,Pearl earrings
1529,narrativeqa,2a5fa9ea07b66ac0c558f0148e79aa8f48d2d773,Regarding the book 'Alexander's Bridge': Where does Bartley tell Wilson he is having trouble with a bridge?,Canada
1530,narrativeqa,2a5fa9ea07b66ac0c558f0148e79aa8f48d2d773,"Regarding the book 'Alexander's Bridge': What card ga,e does Bartley gamble on on the cruise ship?",bridge
1531,narrativeqa,2a74184610bf91866dbdf37cba0b874dfc748a86,Regarding the book 'Cratylus (dialogue)': Socrates reject the study of language because of what point?,believed that it was better to study the things the self is better
1532,narrativeqa,2a74184610bf91866dbdf37cba0b874dfc748a86,Regarding the book 'Cratylus (dialogue)': What was the subject of this piece?,Its a critique on the subject of naming.
1533,narrativeqa,2a74184610bf91866dbdf37cba0b874dfc748a86,Regarding the book 'Cratylus (dialogue)': What type of literary passage is this story?,This story is a literary dialogue.
1534,narrativeqa,2a74184610bf91866dbdf37cba0b874dfc748a86,Regarding the book 'Cratylus (dialogue)': Socrates believed that foreign origins of word changed so much that what it sounds like is?,names have been twisted to make old language sound barbarous
1535,narrativeqa,2a74184610bf91866dbdf37cba0b874dfc748a86,Regarding the book 'Cratylus (dialogue)': Socrates believes that the best possible way to speak is using names that what?,Are like the thing that they are naming.
1536,narrativeqa,2a798779ffab17c0002f1b127c729cb0387132be,Regarding the book 'The Efficiency Expert (novel)': What happened to Bince near at the end of the story?,He committed suicide.
1537,narrativeqa,2a798779ffab17c0002f1b127c729cb0387132be,Regarding the book 'The Efficiency Expert (novel)': What does Torrance suspect in the factory?,Someone is stealing
1538,narrativeqa,2a798779ffab17c0002f1b127c729cb0387132be,Regarding the book 'The Efficiency Expert (novel)': Why did Elizabeth's father hire an efficiency expert for his company?,He was worried he was losing money.
1539,narrativeqa,2a798779ffab17c0002f1b127c729cb0387132be,Regarding the book 'The Efficiency Expert (novel)': Who is framed for Elizabeth's fathers murder?,Torrance
1540,narrativeqa,2a798779ffab17c0002f1b127c729cb0387132be,Regarding the book 'The Efficiency Expert (novel)': What did Bince end up doing after being exposed of his crimes?,He committed suicide.
1541,narrativeqa,2b5468141ef0e57d4635249e7d9d9ff6039d18f4,Regarding the book 'The Sea Hawk': Where does Oliver release the slaves he frees?,Italy.
1542,narrativeqa,2b5468141ef0e57d4635249e7d9d9ff6039d18f4,Regarding the book 'The Sea Hawk': How are Yusuf and Oliver freed from the slave ship?,"When the Spanish galley is boarded by Muslim corsairs, Yusuf and Oliver offer to fight for the Muslims."
1543,narrativeqa,2b5468141ef0e57d4635249e7d9d9ff6039d18f4,Regarding the book 'The Sea Hawk': What does Lionel do to his brother Oliver to avoid repercussions from Peter's death?,He has him kidnapped and sold as a slave.
1544,narrativeqa,2b5468141ef0e57d4635249e7d9d9ff6039d18f4,Regarding the book 'The Sea Hawk': Who helps Oliver return to England?,Jasper Leigh
1545,narrativeqa,2b5468141ef0e57d4635249e7d9d9ff6039d18f4,Regarding the book 'The Sea Hawk': Which religion does Oliver want Jasper to convert to?,Islam.
1546,narrativeqa,2c882e70f540d28c884fcedd83fc2c893c6dcbdf,Regarding the book 'Jennie Gerhardt': What does Jennie do after her daughter passes away?,She adopts two orphans
1547,narrativeqa,2c882e70f540d28c884fcedd83fc2c893c6dcbdf,Regarding the book 'Jennie Gerhardt': How does Vesta die?,Typhoid Fever
1548,narrativeqa,2c882e70f540d28c884fcedd83fc2c893c6dcbdf,Regarding the book 'Jennie Gerhardt': Why would Kane's family disapprove of his relationship with Jennie?,Because they are of different class
1549,narrativeqa,2c882e70f540d28c884fcedd83fc2c893c6dcbdf,Regarding the book 'Jennie Gerhardt': Who is Vesta?,Jennies daughter
1550,narrativeqa,2c882e70f540d28c884fcedd83fc2c893c6dcbdf,Regarding the book 'Jennie Gerhardt': What does Jennie do after Vesta's death?,She adopts two orphans.
1551,narrativeqa,2c95f19262336fda469b8831a131c1a4fe31fd9b,Regarding the book 'Anne of Green Gables': How does Matthew die?,a heart attack
1552,narrativeqa,2c95f19262336fda469b8831a131c1a4fe31fd9b,Regarding the book 'Anne of Green Gables': Why did Anne give up her scholarship to Redmond College?,To take care of Marilla after Matthew's death.
1553,narrativeqa,2c95f19262336fda469b8831a131c1a4fe31fd9b,Regarding the book 'Anne of Green Gables': Anne dyes her hair green. What color was she trying to dye it?,black
1554,narrativeqa,2c95f19262336fda469b8831a131c1a4fe31fd9b,Regarding the book 'Anne of Green Gables': Where is Green Gables located?,"Avonlea, a town in Nova Scotia"
1555,narrativeqa,2c95f19262336fda469b8831a131c1a4fe31fd9b,Regarding the book 'Anne of Green Gables': What Canadian province is Anne from?,Nova Scotia
1556,narrativeqa,2cf851eeec79ada442b42d8d17d99cf24dbbb157,Regarding the book 'Bartholomew Fair (play)': Who vomits and calls for her husband?,Madame Overdo
1557,narrativeqa,2cf851eeec79ada442b42d8d17d99cf24dbbb157,Regarding the book 'Bartholomew Fair (play)': Whose identity is concealed as Trouble-All?,Justice Overdo and Quaralous are both disquised as Trouble-All at some point.
1558,narrativeqa,2cf851eeec79ada442b42d8d17d99cf24dbbb157,Regarding the book 'Bartholomew Fair (play)': What are Madame Overdo and Win masked as?,Prostitutes
1559,narrativeqa,2cf851eeec79ada442b42d8d17d99cf24dbbb157,Regarding the book 'Bartholomew Fair (play)': When does Edgeworth get the opportunity to snatch the marriage license from from Wasp?,While Wasp is locked up after being arrested for starting a fight.
1560,narrativeqa,2cf851eeec79ada442b42d8d17d99cf24dbbb157,Regarding the book 'Bartholomew Fair (play)': Who is discontented with his audience?,Johnson
1561,narrativeqa,2e3b266eda62694b15254616844a26d972f5939b,Regarding the book 'The Black Dwarf (novel)': How do Earnscliff and his party intend to force the door of Westburnflat's stronghold?,A bonfire.
1562,narrativeqa,2e3b266eda62694b15254616844a26d972f5939b,Regarding the book 'The Black Dwarf (novel)': Who was Graeme holding as a prisoner?,Isabel Vere
1563,narrativeqa,2e3b266eda62694b15254616844a26d972f5939b,Regarding the book 'The Black Dwarf (novel)': Who did Isabel's father intend for her to marry?,Sir Frederick Langley
1564,narrativeqa,2e3b266eda62694b15254616844a26d972f5939b,Regarding the book 'The Black Dwarf (novel)': Who does the dwarf come to be known as to the neighbors?,Elshender the Recluse.
1565,narrativeqa,2e3b266eda62694b15254616844a26d972f5939b,Regarding the book 'The Black Dwarf (novel)': Who did Isabel's father think had kidnapped Isabel?,Earnscliff
1566,narrativeqa,2ec273117d26cd70933849d2a74327d04865a790,Regarding the book 'Confessions of a Young Man': What does the confessor nearly forget after 15 years?,The English language
1567,narrativeqa,2ec273117d26cd70933849d2a74327d04865a790,Regarding the book 'Confessions of a Young Man': Why does Dayne move from Paris?,Adverse reasons
1568,narrativeqa,2ec273117d26cd70933849d2a74327d04865a790,Regarding the book 'Confessions of a Young Man': According to the confessor what two things mingle in fraternity?,Perfumed vice and artistic endeavor
1569,narrativeqa,2ec273117d26cd70933849d2a74327d04865a790,Regarding the book 'Confessions of a Young Man': What does Dayne study?,art and literature
1570,narrativeqa,2ec273117d26cd70933849d2a74327d04865a790,Regarding the book 'Confessions of a Young Man': What does Dayne learn he is not destined to be?,A painter
1571,narrativeqa,2f04b37c2a4ebe847ffe5927168dad8d3102acaf,Regarding the book 'The Wheels of Chance': What types of animals does Mr. Hoopdriver observe on his first holiday morning?,"Birds, a thrush and a lark."
1572,narrativeqa,2f04b37c2a4ebe847ffe5927168dad8d3102acaf,Regarding the book 'The Wheels of Chance': Where is Mr. Hoopdriver from?,Putney.
1573,narrativeqa,2f04b37c2a4ebe847ffe5927168dad8d3102acaf,Regarding the book 'The Wheels of Chance': What does Hoopdriver do that shows true courage?,He rebukes the travelers who insult Jessie's honor.
1574,narrativeqa,2f04b37c2a4ebe847ffe5927168dad8d3102acaf,Regarding the book 'The Wheels of Chance': How long does Jessie think it will take to see Mr. Hoopdriver again?,6 years.
1575,narrativeqa,2f04b37c2a4ebe847ffe5927168dad8d3102acaf,Regarding the book 'The Wheels of Chance': What is  Hoopdriver's occupation?,Hoopdriver is a draper's assistant.
1576,narrativeqa,3008d5b4f1072a80665533c5bfe7416e18693846,Regarding the book 'The Mad King': Who accompanies Barney on his journey from Lutha to Nebraska?,A soldier
1577,narrativeqa,3008d5b4f1072a80665533c5bfe7416e18693846,Regarding the book 'The Mad King': Why does King Leopold feel betrayed by Barney?,He finds out that Barney has been having an affair with Princess Emma
1578,narrativeqa,3008d5b4f1072a80665533c5bfe7416e18693846,Regarding the book 'The Mad King': Who is Barney mistaken for upon reaching Lutha?,King Leopold
1579,narrativeqa,3008d5b4f1072a80665533c5bfe7416e18693846,Regarding the book 'The Mad King': Why does Barney decide to return to Lutha?,He is attacked by Prince Peter's henchmen.
1580,narrativeqa,3008d5b4f1072a80665533c5bfe7416e18693846,Regarding the book 'The Mad King': How does the real King Leoold's story end?,Being murdered by one of his uncles henchmen
1581,narrativeqa,3015bab88108b574f61356eaa21df5fb52f0c545,Regarding the book 'The Playboy of the Western World': What does Christy attempt to do for the second time?,Kill his father.
1582,narrativeqa,3015bab88108b574f61356eaa21df5fb52f0c545,Regarding the book 'The Playboy of the Western World': Why does Christy attack his father second time?,To regain the Pegeen's love and the town's respect
1583,narrativeqa,3015bab88108b574f61356eaa21df5fb52f0c545,Regarding the book 'The Playboy of the Western World': What allows Christy to become something of a town hero?,His storytelling.
1584,narrativeqa,3015bab88108b574f61356eaa21df5fb52f0c545,Regarding the book 'The Playboy of the Western World': What is Flaherty's relationship to Pegeen?,Flaherty is Pegeen's father.
1585,narrativeqa,3015bab88108b574f61356eaa21df5fb52f0c545,Regarding the book 'The Playboy of the Western World': Who ultimately saves Christy from being hung?,Mahon
1586,narrativeqa,301cb14d65a257ef05cf122e2c0635b531d6e33c,Regarding the book 'The Princess and Curdie': When did Curdie develop the ability to see inside of a person?,after the old Princess burned his hands in a rose fire
1587,narrativeqa,301cb14d65a257ef05cf122e2c0635b531d6e33c,Regarding the book 'The Princess and Curdie': What kind of person is the king's doctor?,The king's doctor is an evil person who is trying to poison him.
1588,narrativeqa,301cb14d65a257ef05cf122e2c0635b531d6e33c,Regarding the book 'The Princess and Curdie': What caused the pigeon Curdie shot to heal?,his belief in Irene's story
1589,narrativeqa,301cb14d65a257ef05cf122e2c0635b531d6e33c,Regarding the book 'The Princess and Curdie': Who helps Curdie save Irene's father and his kingdom?,"The old princess, who pretends to be a maid helps Curdie save the kingdom?"
1590,narrativeqa,301cb14d65a257ef05cf122e2c0635b531d6e33c,Regarding the book 'The Princess and Curdie': Who nurses the King while he is ill?,Princess Irene
1591,narrativeqa,30337c485ea9d6d657be1ff17823e94b0a531550,"Regarding the book 'Martin Eden': In her rejection letter, what does Ruth write she wishes Eden had done?",Ruth writes that she wishes Eden had settled down and made something of himself.
1592,narrativeqa,30337c485ea9d6d657be1ff17823e94b0a531550,Regarding the book 'Martin Eden': Why does Ruth reject Eden?,Because Eden does not become wealthy and successful soon enough.
1593,narrativeqa,30337c485ea9d6d657be1ff17823e94b0a531550,Regarding the book 'Martin Eden': Why does Eden come to resent the bourgeoisie even though he becomes a wealthy member of society himself?,Because of Ruth's rejection of him for his work-class background.
1594,narrativeqa,30337c485ea9d6d657be1ff17823e94b0a531550,Regarding the book 'Martin Eden': How does Ruth reject Eden?,She writes him a letter of rejection.
1595,narrativeqa,30337c485ea9d6d657be1ff17823e94b0a531550,Regarding the book 'Martin Eden': What was Martin's prior profession?,Sailor.
1596,narrativeqa,30e4ebaa85c10ecdea85e7e7fce9c8c3e86081dc,Regarding the book 'The Awakening (Chopin novel)': What did Edna's husband do when he was worried about her mental well-being?,Talked to a doctor about diagnosing her.
1597,narrativeqa,30e4ebaa85c10ecdea85e7e7fce9c8c3e86081dc,Regarding the book 'The Awakening (Chopin novel)': Why does Leonce go to New York?,For business
1598,narrativeqa,30e4ebaa85c10ecdea85e7e7fce9c8c3e86081dc,Regarding the book 'The Awakening (Chopin novel)': Where was Edna on vacation at the beginning of the story?,New Mexico.
1599,narrativeqa,30e4ebaa85c10ecdea85e7e7fce9c8c3e86081dc,Regarding the book 'The Awakening (Chopin novel)': Madamesoille Reisz's music represents which emotion/feeling for Edna?,Independence
1600,narrativeqa,30e4ebaa85c10ecdea85e7e7fce9c8c3e86081dc,Regarding the book 'The Awakening (Chopin novel)': Who confesses his love for Edna?,Robert
1601,narrativeqa,311862def6b1e7d1cdf16a9b797f554e1dce866f,Regarding the book 'Jo's Boys': Who does Tommy propose to?,Dora
1602,narrativeqa,311862def6b1e7d1cdf16a9b797f554e1dce866f,Regarding the book 'Jo's Boys': Who is bhaer's nephew?,Emil
1603,narrativeqa,311862def6b1e7d1cdf16a9b797f554e1dce866f,Regarding the book 'Jo's Boys': What is Nan's chosen profession?,Doctor
1604,narrativeqa,311862def6b1e7d1cdf16a9b797f554e1dce866f,Regarding the book 'Jo's Boys': Who begins a musical career?,Nat
1605,narrativeqa,311862def6b1e7d1cdf16a9b797f554e1dce866f,Regarding the book 'Jo's Boys': What does Tommy do to impress his childhood sweetheart?,becomes a medical student
1606,narrativeqa,31783db2180c4e27c1e7f920ce9433111cc676b2,Regarding the book 'The Cossacks (novel)': Dmitri Olenin believes happiness will only come to a man who does what?,Gives constantly to others with no thought of self gratification.
1607,narrativeqa,31783db2180c4e27c1e7f920ce9433111cc676b2,Regarding the book 'The Cossacks (novel)': Why does Olenin propose to Maryanka?,Because Luka is dying
1608,narrativeqa,31783db2180c4e27c1e7f920ce9433111cc676b2,Regarding the book 'The Cossacks (novel)': Where does Olenin go to start a new life?,In the Caucasus
1609,narrativeqa,31783db2180c4e27c1e7f920ce9433111cc676b2,Regarding the book 'The Cossacks (novel)': Where is Dmitri Olenin from?,Russia
1610,narrativeqa,31783db2180c4e27c1e7f920ce9433111cc676b2,Regarding the book 'The Cossacks (novel)': Who is the only villager who comes to see Olenin for his departure?,Eroshka.
1611,narrativeqa,31c7eca71291b68f55dec4af7e61b6bcae8c5a8a,Regarding the book 'Hypatia (novel)': Why is Hypatia murdered?,Rumors were spread that she caused the unrest in the city.
1612,narrativeqa,31c7eca71291b68f55dec4af7e61b6bcae8c5a8a,Regarding the book 'Hypatia (novel)': Where does Philammon travel to?,Alexandria.
1613,narrativeqa,31c7eca71291b68f55dec4af7e61b6bcae8c5a8a,Regarding the book 'Hypatia (novel)': Why does Raphael Aben-Ezra convert to Christianity?,To win the love of Victoria.
1614,narrativeqa,31c7eca71291b68f55dec4af7e61b6bcae8c5a8a,Regarding the book 'Hypatia (novel)': Who does Raphael Aben Ezra fall in love with?,Victoria.
1615,narrativeqa,31c7eca71291b68f55dec4af7e61b6bcae8c5a8a,Regarding the book 'Hypatia (novel)': What is Orestes' goal?,He wants to become emperor of Egypt and Africa.
1616,narrativeqa,324c7aa534095d4c227bf6459e5d302185d96cb5,Regarding the book 'Diary of a Madman (short story)': What date has Ivanovich gone mad?,43rd of April  2000
1617,narrativeqa,324c7aa534095d4c227bf6459e5d302185d96cb5,Regarding the book 'Diary of a Madman (short story)': What do the letters reveal about Sophie's life?,Her engagement to another man.
1618,narrativeqa,324c7aa534095d4c227bf6459e5d302185d96cb5,Regarding the book 'Diary of a Madman (short story)': Who opens the carriage door?,A footman
1619,narrativeqa,324c7aa534095d4c227bf6459e5d302185d96cb5,Regarding the book 'Diary of a Madman (short story)': To what country's throne does Poprishchin think he is an hair?,Spain
1620,narrativeqa,324c7aa534095d4c227bf6459e5d302185d96cb5,"Regarding the book 'Diary of a Madman (short story)': Where does Poprishchin believe he is, when he's no longer in Spain?",China
1621,narrativeqa,331adcaf22f837c92a3c9ec6cc28b5a5c9689373,"Regarding the book 'Thuvia, Maid of Mars': Who is Thuvia promised to?",Kulan Tith
1622,narrativeqa,331adcaf22f837c92a3c9ec6cc28b5a5c9689373,"Regarding the book 'Thuvia, Maid of Mars': Which planet has marital engagements that cannot be broken?",Barsoom
1623,narrativeqa,331adcaf22f837c92a3c9ec6cc28b5a5c9689373,"Regarding the book 'Thuvia, Maid of Mars': Who is implicated in kidnapping the princess of Mars?",Carthoris
1624,narrativeqa,331adcaf22f837c92a3c9ec6cc28b5a5c9689373,"Regarding the book 'Thuvia, Maid of Mars': Whose craft is sabotaged?",Carthoris
1625,narrativeqa,331adcaf22f837c92a3c9ec6cc28b5a5c9689373,"Regarding the book 'Thuvia, Maid of Mars': Who is the mother of Cathoris?",Dejah Thoris
1626,narrativeqa,339a7a65cc21054c3b86fcc1b089b96ded1db7e5,Regarding the book 'The Robbers': Which brother is the favorite?,Karl.
1627,narrativeqa,339a7a65cc21054c3b86fcc1b089b96ded1db7e5,Regarding the book 'The Robbers': How many scenes are in each act?,There are two to five scenes per act.
1628,narrativeqa,339a7a65cc21054c3b86fcc1b089b96ded1db7e5,Regarding the book 'The Robbers': How is the younger brother portrayed?,He is seen as cold and calculating.
1629,narrativeqa,339a7a65cc21054c3b86fcc1b089b96ded1db7e5,Regarding the book 'The Robbers': Where did the brother try to create a revolutionary anarchy?,The Bohemian Forest.
1630,narrativeqa,339a7a65cc21054c3b86fcc1b089b96ded1db7e5,Regarding the book 'The Robbers': Which brother is seen as the villain?,Karl.
1631,narrativeqa,33beeecef8e727e7cf85f29acb4db7e3cc683c95,Regarding the book 'The Prairie': Where does the trapped settle?,"In a Pawnee village, in a tributary of the Missouri River"
1632,narrativeqa,33beeecef8e727e7cf85f29acb4db7e3cc683c95,Regarding the book 'The Prairie': What do the Tetons use in an attempt to trap the family?,a prairie fire
1633,narrativeqa,33beeecef8e727e7cf85f29acb4db7e3cc683c95,Regarding the book 'The Prairie': Which child of ishmael is discovered murdered?,"As a, his eldest son"
1634,narrativeqa,33beeecef8e727e7cf85f29acb4db7e3cc683c95,Regarding the book 'The Prairie': Who wants to take Inez and Ellen as wives?,Mahatoree
1635,narrativeqa,33beeecef8e727e7cf85f29acb4db7e3cc683c95,Regarding the book 'The Prairie': How did the Trapper save everyone from the Indians?,By backfiring the prairie fire.
1636,narrativeqa,33d7b5c04cc6220def312952b53737f1173a5936,Regarding the book 'Lothair (novel)': What is the belief Lothair's uncle who raises him?,Presbyterian
1637,narrativeqa,33d7b5c04cc6220def312952b53737f1173a5936,Regarding the book 'Lothair (novel)': What church does Lothair almost join?,The Catholic Church
1638,narrativeqa,33d7b5c04cc6220def312952b53737f1173a5936,Regarding the book 'Lothair (novel)': What is Lothair's uncles name?,Lord Culloden
1639,narrativeqa,33d7b5c04cc6220def312952b53737f1173a5936,Regarding the book 'Lothair (novel)': In the story what does Lothair learn from the mystic in Jerusalem?,Lothair learns that there are truths in many faiths
1640,narrativeqa,33d7b5c04cc6220def312952b53737f1173a5936,Regarding the book 'Lothair (novel)': Who saved Lothair according to Clare?,The Virgin Mary.
1641,narrativeqa,33e2da2b7d2b57cad0fa960b31444c14afeb2056,Regarding the book 'Tartuffe': Who tells Orgon and his family they have to move?,Monsieur Loyal.
1642,narrativeqa,33e2da2b7d2b57cad0fa960b31444c14afeb2056,Regarding the book 'Tartuffe': Why do Orgon and Madame Pernelle like Tartuffe in the beginning?,He is pious and speaks with divine autority
1643,narrativeqa,33e2da2b7d2b57cad0fa960b31444c14afeb2056,Regarding the book 'Tartuffe': Who tells Orgon that Tartuffle is accusing him of a crime?,Valere.
1644,narrativeqa,33e2da2b7d2b57cad0fa960b31444c14afeb2056,Regarding the book 'Tartuffe': What does the King do at the end of the story?,"Orders Tartuffe arrested, forgives Orgon for the letters, returns the house to the family"
1645,narrativeqa,33e2da2b7d2b57cad0fa960b31444c14afeb2056,Regarding the book 'Tartuffe': Where did the moving order came from?,Tartuffe and the court.
1646,narrativeqa,344cddeff8cb90fe176ea9809fd8d3169a7dba34,Regarding the book 'Uncle Silas': Who enters the room during the murder allowing Maud to quietly escape?,Silas.
1647,narrativeqa,344cddeff8cb90fe176ea9809fd8d3169a7dba34,Regarding the book 'Uncle Silas': What was the name of the stipulation laid forth in Austin Ruthy's will known as?,a codicil
1648,narrativeqa,344cddeff8cb90fe176ea9809fd8d3169a7dba34,Regarding the book 'Uncle Silas': What causes Silas' catatonic fits?,Opium consumption.
1649,narrativeqa,344cddeff8cb90fe176ea9809fd8d3169a7dba34,Regarding the book 'Uncle Silas': Why is Uncle Silas sufferng from mysterious catatonic fits?,His massive consumtion of opium
1650,narrativeqa,344cddeff8cb90fe176ea9809fd8d3169a7dba34,Regarding the book 'Uncle Silas': Who makes several attempts to court Maud?,Dudley tries to court Maud.
1651,narrativeqa,34908951494645a49e708b68ff7cf2bb212da78e,Regarding the book 'Etidorhpa': What organization kidnaps the man?,a secret society
1652,narrativeqa,34908951494645a49e708b68ff7cf2bb212da78e,Regarding the book 'Etidorhpa': How long ago did the events take place that The Man-Who-Did-It described?,Thirty Years ago
1653,narrativeqa,34908951494645a49e708b68ff7cf2bb212da78e,Regarding the book 'Etidorhpa': Where is the I-Am-The-Man taken?,A cave in Kentucky
1654,narrativeqa,34908951494645a49e708b68ff7cf2bb212da78e,Regarding the book 'Etidorhpa': What does Drury call the man who reads his manuscript to him?,I-Am-The-Man
1655,narrativeqa,34908951494645a49e708b68ff7cf2bb212da78e,Regarding the book 'Etidorhpa': What giant plant is mentioned as being found underground?,Giant mushrooms.
1656,narrativeqa,34d16136feb3eba74060953631414400f9a3cb20,Regarding the book 'The Soul of a Bishop': What does Lady Sunderbund wish to become to Edward?,Edward's spiritual pupil.
1657,narrativeqa,34d16136feb3eba74060953631414400f9a3cb20,Regarding the book 'The Soul of a Bishop': Who wants to offer all of their wealth to help Edward build his new church?,Lady Sunderbund
1658,narrativeqa,34d16136feb3eba74060953631414400f9a3cb20,Regarding the book 'The Soul of a Bishop': After the vision of the Angel of God and God in the library of the Althenaeum club what does Edward decide?,he is convinced he needs to leave the church.
1659,narrativeqa,34d16136feb3eba74060953631414400f9a3cb20,Regarding the book 'The Soul of a Bishop': Whom does Edward experience a vision of in the North Library of the Athenaeum Club?,God
1660,narrativeqa,34d16136feb3eba74060953631414400f9a3cb20,Regarding the book 'The Soul of a Bishop': What was the total length of Bishop Scrope's spiritual crisis?,five years
1661,narrativeqa,350c0f8265c2d1183fd9a7e2a92c748998ac8775,Regarding the book 'Pellucidar (novel)': Who invented the iron Mole?,"David's friend, Abner Perry."
1662,narrativeqa,350c0f8265c2d1183fd9a7e2a92c748998ac8775,Regarding the book 'Pellucidar (novel)': What did David have to do before resuming the human war for independence?,Track down and defeat the 'sly one'.
1663,narrativeqa,350c0f8265c2d1183fd9a7e2a92c748998ac8775,Regarding the book 'Pellucidar (novel)': What did David do to his captive in Pellucidar?,He freed him.
1664,narrativeqa,350c0f8265c2d1183fd9a7e2a92c748998ac8775,Regarding the book 'Pellucidar (novel)': Who is David's love?,Dian
1665,narrativeqa,350c0f8265c2d1183fd9a7e2a92c748998ac8775,Regarding the book 'Pellucidar (novel)': Who invented the Iron Mole?,Abner Perry
1666,narrativeqa,3513ebaa62106c8e80a0c9723eb456f28950adb8,Regarding the book 'Woodstock (novel)': What happens after Richard is abdicated?,the Proctectorate was abolished and the country turns into chaos
1667,narrativeqa,3513ebaa62106c8e80a0c9723eb456f28950adb8,Regarding the book 'Woodstock (novel)': What battle did Albert die in?,Dunkirk.
1668,narrativeqa,3513ebaa62106c8e80a0c9723eb456f28950adb8,Regarding the book 'Woodstock (novel)': Whose voice did everard hear in the dark gallery?,His cousins voice.
1669,narrativeqa,3513ebaa62106c8e80a0c9723eb456f28950adb8,Regarding the book 'Woodstock (novel)': What does Alice warn her lover?,That he shouldn't betray the king.
1670,narrativeqa,3513ebaa62106c8e80a0c9723eb456f28950adb8,Regarding the book 'Woodstock (novel)': Who was Everard made prisoner by?,Cormwell
1671,narrativeqa,3620f82c20f8fbccf5690bb0539c6c61147a3da1,Regarding the book 'The Monastery': Where were Sir Piercie and Mysie shipped off to?,Flanders.
1672,narrativeqa,3620f82c20f8fbccf5690bb0539c6c61147a3da1,Regarding the book 'The Monastery': Why did Christie bring Henry?,Henry needed to be dealt with as a heretic
1673,narrativeqa,3620f82c20f8fbccf5690bb0539c6c61147a3da1,Regarding the book 'The Monastery': What happened to Dame Elspeth's husband?,He died in the battle of Pinkie
1674,narrativeqa,3620f82c20f8fbccf5690bb0539c6c61147a3da1,Regarding the book 'The Monastery': Who took the bible from the Father Philip?,The spectral white lady.
1675,narrativeqa,3620f82c20f8fbccf5690bb0539c6c61147a3da1,Regarding the book 'The Monastery': Where did Sir Piercie and Mysie get sent to?,Flanders
1676,narrativeqa,36aeff55596623a6b66445379010c2a762ef920f,Regarding the book 'The Mystery of the Yellow Room': What was Frederic Larsan's occupation?,Police detecive
1677,narrativeqa,36aeff55596623a6b66445379010c2a762ef920f,Regarding the book 'The Mystery of the Yellow Room': Whose daughter was found nearly critically injured?,Professor Joseph Stangerson
1678,narrativeqa,36aeff55596623a6b66445379010c2a762ef920f,Regarding the book 'The Mystery of the Yellow Room': Where were Ballmeyer and Mathilde married?,United States
1679,narrativeqa,36aeff55596623a6b66445379010c2a762ef920f,Regarding the book 'The Mystery of the Yellow Room': What was Professor Stengerson researching?,Matter dissociation
1680,narrativeqa,36aeff55596623a6b66445379010c2a762ef920f,Regarding the book 'The Mystery of the Yellow Room': Who is the main character in the story?,Rouletabille
1681,narrativeqa,36ed923f4e2c148dc5dc3570efaf847163619091,Regarding the book 'The Haunted Bookshop': What was the pharmacist's special ability?,Making bombs
1682,narrativeqa,36ed923f4e2c148dc5dc3570efaf847163619091,Regarding the book 'The Haunted Bookshop': Who was killed in the bookstore bombing?,The pharmacists partner and Mr. Mifflin's dog.
1683,narrativeqa,36ed923f4e2c148dc5dc3570efaf847163619091,Regarding the book 'The Haunted Bookshop': How does the pharmacist get into the bookstore at night?,He has his own key.
1684,narrativeqa,36ed923f4e2c148dc5dc3570efaf847163619091,Regarding the book 'The Haunted Bookshop': What was the pharmacist?,German spy
1685,narrativeqa,36ed923f4e2c148dc5dc3570efaf847163619091,Regarding the book 'The Haunted Bookshop': What was the pharmacist's real identity?,He was a German spy
1686,narrativeqa,37aa5b62014dc2e1e6f7202fed40f51c34dd680d,Regarding the book 'The Abbot': Who was killed by Sir John Foster?,Julian Avenel.
1687,narrativeqa,37aa5b62014dc2e1e6f7202fed40f51c34dd680d,Regarding the book 'The Abbot': Where is Lord Seyton's castle located?,West Lothian
1688,narrativeqa,37aa5b62014dc2e1e6f7202fed40f51c34dd680d,Regarding the book 'The Abbot': Who had been evicted from the monastary?,Father Ambrose.
1689,narrativeqa,37aa5b62014dc2e1e6f7202fed40f51c34dd680d,Regarding the book 'The Abbot': Who guarded the queen during the battle?,George Douglas
1690,narrativeqa,37aa5b62014dc2e1e6f7202fed40f51c34dd680d,Regarding the book 'The Abbot': Where is Lord Seyton's castle located?,West Lothian
1691,narrativeqa,37fa67ed55fc62766b9a5f0edcafcc360131aebb,Regarding the book 'Women in Love': What is Ursula's profession?,Teacher
1692,narrativeqa,37fa67ed55fc62766b9a5f0edcafcc360131aebb,"Regarding the book 'Women in Love': With a life beset with tragedy, what finally happened to Gerald?",Gerald dies in his sleep in a snowy valley
1693,narrativeqa,37fa67ed55fc62766b9a5f0edcafcc360131aebb,Regarding the book 'Women in Love': Where to Ursula and Gudrun live?,The Midland's of England
1694,narrativeqa,37fa67ed55fc62766b9a5f0edcafcc360131aebb,Regarding the book 'Women in Love': Who is Gerald jealous of?,Loerke
1695,narrativeqa,37fa67ed55fc62766b9a5f0edcafcc360131aebb,Regarding the book 'Women in Love': Who does Gudrun begin an intense relationship with?,Loerke
1696,narrativeqa,3814678082b0220670ba08375b01665e7cd1c56d,"Regarding the book 'Hans Brinker, or The Silver Skates': What country is Hans from?",Holland
1697,narrativeqa,3814678082b0220670ba08375b01665e7cd1c56d,"Regarding the book 'Hans Brinker, or The Silver Skates': After Mr. Brinker's surgery what event further changes the Brinkers' fortune?",The recovery of Mr. Brinker's savings.
1698,narrativeqa,3814678082b0220670ba08375b01665e7cd1c56d,"Regarding the book 'Hans Brinker, or The Silver Skates': What gesture moves Dr. Boekman to perform Mr. Brinker's surgery for free?",Hans' gesture of trying to pay for the surgery with the money he saved up for the steel skates.
1699,narrativeqa,3814678082b0220670ba08375b01665e7cd1c56d,"Regarding the book 'Hans Brinker, or The Silver Skates': What month of the year does the race take place?",December
1700,narrativeqa,3814678082b0220670ba08375b01665e7cd1c56d,"Regarding the book 'Hans Brinker, or The Silver Skates': Why is Dr. Boekman gruff in nature?",The doctor is gruff because his wife dies and his son disappeared.
1701,narrativeqa,3988c295053fe9eb18747b735259fe78a7e760fd,Regarding the book 'Indiscretions of Archie': How much money did Archie bet?,$1000.
1702,narrativeqa,3988c295053fe9eb18747b735259fe78a7e760fd,"Regarding the book 'Indiscretions of Archie': In the story, what upsets Lucille about Archie?",How much attention he pays to an actress
1703,narrativeqa,3988c295053fe9eb18747b735259fe78a7e760fd,Regarding the book 'Indiscretions of Archie': In what city does this story take place?,New York Cty
1704,narrativeqa,3988c295053fe9eb18747b735259fe78a7e760fd,Regarding the book 'Indiscretions of Archie': What war has Archie fought in?,WWI.
1705,narrativeqa,3988c295053fe9eb18747b735259fe78a7e760fd,Regarding the book 'Indiscretions of Archie': What is the name of the hotel Archie criticizes?,The Cosmopolis Hotel.
1706,narrativeqa,39ab35eb8bdecda3cfd79433774fc63c7c699171,Regarding the book 'The Shuttle (novel)': Who fights Sir Nigel after he tries to bully Bettina into leaving?,Mount Dunstan
1707,narrativeqa,39ab35eb8bdecda3cfd79433774fc63c7c699171,Regarding the book 'The Shuttle (novel)': Why is Mount Dunstan not well respected within his neighborhood?,He was not respected because his father and brother were not reputable people.
1708,narrativeqa,39ab35eb8bdecda3cfd79433774fc63c7c699171,Regarding the book 'The Shuttle (novel)': Why was Sir Nigel attracted to Rosalie?,Her father was a millionaire
1709,narrativeqa,39ab35eb8bdecda3cfd79433774fc63c7c699171,Regarding the book 'The Shuttle (novel)': Where does Bettina go after wondering for a decade why Rosalie has not contacted the family?,Bettina travels to Stornham court to investigate.
1710,narrativeqa,39ab35eb8bdecda3cfd79433774fc63c7c699171,Regarding the book 'The Shuttle (novel)': What does Sir Nigel come to New York looking for?,an heiress
1711,narrativeqa,39c4fffc8734283d7bd491285d24b55a110c71ba,Regarding the book 'Agatha Christie': What did John Curran do to Brian Aldiss' assertion about Christie's writing style?,He contradicted it in his book
1712,narrativeqa,39c4fffc8734283d7bd491285d24b55a110c71ba,Regarding the book 'Agatha Christie': What is considered the basic mystery structure?,A murder with multiple suspects with secrets and a detective who unravels the suspects secrets with a shocking twist at the end
1713,narrativeqa,39c4fffc8734283d7bd491285d24b55a110c71ba,Regarding the book 'Agatha Christie': Which of Agatha Christie's stories had all of the suspects end up being guilty?,Murder on the Orient Express
1714,narrativeqa,39c4fffc8734283d7bd491285d24b55a110c71ba,"Regarding the book 'Agatha Christie': In typical Christie mystery structure, during what part of the story did the detective uncover the most shocking twists?",Toward the end
1715,narrativeqa,39c4fffc8734283d7bd491285d24b55a110c71ba,Regarding the book 'Agatha Christie': What is the first step in the classic mystery structure Christie is known for?,a murder is committed
1716,narrativeqa,39f84e28b86e98049044ff10d8988d66204d8e21,Regarding the book 'The Metal Monster': Who commands the Metal Monster?,Norhala.
1717,narrativeqa,39f84e28b86e98049044ff10d8988d66204d8e21,Regarding the book 'The Metal Monster': Who controls the Things?,Norhala
1718,narrativeqa,39f84e28b86e98049044ff10d8988d66204d8e21,Regarding the book 'The Metal Monster': Who is the group saved by?,Norhala.
1719,narrativeqa,39f84e28b86e98049044ff10d8988d66204d8e21,Regarding the book 'The Metal Monster': What happens when Martin tries to shoot the Metal Emperor ?,The Metal Emperor fires a ray blast leaving Martin comatose
1720,narrativeqa,39f84e28b86e98049044ff10d8988d66204d8e21,Regarding the book 'The Metal Monster': What does Martin do in order to try to save Ruth?,He tries shooting the Metal Emperor.
1721,narrativeqa,39fcd8f28d3cf91de459a71953a9ecaaea9f82b5,Regarding the book 'Manalive': Who does Innocent shoot at?,Dr. Herbert Warner
1722,narrativeqa,39fcd8f28d3cf91de459a71953a9ecaaea9f82b5,Regarding the book 'Manalive': Who is Gray the paid compaion to?,Rosamund Hunt
1723,narrativeqa,39fcd8f28d3cf91de459a71953a9ecaaea9f82b5,Regarding the book 'Manalive': What is the name of the court that Innocent creates?,High court of Beacon
1724,narrativeqa,39fcd8f28d3cf91de459a71953a9ecaaea9f82b5,Regarding the book 'Manalive': What charges is Smith wanted on?,"burglury, desertion of a spouse, polygamy, attempted murder"
1725,narrativeqa,39fcd8f28d3cf91de459a71953a9ecaaea9f82b5,Regarding the book 'Manalive': Why does Smith fire bullets at people?,To help them to value their lives
1726,narrativeqa,3add9dffaf9e59148643f2e6e2a3032ef36aad29,Regarding the book 'The Pillars of Society': What is Johans' sisters name?,Lona
1727,narrativeqa,3add9dffaf9e59148643f2e6e2a3032ef36aad29,Regarding the book 'The Pillars of Society': What is the name of the ship that is being repaired?,The Indian Girl
1728,narrativeqa,3add9dffaf9e59148643f2e6e2a3032ef36aad29,Regarding the book 'The Pillars of Society': Who was Bernick once in love with?,Lona
1729,narrativeqa,3add9dffaf9e59148643f2e6e2a3032ef36aad29,Regarding the book 'The Pillars of Society': Who does Tonnesen fall in love with when he returns?,Dina Dorf
1730,narrativeqa,3add9dffaf9e59148643f2e6e2a3032ef36aad29,Regarding the book 'The Pillars of Society': Who isKarsten Bernick?,Dominant business man.
1731,narrativeqa,3b017861cf026262a8fa4a2027a51f3218d38b13,Regarding the book 'Armadale (novel)': What does Midwinter do after Lydia's passing?,becomes a writer
1732,narrativeqa,3b017861cf026262a8fa4a2027a51f3218d38b13,Regarding the book 'Armadale (novel)': How does the desperado attempt to murder Allan?,By drowning him in a shipwreck.
1733,narrativeqa,3b017861cf026262a8fa4a2027a51f3218d38b13,Regarding the book 'Armadale (novel)': Why does Lydia want to marry Allan?,as a means of achieving retribution for his family's wrongdoings
1734,narrativeqa,3b017861cf026262a8fa4a2027a51f3218d38b13,Regarding the book 'Armadale (novel)': Why does Lydia Gwilt want to marry Allan?,Retribution for supposed family wrongdoings
1735,narrativeqa,3b017861cf026262a8fa4a2027a51f3218d38b13,Regarding the book 'Armadale (novel)': How does Lydia kill herself?,She goes into the poisonous gas-filled room.
1736,narrativeqa,3b44f7e2fd553e6026c16fac3b179346a49647a3,Regarding the book 'Edward II (play)': What's the name of the castle that the prisoner King is taken to?,Berkley Castle
1737,narrativeqa,3b44f7e2fd553e6026c16fac3b179346a49647a3,Regarding the book 'Edward II (play)': Where does Edward take refuge after losing at Bannockburn?,Neath Abbey
1738,narrativeqa,3b44f7e2fd553e6026c16fac3b179346a49647a3,Regarding the book 'Edward II (play)': Who are the two nobles who persecuted Gaveston?,Warwick and Landcaster
1739,narrativeqa,3b44f7e2fd553e6026c16fac3b179346a49647a3,Regarding the book 'Edward II (play)': Who kills Edward?,Lightborn
1740,narrativeqa,3b44f7e2fd553e6026c16fac3b179346a49647a3,Regarding the book 'Edward II (play)': Why did Lightburn kill the king?,Because he would not fall to deception
1741,narrativeqa,3b8b81b1451f953bfb01844ddd98542956290829,"Regarding the book 'Robur the Conqueror': The Go-Ahead drops out of the sky, when her gas bags rupture, what does the story say it looks like?",A rapidly descending kite
1742,narrativeqa,3b8b81b1451f953bfb01844ddd98542956290829,"Regarding the book 'Robur the Conqueror': When the Weldon Institute members, who had been held captive by Robur, escape, what changes did they make to the Go-ahead upon their return to Philidelphia?",They put one propeller in the front and one in the back.
1743,narrativeqa,3b8b81b1451f953bfb01844ddd98542956290829,Regarding the book 'Robur the Conqueror': What is the name of Robur's ship?,The Albatross.
1744,narrativeqa,3b8b81b1451f953bfb01844ddd98542956290829,"Regarding the book 'Robur the Conqueror': What is the name of the ""lighter than air"" craft that the Weldon Institute has?",The Go-Ahead
1745,narrativeqa,3b8b81b1451f953bfb01844ddd98542956290829,Regarding the book 'Robur the Conqueror': What does Robur eventually do with the 3 men?,return them to the ground
1746,narrativeqa,3bbc2ac0b3ad1f68b4d7cf3d27e26a06268a80d1,Regarding the book 'Quality Street (play)': What is Valentines announcement to Pheobe?,That he is fighting in Europe against Napoleon
1747,narrativeqa,3bbc2ac0b3ad1f68b4d7cf3d27e26a06268a80d1,Regarding the book 'Quality Street (play)': Why does Phoebe become irritated with Captain Brown at the ball?,Because he seems to prefer the ficticious Miss Livvy's personality to her own.
1748,narrativeqa,3bbc2ac0b3ad1f68b4d7cf3d27e26a06268a80d1,Regarding the book 'Quality Street (play)': What does Captain Brown do when he learns of the disguise?,Tries to set right all the wrongs.
1749,narrativeqa,3bbc2ac0b3ad1f68b4d7cf3d27e26a06268a80d1,Regarding the book 'Quality Street (play)': Who is Patty?,Phoebe's maid.
1750,narrativeqa,3bbc2ac0b3ad1f68b4d7cf3d27e26a06268a80d1,Regarding the book 'Quality Street (play)': At the beginning of the story Miss Phoebe is in a relationship with whom?,Valentine Brown.
1751,narrativeqa,3c3dcc7b23c9b81de635e563ed1ee52b52a895c0,Regarding the book 'When William Came': In what army are the un-military British excused from serving in?,The Kaiser's armies
1752,narrativeqa,3c3dcc7b23c9b81de635e563ed1ee52b52a895c0,Regarding the book 'When William Came': Who is the leader of the Armies in london?,Kaiser
1753,narrativeqa,3c3dcc7b23c9b81de635e563ed1ee52b52a895c0,Regarding the book 'When William Came': What does the hostess tell the hero she must do?,Register his presence under the roof with the police
1754,narrativeqa,3c3dcc7b23c9b81de635e563ed1ee52b52a895c0,Regarding the book 'When William Came': Why is the hero fined?,Walking on the grass in Hyde Park.
1755,narrativeqa,3c3dcc7b23c9b81de635e563ed1ee52b52a895c0,Regarding the book 'When William Came': What does the Imperial Rescript announce?,That the British are excused from serving in the Kaiser's armies.
1756,narrativeqa,3c55bc1a4ea2c18df8939f9e849eef88150088dd,Regarding the book 'The Condition of the Working Class in England': How much higher was mortality from disease related convulsions in the english countryside?,About ten times higher.
1757,narrativeqa,3c55bc1a4ea2c18df8939f9e849eef88150088dd,Regarding the book 'The Condition of the Working Class in England': What audience did Engels originally attempt to address?,Germans
1758,narrativeqa,3c55bc1a4ea2c18df8939f9e849eef88150088dd,Regarding the book 'The Condition of the Working Class in England': Who is Engels?,The eldest son of textile industrialist
1759,narrativeqa,3c55bc1a4ea2c18df8939f9e849eef88150088dd,"Regarding the book 'The Condition of the Working Class in England': How many children in Carlisle (out of 1,000) died before the age of five after the introduction of mills?","4,738"
1760,narrativeqa,3c55bc1a4ea2c18df8939f9e849eef88150088dd,Regarding the book 'The Condition of the Working Class in England': What did Engels argue?,That the Industrial Revolution made workers worse off.
1761,narrativeqa,3c9d16f6b7dc853083ec5820b989205ab9943fca,Regarding the book 'La Faute de l'Abbé Mouret': What happens to Serge for him to be placed in La Paradou?,He collapses into a near comatose state.
1762,narrativeqa,3c9d16f6b7dc853083ec5820b989205ab9943fca,Regarding the book 'La Faute de l'Abbé Mouret': What happens to Albine and Serge at Le Paradou?,They fall in love.
1763,narrativeqa,3c9d16f6b7dc853083ec5820b989205ab9943fca,Regarding the book 'La Faute de l'Abbé Mouret': Who was the parish priest for village of Artauds?,Serge Mouret
1764,narrativeqa,3c9d16f6b7dc853083ec5820b989205ab9943fca,Regarding the book 'La Faute de l'Abbé Mouret': What relation is Pascal Rougon to Serge?,Pascal is a distant cousin.
1765,narrativeqa,3c9d16f6b7dc853083ec5820b989205ab9943fca,Regarding the book 'La Faute de l'Abbé Mouret': What is Serge suffering from when he wakes up?,Amnesia
1766,narrativeqa,3d20c51d711c74ec6eedf15e7550f70ed6d17e6f,Regarding the book 'Wieland (novel)': Which character becomes a farmer in the countryside?,Carwin
1767,narrativeqa,3d20c51d711c74ec6eedf15e7550f70ed6d17e6f,Regarding the book 'Wieland (novel)': What did his delusion with religion cause James to do?,It led him to kill his family.
1768,narrativeqa,3d20c51d711c74ec6eedf15e7550f70ed6d17e6f,Regarding the book 'Wieland (novel)': When did Theodore finally come to his sense?,When Carwin used his ability as a biloquist to tell him to stop.
1769,narrativeqa,3d20c51d711c74ec6eedf15e7550f70ed6d17e6f,"Regarding the book 'Wieland (novel)': What does Carwin plan to do to Clara, before realizing that she's protected by a supernatural force?",Rape Her
1770,narrativeqa,3d20c51d711c74ec6eedf15e7550f70ed6d17e6f,Regarding the book 'Wieland (novel)': What happened to Theodore in the end?,Carwin used his voice throwing to make Theodore kill himself.
1771,narrativeqa,3d59cad31537c384e1fde9cc33c518595115a621,Regarding the book 'Lady Anna (novel)': Who does Lady Lovel try to kill?,Daniel.
1772,narrativeqa,3d59cad31537c384e1fde9cc33c518595115a621,Regarding the book 'Lady Anna (novel)': How did Lady Lovel feel about the new earl's proposal?,She liked the idea.
1773,narrativeqa,3d59cad31537c384e1fde9cc33c518595115a621,Regarding the book 'Lady Anna (novel)': Where does Earl Lovel die?,England.
1774,narrativeqa,3d59cad31537c384e1fde9cc33c518595115a621,Regarding the book 'Lady Anna (novel)': Why does Lady Lovel wound Daniel?,She doesn't want him to marry her daughter.
1775,narrativeqa,3d59cad31537c384e1fde9cc33c518595115a621,Regarding the book 'Lady Anna (novel)': What time period is the story set in?,1830s
1776,narrativeqa,3dddbcc83358a72adfd1c957ae3cbfc1d194a143,Regarding the book 'The Marriage of William Ashe': Where do Kitty and Ashe go to recover her health after their son died?,Italy
1777,narrativeqa,3dddbcc83358a72adfd1c957ae3cbfc1d194a143,Regarding the book 'The Marriage of William Ashe': Where do Kitty and Ashe go after the death of their son?,Italy.
1778,narrativeqa,3dddbcc83358a72adfd1c957ae3cbfc1d194a143,Regarding the book 'The Marriage of William Ashe': Whose charm draws influential men to Lady Kitty?,Madam d'Estrees
1779,narrativeqa,3dddbcc83358a72adfd1c957ae3cbfc1d194a143,Regarding the book 'The Marriage of William Ashe': Who does William Ashe propose to?,Lady Kitty Bristol
1780,narrativeqa,3dddbcc83358a72adfd1c957ae3cbfc1d194a143,Regarding the book 'The Marriage of William Ashe': WHERE WAS ASHE WHEN KITTY RAN OFF WITH CLIFFE?,BACK IN ENGLAND
1781,narrativeqa,3e1d81664f7e7386e7b392ba670be09e3cf857ab,"Regarding the book 'Rainbow Valley': Where do the Blythes, Merediths and Mary Vance often gather and play?",Rainbow Valley
1782,narrativeqa,3e1d81664f7e7386e7b392ba670be09e3cf857ab,Regarding the book 'Rainbow Valley': What is Mr. Meredith's job?,Minister
1783,narrativeqa,3e1d81664f7e7386e7b392ba670be09e3cf857ab,Regarding the book 'Rainbow Valley': Anne returns from a trip to London to find news?,A new minister has arrived in Glen Saint Mary.
1784,narrativeqa,3e1d81664f7e7386e7b392ba670be09e3cf857ab,Regarding the book 'Rainbow Valley': What promise did Rosemary and Ellen make to each other?,Never to leave each other after their parents deaths
1785,narrativeqa,3e1d81664f7e7386e7b392ba670be09e3cf857ab,Regarding the book 'Rainbow Valley': Where does Una faint after fasting?,The church
1786,narrativeqa,3e6619168f67d135d8d3215e064e5d814168adc1,Regarding the book 'Copyright Act of 1976': What kind of change came from rewording section 102 in the US?,A significant change
1787,narrativeqa,3e6619168f67d135d8d3215e064e5d814168adc1,Regarding the book 'Copyright Act of 1976': What type of creativity does Section 102 of the Copyright Act of 1976 not protect?,intangible ideas or processes
1788,narrativeqa,3e6619168f67d135d8d3215e064e5d814168adc1,Regarding the book 'Copyright Act of 1976': Which act solely protected original works?,The Act of 1909
1789,narrativeqa,3e6619168f67d135d8d3215e064e5d814168adc1,Regarding the book 'Copyright Act of 1976': When was the last significant revision to US copyright law made before 1976?,1909
1790,narrativeqa,3e6619168f67d135d8d3215e064e5d814168adc1,Regarding the book 'Copyright Act of 1976': What is the title of this story?,Copyright Act of 1976
1791,narrativeqa,3e7f4a7762e1820edce17e273d8d03791647c9ae,Regarding the book 'The Odd Women': What is Monica's relationship with Bevis?,They are having an affair/lovers.
1792,narrativeqa,3e7f4a7762e1820edce17e273d8d03791647c9ae,Regarding the book 'The Odd Women': What is the conventional response Rhoda gives to Everard when he asks to live in free-union?,That she wants to be legally married
1793,narrativeqa,3e7f4a7762e1820edce17e273d8d03791647c9ae,Regarding the book 'The Odd Women': Where is Widdowson's rented house that Monica and her sisters move to?,Clevedon
1794,narrativeqa,3e7f4a7762e1820edce17e273d8d03791647c9ae,Regarding the book 'The Odd Women': What happens to Monica after giving birth to her baby?,She dies.
1795,narrativeqa,3e7f4a7762e1820edce17e273d8d03791647c9ae,Regarding the book 'The Odd Women': What ailment does Virginia suffer from?,Virginia is an alcoholic.
1796,narrativeqa,3e8a859d3d95727497e613f958b06efcc34e839c,Regarding the book 'Seventeen (Tarkington novel)': What did William call Lola in the poem?,Milady
1797,narrativeqa,3e8a859d3d95727497e613f958b06efcc34e839c,Regarding the book 'Seventeen (Tarkington novel)': What does William steal from his father?,Dress suits.
1798,narrativeqa,3e8a859d3d95727497e613f958b06efcc34e839c,Regarding the book 'Seventeen (Tarkington novel)': What is William's 10-year old sister's name?,Jane.
1799,narrativeqa,3e8a859d3d95727497e613f958b06efcc34e839c,Regarding the book 'Seventeen (Tarkington novel)': Why did William get upset at his sister and handyman?,They didn't treat him like an adult.
1800,narrativeqa,3e8a859d3d95727497e613f958b06efcc34e839c,Regarding the book 'Seventeen (Tarkington novel)': What did Lola aspire to be?,Lola was an aspiring actress.
1801,narrativeqa,3e9236a2abd5ae86c11292235cde0648042a60a0,"Regarding the book 'Rachel Ray (novel)': After releasing Luke Rowan from their engagement, who does Rachel Ray end up marrying?",Luke Rowan
1802,narrativeqa,3e9236a2abd5ae86c11292235cde0648042a60a0,Regarding the book 'Rachel Ray (novel)': Why does Comfort encourage Mrs. Ray to end the engagement between Rachel and Luke?,There are rumors about his conduct in Devon
1803,narrativeqa,3e9236a2abd5ae86c11292235cde0648042a60a0,Regarding the book 'Rachel Ray (novel)': Who does Rachel Ray get engaged to?,Luke Rowan
1804,narrativeqa,3e9236a2abd5ae86c11292235cde0648042a60a0,Regarding the book 'Rachel Ray (novel)': How does the story between Rachel and Luke end?,They get married
1805,narrativeqa,3e9236a2abd5ae86c11292235cde0648042a60a0,Regarding the book 'Rachel Ray (novel)': What does Mrs. Prime think of worldy joys?,That they are an impediments to salvation.
1806,narrativeqa,3e9666459feb414586d9d23b51c8a020bacc150a,Regarding the book 'The Ebb-Tide': What did the men start drinking on the ship?,Champagne
1807,narrativeqa,3e9666459feb414586d9d23b51c8a020bacc150a,Regarding the book 'The Ebb-Tide': How did some of Attwater's men die?,Smallpox
1808,narrativeqa,3e9666459feb414586d9d23b51c8a020bacc150a,Regarding the book 'The Ebb-Tide': What does Attwater harvest on the island?,Pearls
1809,narrativeqa,3e9666459feb414586d9d23b51c8a020bacc150a,Regarding the book 'The Ebb-Tide': Which of the 3 beggars operating out of the Tahitian port of Papeete was once a failed English businessman?,Herrick
1810,narrativeqa,3e9666459feb414586d9d23b51c8a020bacc150a,Regarding the book 'The Ebb-Tide': Which man tried to drown himself?,Herrick
1811,narrativeqa,3efaacf0a0463fd5b929a61314f0b2f21272e9ab,Regarding the book 'David and the Phoenix': What happens to the non magical who stay in the magical world too long?,They are absorbed into the world
1812,narrativeqa,3efaacf0a0463fd5b929a61314f0b2f21272e9ab,Regarding the book 'David and the Phoenix': Who captures the Phoenix and David?,The Gryffons.
1813,narrativeqa,3efaacf0a0463fd5b929a61314f0b2f21272e9ab,Regarding the book 'David and the Phoenix': What is the original color of the Phoenix's feather?,Blue
1814,narrativeqa,3efaacf0a0463fd5b929a61314f0b2f21272e9ab,Regarding the book 'David and the Phoenix': Why does the Phoenix rescue David from remaining too long in this world?,It could absorb those beings who are not magical.
1815,narrativeqa,3efaacf0a0463fd5b929a61314f0b2f21272e9ab,Regarding the book 'David and the Phoenix': Why did the Phoenix have to rescue David from a magical world?,Staying too long absorbs non-magical beings.
1816,narrativeqa,3f596a5be9de38b6f63b6c4b92021fe78d403e80,Regarding the book 'Savrola': Where does the rebels choose to invade first?,The streets of the capital
1817,narrativeqa,3f596a5be9de38b6f63b6c4b92021fe78d403e80,Regarding the book 'Savrola': With whom does Savrola flee?,Lucille
1818,narrativeqa,3f596a5be9de38b6f63b6c4b92021fe78d403e80,Regarding the book 'Savrola': What is the relationship between Molara and Lucille?,They are husband and wife
1819,narrativeqa,3f596a5be9de38b6f63b6c4b92021fe78d403e80,Regarding the book 'Savrola': Savrola is the leader of what group of people?,The revolutionaries
1820,narrativeqa,3f596a5be9de38b6f63b6c4b92021fe78d403e80,Regarding the book 'Savrola': Who is fighting in the capital?,The Republican Guard and the Popular Party
1821,narrativeqa,3f5e6852ff7282e86943a3a0d48a3e10490d9f6b,Regarding the book 'Dorothy of Oz (book)': What state does Dorothy live in?,Kansas
1822,narrativeqa,3f5e6852ff7282e86943a3a0d48a3e10490d9f6b,Regarding the book 'Dorothy of Oz (book)': What is Wiser covered with?,Molasses
1823,narrativeqa,3f5e6852ff7282e86943a3a0d48a3e10490d9f6b,Regarding the book 'Dorothy of Oz (book)': What country does the owl tell Dorothy to head to?,Candy Country
1824,narrativeqa,3f5e6852ff7282e86943a3a0d48a3e10490d9f6b,Regarding the book 'Dorothy of Oz (book)': Who did the wand belong to Dorothy finds in the castle?,The Wicked Witch of the West
1825,narrativeqa,3f5e6852ff7282e86943a3a0d48a3e10490d9f6b,Regarding the book 'Dorothy of Oz (book)': What do they decide to do with the wand to keep everyone safe?,They decide to keep the wand locked up.
1826,narrativeqa,408d3b92b889218d73adddf502b5f7f9d002f4ab,Regarding the book 'The House of the Wolfings': From what two houses do the tribes choose warriors from?,The House of Wolfings and the House of Laxings
1827,narrativeqa,408d3b92b889218d73adddf502b5f7f9d002f4ab,Regarding the book 'The House of the Wolfings': Who was in reponsible for choosing the War Dukes?,The men of the Mark.
1828,narrativeqa,408d3b92b889218d73adddf502b5f7f9d002f4ab,Regarding the book 'The House of the Wolfings': What is the town like area that the Germanic tribes inhabit?,Mark
1829,narrativeqa,408d3b92b889218d73adddf502b5f7f9d002f4ab,Regarding the book 'The House of the Wolfings': How many War Dukes were chosen from the House of Wolfings?,One War Duke was chosen from the House of Wolfings.
1830,narrativeqa,408d3b92b889218d73adddf502b5f7f9d002f4ab,Regarding the book 'The House of the Wolfings': How is Thiodolf related to Hall Sun?,They are father and daughter
1831,narrativeqa,40a0872b40344eac6dfdc73e7bbb984e5ac49bac,Regarding the book 'The Magic of Oz': How does Cap'n Bill retrieve the flower?,He straps a wooden plank to his good leg so that he is walking on wood with both legs.
1832,narrativeqa,40a0872b40344eac6dfdc73e7bbb984e5ac49bac,Regarding the book 'The Magic of Oz': What did the Wizard make Ruggedo and Kiki drink as punishment?,Water of Oblivion
1833,narrativeqa,40a0872b40344eac6dfdc73e7bbb984e5ac49bac,Regarding the book 'The Magic of Oz': Who confronts Kiki Aru about the theft of the old man's gold?,a sparrow
1834,narrativeqa,40a0872b40344eac6dfdc73e7bbb984e5ac49bac,Regarding the book 'The Magic of Oz': A Li-Mon-Eag has the body of a what?,Monkey
1835,narrativeqa,40a0872b40344eac6dfdc73e7bbb984e5ac49bac,Regarding the book 'The Magic of Oz': What must Kiki Aru and Ruggedo drink to make them forget all they have ever known?,The Water of Oblivion
1836,narrativeqa,40d8b1ee377a7a4addca58e31f12d80c77fd8cb8,Regarding the book 'Louis Lambert (novel)': Who paid for Louis Lambert to enroll in College de Vendome?,Madame de Stael
1837,narrativeqa,40d8b1ee377a7a4addca58e31f12d80c77fd8cb8,Regarding the book 'Louis Lambert (novel)': Who gives the narrator Louis' letters?,Louis' uncle
1838,narrativeqa,40d8b1ee377a7a4addca58e31f12d80c77fd8cb8,Regarding the book 'Louis Lambert (novel)': How old is Lambert when he passes away?,28 years old
1839,narrativeqa,40d8b1ee377a7a4addca58e31f12d80c77fd8cb8,Regarding the book 'Louis Lambert (novel)': What is the title of the comprehensive essay Louis completes in college?,Traite de la Volonte
1840,narrativeqa,40d8b1ee377a7a4addca58e31f12d80c77fd8cb8,Regarding the book 'Louis Lambert (novel)': What year is Louis Lambert born in?,1797
1841,narrativeqa,412fc8a0c1245cedcbb73ccdbd2295c77548d178,Regarding the book 'The Lottery Rose': What does Mrs. Harper threaten to do if George plants his rosebush in her yard again?,She threatens to burn the rose bush
1842,narrativeqa,412fc8a0c1245cedcbb73ccdbd2295c77548d178,Regarding the book 'The Lottery Rose': Where does Georgie plant his rosebush for the final time?,At Robin's grave
1843,narrativeqa,412fc8a0c1245cedcbb73ccdbd2295c77548d178,Regarding the book 'The Lottery Rose': What is Timothy called?,The public relations boy
1844,narrativeqa,412fc8a0c1245cedcbb73ccdbd2295c77548d178,Regarding the book 'The Lottery Rose': What part does George play in Alice in Wonderland?,Mad Hatter
1845,narrativeqa,412fc8a0c1245cedcbb73ccdbd2295c77548d178,Regarding the book 'The Lottery Rose': Which play does Georgie's play a role?,Alice in Wonderland
1846,narrativeqa,418694b1eaa0733da2c3605495c0d84901f522b0,Regarding the book 'Un début dans la vie': What happens to Oscar at the home of Florentine Cabriolle?,He gambles away 500 francs that were designated for a legal matter.
1847,narrativeqa,418694b1eaa0733da2c3605495c0d84901f522b0,Regarding the book 'Un début dans la vie': Who is forced to return to Paris?,Oscar
1848,narrativeqa,418694b1eaa0733da2c3605495c0d84901f522b0,Regarding the book 'Un début dans la vie': Who does Oscar try to pass himself off as?,A close acquaintance to the Count de Serizy and his son.
1849,narrativeqa,418694b1eaa0733da2c3605495c0d84901f522b0,Regarding the book 'Un début dans la vie': What body part does Oscar lose on the battlefield?,His left arm
1850,narrativeqa,418694b1eaa0733da2c3605495c0d84901f522b0,Regarding the book 'Un début dans la vie': How did Oscar lose his arm?,He was rescuing someone on the battlefield
1851,narrativeqa,4201851cbf27a7c9dba84c3c1b5ff5e46ca6c8fc,Regarding the book 'The Phantom of the Opera': Why does Erik become jealous?,He was listening to Christine and Raoul planning to escape
1852,narrativeqa,4201851cbf27a7c9dba84c3c1b5ff5e46ca6c8fc,Regarding the book 'The Phantom of the Opera': Where does Christine tell Raoul about her abduction?,Christine tells Raoul about her abduction on the roof of the opera house.
1853,narrativeqa,4201851cbf27a7c9dba84c3c1b5ff5e46ca6c8fc,Regarding the book 'The Phantom of the Opera': How does Erik convince Christine to marry him?,He threatens to set off explosives in the opera house and has trapped Raoul in a torture chamber.
1854,narrativeqa,4201851cbf27a7c9dba84c3c1b5ff5e46ca6c8fc,Regarding the book 'The Phantom of the Opera': At which opera house is the Phantom living?,The Paris Opera
1855,narrativeqa,4201851cbf27a7c9dba84c3c1b5ff5e46ca6c8fc,Regarding the book 'The Phantom of the Opera': What does Christine return when Erik died?,the gold ring
1856,narrativeqa,432cfe548f1f51045f8cba8f8f50e4e0e47a0771,"Regarding the book 'Honorine (novel)': After Maurice left, what happened to Honorine?",She passed away
1857,narrativeqa,432cfe548f1f51045f8cba8f8f50e4e0e47a0771,"Regarding the book 'Honorine (novel)': What job does Maurice get, to act as a go-between for Count Octave and Honorine?",Maurice gets a job as a misogynistic  flower arranger.
1858,narrativeqa,432cfe548f1f51045f8cba8f8f50e4e0e47a0771,Regarding the book 'Honorine (novel)': Who was Count Octave supposed to be married to?,He was supposed to be married to Honorine.
1859,narrativeqa,432cfe548f1f51045f8cba8f8f50e4e0e47a0771,Regarding the book 'Honorine (novel)': Why did some people accuse Maurice of initially avoiding marriage?,He fell in love with Honorine
1860,narrativeqa,432cfe548f1f51045f8cba8f8f50e4e0e47a0771,Regarding the book 'Honorine (novel)': Why did MAurice become Consul?,Maurice becamse Consul becuase of Count having him be the middle man
1861,narrativeqa,43b69d56cf0ea21266b7fba20c34e00be12d0dea,Regarding the book 'The Maid of Orleans (play)': What does Joan of Arc decide to do when she's about to kill the English knight?,She spares his life
1862,narrativeqa,43b69d56cf0ea21266b7fba20c34e00be12d0dea,Regarding the book 'The Maid of Orleans (play)': Who captures and imprisons Joan?,The English army
1863,narrativeqa,43b69d56cf0ea21266b7fba20c34e00be12d0dea,Regarding the book 'The Maid of Orleans (play)': What does the Joan of Arc see from her prison cell?,The battle between the French and English
1864,narrativeqa,43b69d56cf0ea21266b7fba20c34e00be12d0dea,Regarding the book 'The Maid of Orleans (play)': What is Joan accused of when she goes to Reims?,Sorcery
1865,narrativeqa,43b69d56cf0ea21266b7fba20c34e00be12d0dea,Regarding the book 'The Maid of Orleans (play)': What happens when the English knight removes his helmet?,Joan of Arc falls in love with him
1866,narrativeqa,43ed57d07fc5da860ec08b1102bb319670801978,Regarding the book 'The Twinkle Tales': Who was Twinkle with when she discovered a trap door in Sugar-Loaf Mountain?,Chubbins
1867,narrativeqa,43ed57d07fc5da860ec08b1102bb319670801978,Regarding the book 'The Twinkle Tales': Who does Twinkle meet in Prairie Dog Town?,The mayor
1868,narrativeqa,43ed57d07fc5da860ec08b1102bb319670801978,Regarding the book 'The Twinkle Tales': What's wrong with Bandit Jim Crow?,He has a broken wing
1869,narrativeqa,43ed57d07fc5da860ec08b1102bb319670801978,Regarding the book 'The Twinkle Tales': Why do woodchucks try humans?,they set traps to kill woodchucks
1870,narrativeqa,43ed57d07fc5da860ec08b1102bb319670801978,"Regarding the book 'The Twinkle Tales': After being captured in Sugar-Loaf Mountain, to whom is Twinkle and her friend taken?",The king
1871,narrativeqa,44287f57e8bc2b329dbd0d5750e6747781ae50fe,Regarding the book 'The Fixed Period': What does Neverbend plan to preach to the English about?,the steps needed for the progress of mankind
1872,narrativeqa,44287f57e8bc2b329dbd0d5750e6747781ae50fe,Regarding the book 'The Fixed Period': Brittanula is re-annexed to what country?,Great Britain
1873,narrativeqa,44287f57e8bc2b329dbd0d5750e6747781ae50fe,Regarding the book 'The Fixed Period': Who is Abraham Grundle engaged to?,"Crasweller's daughter, Eva."
1874,narrativeqa,44287f57e8bc2b329dbd0d5750e6747781ae50fe,Regarding the book 'The Fixed Period': Why does Craweller start lying about his age?,he doesn't want to be deposed
1875,narrativeqa,44287f57e8bc2b329dbd0d5750e6747781ae50fe,Regarding the book 'The Fixed Period': Where does John Neverbend end up?,Britain
1876,narrativeqa,44340b5ad75b693029def097ee3836366776eda1,Regarding the book 'Miss Mackenzie': Why did Mackenzie move to Littlebath?,To find a place in society
1877,narrativeqa,44340b5ad75b693029def097ee3836366776eda1,Regarding the book 'Miss Mackenzie': How much money was Margaret cheated out of by Tom's business partner?,2500 pounds
1878,narrativeqa,44340b5ad75b693029def097ee3836366776eda1,Regarding the book 'Miss Mackenzie': Why did Maguire attack John Ball's image in an newspaper?,To try to change Mackenzie's mind to marry him instead.
1879,narrativeqa,44340b5ad75b693029def097ee3836366776eda1,Regarding the book 'Miss Mackenzie': Why did Miss Mackenzie have to give her inheritance to John Ball?,"The courts determined that there was an error in Walter's will, and that the money was rightfully John's"
1880,narrativeqa,44340b5ad75b693029def097ee3836366776eda1,"Regarding the book 'Miss Mackenzie': Where did Margaret travel to in order to care for her dying brother, Tom?",London
1881,narrativeqa,4499cd7074278be578db6861f7862c3a846e1f5d,Regarding the book 'Pudd'nhead Wilson': How is Tom's debt resolved?,He was sold as slave to repay some of the money he owed.
1882,narrativeqa,4499cd7074278be578db6861f7862c3a846e1f5d,Regarding the book 'Pudd'nhead Wilson': Who does Roxy put in Tom's crib?,Chambers
1883,narrativeqa,4499cd7074278be578db6861f7862c3a846e1f5d,Regarding the book 'Pudd'nhead Wilson': What surprising fact is revealed to Tom Driscoll?,He is actually the black son of Roxie.
1884,narrativeqa,4499cd7074278be578db6861f7862c3a846e1f5d,Regarding the book 'Pudd'nhead Wilson': What does Roxy reveal to Tom after returning to Dawson's Landing?,That she is Tom's mother
1885,narrativeqa,4499cd7074278be578db6861f7862c3a846e1f5d,Regarding the book 'Pudd'nhead Wilson': Who does Tom murder?,His uncle
1886,narrativeqa,44c8278a7dc6f876636f0979bb645cf98ae1df0f,Regarding the book 'Dream of the Red Chamber': Who is supposed to marry Xue Baochai?,Jia Baoyu
1887,narrativeqa,44c8278a7dc6f876636f0979bb645cf98ae1df0f,Regarding the book 'Dream of the Red Chamber': Whom is Jia Baoyu predestined to marry?,His cousin Xue Baochai.
1888,narrativeqa,44c8278a7dc6f876636f0979bb645cf98ae1df0f,Regarding the book 'Dream of the Red Chamber': What is built before one of the clan's offspring visits?,A lush landscaped garden
1889,narrativeqa,44c8278a7dc6f876636f0979bb645cf98ae1df0f,Regarding the book 'Dream of the Red Chamber': What happens when the Jias fall from the Emperor's favor?,Their mansions are raided and taken
1890,narrativeqa,44c8278a7dc6f876636f0979bb645cf98ae1df0f,Regarding the book 'Dream of the Red Chamber': What was built to receive the visit from the Royal Consort?,"A lush, landscaped garden."
1891,narrativeqa,456e5a330da462f6fca6766a90b843e47d288e9c,Regarding the book 'Toilers of the Sea': Who proposed to Deruchette?,Ebenezzer Caudry.
1892,narrativeqa,456e5a330da462f6fca6766a90b843e47d288e9c,Regarding the book 'Toilers of the Sea': Who find out about the shipwreck?,Everybody in Guernsey.
1893,narrativeqa,456e5a330da462f6fca6766a90b843e47d288e9c,Regarding the book 'Toilers of the Sea': Who become a good fisherman and sailor?,Gilliat.
1894,narrativeqa,456e5a330da462f6fca6766a90b843e47d288e9c,Regarding the book 'Toilers of the Sea': Who does Clubin take the money from?,Rantaine.
1895,narrativeqa,456e5a330da462f6fca6766a90b843e47d288e9c,Regarding the book 'Toilers of the Sea': Why did Gilliat refuse to marry Deruchette?,Because he saw her accepting a marriage proposal from Ebenezer Caudry.
1896,narrativeqa,46117f49c49ea357ba44983898397b0f5643af05,Regarding the book 'Green Mansions': Where was Rima born?,Voa
1897,narrativeqa,46117f49c49ea357ba44983898397b0f5643af05,Regarding the book 'Green Mansions': What is the name of the mountain in the story?,Ytaiao Mountain
1898,narrativeqa,46117f49c49ea357ba44983898397b0f5643af05,Regarding the book 'Green Mansions': Why is Abel and Rima's relationship strained?,Abel cannot speak her unknown language
1899,narrativeqa,46117f49c49ea357ba44983898397b0f5643af05,Regarding the book 'Green Mansions': What is the name of the Christian community?,Voa
1900,narrativeqa,46117f49c49ea357ba44983898397b0f5643af05,Regarding the book 'Green Mansions': What does Abel want to do at the end of the story?,He wants to be buried with Rima's ashes.
1901,narrativeqa,47b87e0644aa06769be5487d802a3f37d17a3a9d,Regarding the book 'Born in Exile': Why does Godwin Peak leave the college?,He does not want to be associated with trade or face scorn from his fellow classmates.
1902,narrativeqa,47b87e0644aa06769be5487d802a3f37d17a3a9d,Regarding the book 'Born in Exile': Whom did Godwin Peak have a love interest in instead of Marcella Moxey?,Sidwell Warricomb.
1903,narrativeqa,47b87e0644aa06769be5487d802a3f37d17a3a9d,Regarding the book 'Born in Exile': Where is Godwin Peak a student?,He is a student at Whitelaw College.
1904,narrativeqa,47b87e0644aa06769be5487d802a3f37d17a3a9d,Regarding the book 'Born in Exile': What happens to Marcella Moxey as she tries to prevent a horse from being beaten?,Marcella Moxey gets killed.
1905,narrativeqa,47b87e0644aa06769be5487d802a3f37d17a3a9d,Regarding the book 'Born in Exile': What school did Godwin Peak win a scholarship to attend?,Whitelaw College
1906,narrativeqa,485b86c3ffec91e89fbc846985944adc0cf73c80,Regarding the book 'Cousin Henry': Who is Indefer's only male heir?,his nephew Henry Jones
1907,narrativeqa,485b86c3ffec91e89fbc846985944adc0cf73c80,Regarding the book 'Cousin Henry': What are Isabel's feelings toward her cousin Henry?,She does not like him.
1908,narrativeqa,485b86c3ffec91e89fbc846985944adc0cf73c80,Regarding the book 'Cousin Henry': What city is Llanfeare located in?,Carmarthen
1909,narrativeqa,485b86c3ffec91e89fbc846985944adc0cf73c80,Regarding the book 'Cousin Henry': Where does Henry find his uncle's will?,Hidden in a book of sermons.
1910,narrativeqa,485b86c3ffec91e89fbc846985944adc0cf73c80,Regarding the book 'Cousin Henry': What is the name of Indefor Jones' manor?,Llanfeare
1911,narrativeqa,4928fbeba0cc0a49fee877943c00d3a155985efc,Regarding the book 'The Book of Khalid': Where does Khalib live as a Hermit?,The Mountains
1912,narrativeqa,4928fbeba0cc0a49fee877943c00d3a155985efc,Regarding the book 'The Book of Khalid': Where does everyone flee to escape the Ottoman empire?,the Egyptian desert
1913,narrativeqa,4928fbeba0cc0a49fee877943c00d3a155985efc,Regarding the book 'The Book of Khalid': What desert did Khalib flee to?,Egyptian Desert
1914,narrativeqa,4928fbeba0cc0a49fee877943c00d3a155985efc,Regarding the book 'The Book of Khalid': Why does Khalid burn his peddle box?,because their sales are dishonest
1915,narrativeqa,4928fbeba0cc0a49fee877943c00d3a155985efc,Regarding the book 'The Book of Khalid': What country did Khalid and Sharkib immigrate from?,Baalbek in Lebanon
1916,narrativeqa,492dd783e10bce6daf818b550715b9e2c73252dc,Regarding the book 'The Lady of the Shroud': Why did the local leaders and clergy say Teuta was a vampire?,It was a more acceptable story than the truth that she'd never died.
1917,narrativeqa,492dd783e10bce6daf818b550715b9e2c73252dc,Regarding the book 'The Lady of the Shroud': Where does Rupert find the pale woman when he goes to the church?,A glass topped stone coffin.
1918,narrativeqa,492dd783e10bce6daf818b550715b9e2c73252dc,Regarding the book 'The Lady of the Shroud': What does Rupert think Teuta is?,A vampire.
1919,narrativeqa,492dd783e10bce6daf818b550715b9e2c73252dc,Regarding the book 'The Lady of the Shroud': What was Rupert's relation to the Voivode?,Rupert was the Voivode's son-in-law.
1920,narrativeqa,492dd783e10bce6daf818b550715b9e2c73252dc,Regarding the book 'The Lady of the Shroud': Who pilots the plane?,Rupert
1921,narrativeqa,4a796aac281a1ec7280c9cf1bbf199757ad8a6f1,Regarding the book 'Boon (novel)': What does a Henry James character never do while playing poker?,Perspire.
1922,narrativeqa,4a796aac281a1ec7280c9cf1bbf199757ad8a6f1,Regarding the book 'Boon (novel)': What is the Mind of the Race?,"The very vididly, detailed, fictional murder of Dr. Tomlinson Keyhole"
1923,narrativeqa,4a796aac281a1ec7280c9cf1bbf199757ad8a6f1,Regarding the book 'Boon (novel)': Where are the late George Boon's papers kept?,In barrels in the attic
1924,narrativeqa,4a796aac281a1ec7280c9cf1bbf199757ad8a6f1,Regarding the book 'Boon (novel)': What disappoints Bliss as he goes throught Boon's papers?,"That they are kept in a barrel in the attic, that there are no finished papers, just unfinished thoughts, and a lot of weird drawings"
1925,narrativeqa,4a796aac281a1ec7280c9cf1bbf199757ad8a6f1,Regarding the book 'Boon (novel)': Who is the leading member of the Rationalist Press Association?,Edwin Dodd
1926,narrativeqa,4a92bf273183297c7b9e2a39e4ba9044d0eb1e33,Regarding the book 'The Wonderful Toymaker': What does the princess put in her ears?,cotton
1927,narrativeqa,4a92bf273183297c7b9e2a39e4ba9044d0eb1e33,Regarding the book 'The Wonderful Toymaker': How did the Princess avoid speaking on her way to the waterfall?,she stuffed cotton in her ears
1928,narrativeqa,4a92bf273183297c7b9e2a39e4ba9044d0eb1e33,Regarding the book 'The Wonderful Toymaker': What does Bobolink know?,Everything
1929,narrativeqa,4a92bf273183297c7b9e2a39e4ba9044d0eb1e33,Regarding the book 'The Wonderful Toymaker': What did Martin and Petulant do after their adventure?,told a Royal Historian their story
1930,narrativeqa,4a92bf273183297c7b9e2a39e4ba9044d0eb1e33,Regarding the book 'The Wonderful Toymaker': Who is Martin's father?,Martin's father is the Prime Minister.
1931,narrativeqa,4b14ba59756696a72d9520a9d2812471313a3b93,Regarding the book 'Moonfleet': WHERE WAS THE CODE TO THE DIAMOND'S LOCATION HIDDEN?,IN BLACKBEARD'S LOCKET
1932,narrativeqa,4b14ba59756696a72d9520a9d2812471313a3b93,Regarding the book 'Moonfleet': How many years are John and Elzevir separated?,Ten.
1933,narrativeqa,4b14ba59756696a72d9520a9d2812471313a3b93,Regarding the book 'Moonfleet': WHERE WAS BLACKBEARD BURIED?,IN A FAMILY CRYPT UNDER THE CHURCH
1934,narrativeqa,4b14ba59756696a72d9520a9d2812471313a3b93,Regarding the book 'Moonfleet': What does the merchant do to help his guilty conscience?,He gives John money worth as much as the diamond.
1935,narrativeqa,4b14ba59756696a72d9520a9d2812471313a3b93,Regarding the book 'Moonfleet': What is the name of the girl  John loves and leaves behind in Moonfleet?,Grace Maskew
1936,narrativeqa,4b687c107c958aa724d6cb584e692bb1b065caaf,Regarding the book 'The Riddle of the Sands': What does Dollman suspect Davies and Carruthers are?,British spies
1937,narrativeqa,4b687c107c958aa724d6cb584e692bb1b065caaf,Regarding the book 'The Riddle of the Sands': Why does Bruning invite them to Dollmann's villa?,To cross-examine them
1938,narrativeqa,4b687c107c958aa724d6cb584e692bb1b065caaf,Regarding the book 'The Riddle of the Sands': What is Caruther's occupation?,Official in the Foreign Office
1939,narrativeqa,4b687c107c958aa724d6cb584e692bb1b065caaf,Regarding the book 'The Riddle of the Sands': Where do Carruthers and Davies end up navigating the ship?,German Frisian Islands
1940,narrativeqa,4b687c107c958aa724d6cb584e692bb1b065caaf,Regarding the book 'The Riddle of the Sands': Who does Carruthers believe is responsible for linking the canals and railways?,The Germans
1941,narrativeqa,4b85f49075da3786517b24ad42a0ee430fb21fe5,Regarding the book 'Linda Condon': Why does Linda decide against living with Pleydon?,Because he is too old and their love wouldn't be in the romantic sense.
1942,narrativeqa,4b85f49075da3786517b24ad42a0ee430fb21fe5,Regarding the book 'Linda Condon': Where does Linda meet her father's sister?,At a concert
1943,narrativeqa,4b85f49075da3786517b24ad42a0ee430fb21fe5,Regarding the book 'Linda Condon': Why does Linda marry Hallet?,Because he is rich.
1944,narrativeqa,4b85f49075da3786517b24ad42a0ee430fb21fe5,Regarding the book 'Linda Condon': Which of Linda's children becomes a law student?,Lowrie
1945,narrativeqa,4b85f49075da3786517b24ad42a0ee430fb21fe5,Regarding the book 'Linda Condon': Does Linda decide to to stay with Pleydon?,Linda decides to return to live with Arnaud.
1946,narrativeqa,4c428ffec939a3607a4da2e68ca684c03f6e8959,Regarding the book 'The Fifth Queen': What are three attributes that attract the King to Katherine?,"Her faith, youth, and beauty"
1947,narrativeqa,4c428ffec939a3607a4da2e68ca684c03f6e8959,Regarding the book 'The Fifth Queen': Who is arrested for connection to Wyatt's rebellion?,Nicholas Throckmorton
1948,narrativeqa,4c428ffec939a3607a4da2e68ca684c03f6e8959,Regarding the book 'The Fifth Queen': Who is Lady Mary?,The king's eldest daughter
1949,narrativeqa,4c428ffec939a3607a4da2e68ca684c03f6e8959,Regarding the book 'The Fifth Queen': Who is Udal a spy for?,Thomas Cromwell
1950,narrativeqa,4c428ffec939a3607a4da2e68ca684c03f6e8959,"Regarding the book 'The Fifth Queen': Katharine Howard eventually married King Henry the VIII, how many Queens came before her?","Four, she was the Fifth Queen"
1951,narrativeqa,4ca62421b3a470677c302b5bc488870e0f09137c,"Regarding the book 'The History of Tom Jones, a Foundling': What is the name of Tom's servant?",Patridge
1952,narrativeqa,4ca62421b3a470677c302b5bc488870e0f09137c,"Regarding the book 'The History of Tom Jones, a Foundling': Who was Sophia's father?",Squire Western
1953,narrativeqa,4ca62421b3a470677c302b5bc488870e0f09137c,"Regarding the book 'The History of Tom Jones, a Foundling': Which brother did Bridget marry?",Captain Blifil
1954,narrativeqa,4ca62421b3a470677c302b5bc488870e0f09137c,"Regarding the book 'The History of Tom Jones, a Foundling': Why was Tom arrested in London?",For nearly killing a man during a duel
1955,narrativeqa,4ca62421b3a470677c302b5bc488870e0f09137c,"Regarding the book 'The History of Tom Jones, a Foundling': What did Allworthy found out about Tom?",Tom his Allworthy nephew
1956,narrativeqa,4d36547aa42b054fa6e8ee99e541acb8b0070fc0,Regarding the book 'Comus (John Milton)': Why can't the Lady leave?,She is immobilized
1957,narrativeqa,4d36547aa42b054fa6e8ee99e541acb8b0070fc0,Regarding the book 'Comus (John Milton)': What form does the Attending Spirit take?,A sheperd
1958,narrativeqa,4d36547aa42b054fa6e8ee99e541acb8b0070fc0,Regarding the book 'Comus (John Milton)': What is Comus disguised as?,A villager
1959,narrativeqa,4d36547aa42b054fa6e8ee99e541acb8b0070fc0,Regarding the book 'Comus (John Milton)': Who ultimately saves the Lady?,Sabrina
1960,narrativeqa,4d36547aa42b054fa6e8ee99e541acb8b0070fc0,Regarding the book 'Comus (John Milton)': How did Cormus get the Lady to go with him?,Offering her help to find her brothers.
1961,narrativeqa,4d9f09db509c6ee9f523b2499ed019af1d762c21,Regarding the book 'Tarzan and the Jewels of Opar': What does La do after she is rejected?,She trys to kill Tarzan.
1962,narrativeqa,4d9f09db509c6ee9f523b2499ed019af1d762c21,Regarding the book 'Tarzan and the Jewels of Opar': What is La's interest in Tarzan?,She was in love with him.
1963,narrativeqa,4d9f09db509c6ee9f523b2499ed019af1d762c21,Regarding the book 'Tarzan and the Jewels of Opar': How did Tarzan lose his memory?,He was hit in the head by a falling rock during an earthquake.
1964,narrativeqa,4d9f09db509c6ee9f523b2499ed019af1d762c21,Regarding the book 'Tarzan and the Jewels of Opar': What happened to Jane?,She was kidnapped.
1965,narrativeqa,4d9f09db509c6ee9f523b2499ed019af1d762c21,Regarding the book 'Tarzan and the Jewels of Opar': Who kidnaps Jane?,The criminal Arab that Albert works for?
1966,narrativeqa,4db23116ec1059a6f94867461edf45596d20f8d2,Regarding the book 'With Kitchener in the Soudan': When was Gregory allowed to open what his mother left him?,When he was sure he father was dead.
1967,narrativeqa,4db23116ec1059a6f94867461edf45596d20f8d2,Regarding the book 'With Kitchener in the Soudan': How can the young Gregory be an interpreter?,He knows many native languages.
1968,narrativeqa,4db23116ec1059a6f94867461edf45596d20f8d2,Regarding the book 'With Kitchener in the Soudan': Why did Gregory Hilliard Hartley leave to Egypt?,He was expelled from his father's house.
1969,narrativeqa,4db23116ec1059a6f94867461edf45596d20f8d2,Regarding the book 'With Kitchener in the Soudan': Where was Gregory originally from?,England
1970,narrativeqa,4db23116ec1059a6f94867461edf45596d20f8d2,Regarding the book 'With Kitchener in the Soudan': What kind of business hires senior Gregory when he arrives in Egypt?,A merchant firm
1971,narrativeqa,4dcfb547a77a706c9436a0e1960c0a9ffd1ec18f,Regarding the book 'The Secret Garden': Where does Archibald live?,Misselthwaite Manor
1972,narrativeqa,4dcfb547a77a706c9436a0e1960c0a9ffd1ec18f,Regarding the book 'The Secret Garden': What is Ben Weatherstaff's position in the household?,He is the gardener.
1973,narrativeqa,4dcfb547a77a706c9436a0e1960c0a9ffd1ec18f,Regarding the book 'The Secret Garden': Who is Mary cared by?,servants
1974,narrativeqa,4dcfb547a77a706c9436a0e1960c0a9ffd1ec18f,Regarding the book 'The Secret Garden': Who does Mr. Craven dream is in the garden?,The late Mrs. Craven.
1975,narrativeqa,4dcfb547a77a706c9436a0e1960c0a9ffd1ec18f,Regarding the book 'The Secret Garden': What was Martha's brother's name?,Dickon
1976,narrativeqa,4e6e052732e90a9c127f6502feddee1a17301c14,Regarding the book 'Villette (novel)': Where is M. Paul forced to go to?,West Indies
1977,narrativeqa,4e6e052732e90a9c127f6502feddee1a17301c14,Regarding the book 'Villette (novel)': Why was Paul forced leave for the West Indies?,To try to seperate him and Lucy.
1978,narrativeqa,4e6e052732e90a9c127f6502feddee1a17301c14,Regarding the book 'Villette (novel)': What job does Lucy do after Mrs. Marchmont died?,She got a job as a nanny.
1979,narrativeqa,4e6e052732e90a9c127f6502feddee1a17301c14,Regarding the book 'Villette (novel)': What does Miss Marchmont believe happens when she dies?,Miss Marchmont believes she will be reunited with her dead lover when she dies.
1980,narrativeqa,4e6e052732e90a9c127f6502feddee1a17301c14,Regarding the book 'Villette (novel)': In what city is Mme. Beck's boarding school in France?,Villette
1981,narrativeqa,4e959a5d22e1968a1950ac836a1ba0cc3edffa41,Regarding the book 'The Tenant of Wildfell Hall': Who makes Huntingdon jealous?,His son.
1982,narrativeqa,4e959a5d22e1968a1950ac836a1ba0cc3edffa41,Regarding the book 'The Tenant of Wildfell Hall': Who is Mr Lawrence to Mrs Helen Graham?,Her brother.
1983,narrativeqa,4e959a5d22e1968a1950ac836a1ba0cc3edffa41,Regarding the book 'The Tenant of Wildfell Hall': Who does Mr. Lawrence end up marrying?,Esther Hargrave
1984,narrativeqa,4e959a5d22e1968a1950ac836a1ba0cc3edffa41,Regarding the book 'The Tenant of Wildfell Hall': Why does Helen return to Grassdale?,Because her husband is ill.
1985,narrativeqa,4e959a5d22e1968a1950ac836a1ba0cc3edffa41,Regarding the book 'The Tenant of Wildfell Hall': Who was having an affair with Lady Lowborough?,Arthur.
1986,narrativeqa,4ff62e050b4eba11e273a060f0e5b0080746ea79,Regarding the book 'Tancred (novel)': Who nurses Tancred back to health?,Eva
1987,narrativeqa,4ff62e050b4eba11e273a060f0e5b0080746ea79,Regarding the book 'Tancred (novel)': Who nurses Tancred back to health?,Eva
1988,narrativeqa,4ff62e050b4eba11e273a060f0e5b0080746ea79,Regarding the book 'Tancred (novel)': What happens to Tancred shortley after meeting Eva?,He is kidnapped
1989,narrativeqa,4ff62e050b4eba11e273a060f0e5b0080746ea79,Regarding the book 'Tancred (novel)': Why does Tancred visit the Holy Land?,He wants to understand the roots of Christianity
1990,narrativeqa,4ff62e050b4eba11e273a060f0e5b0080746ea79,Regarding the book 'Tancred (novel)': What did Eva teach Tancred about?,The glories of Mediterranean civilization and what Christianity owed Judaism.
1991,narrativeqa,50345c156f654c89d5971698aa25adfbdd0483c4,Regarding the book 'Breaking Point (novel)': Which school does Paul move to?,Gale-Brickell Christian.
1992,narrativeqa,50345c156f654c89d5971698aa25adfbdd0483c4,Regarding the book 'Breaking Point (novel)': Who is the son of the school janitor?,David Blanco
1993,narrativeqa,50345c156f654c89d5971698aa25adfbdd0483c4,Regarding the book 'Breaking Point (novel)': What does Charlie ask Paul to do after he breaks into the school?,Change his grade
1994,narrativeqa,50345c156f654c89d5971698aa25adfbdd0483c4,Regarding the book 'Breaking Point (novel)': What is Paul's mother's occupation?,teacher
1995,narrativeqa,50345c156f654c89d5971698aa25adfbdd0483c4,Regarding the book 'Breaking Point (novel)': What is the name of the private school Paul transferred to?,Gate-Brickell Christian
1996,narrativeqa,505d50d3d0e05c17a28348c30da57b00118b81fd,Regarding the book 'Tamburlaine': Where does Tamburlaine keep Bajazeth?,In a cage
1997,narrativeqa,505d50d3d0e05c17a28348c30da57b00118b81fd,Regarding the book 'Tamburlaine': Who is Bajazeth's wife?,Zabina
1998,narrativeqa,505d50d3d0e05c17a28348c30da57b00118b81fd,"Regarding the book 'Tamburlaine': Who does Tamburlaine woo, capture, and win?",Zenocrate
1999,narrativeqa,505d50d3d0e05c17a28348c30da57b00118b81fd,Regarding the book 'Tamburlaine': How does Bajazeth kill himself?,Smashing his head against the bars.
2000,narrativeqa,505d50d3d0e05c17a28348c30da57b00118b81fd,Regarding the book 'Tamburlaine': Where do Callapine and Tamburlaine meet?,On the battlefield.
