evaluation_id,document_id,question,answer1
1,Beyoncé,How much money did The Mrs. Carter Show Limited Edition fragrance make?,400 million
2,Beyoncé,Which other song from the soundtrack did better in the charts?,Summertime
3,Beyoncé,Who is Beyoncé married to?,Jay Z
4,Beyoncé,Of what event was Beyonce honorary chair?,2013 Met Gala
5,Beyoncé,Where did Beyoncé perform for four nights of standing room only concerts in 2011?,New York's Roseland Ballroom
6,Frédéric_Chopin,By not going back to Poland Chopin became part of what?,Polish Great Emigration
7,Frédéric_Chopin,What was the first of Chopin's works to gain international renown? ,Rondo Op. 1
8,Frédéric_Chopin,Where did Chopin live with his family in Warsaw?,Saxon Palace.
9,Frédéric_Chopin,What other musician shows to have elements of Chopin in his work?,Liszt
10,Frédéric_Chopin,All of his pieces include what instrument?,piano
11,Sino-Tibetan_relations_during_the_Ming_dynasty,Who ruled as the the Hongwu Emperor?,Zhu Yuanzhang
12,Sino-Tibetan_relations_during_the_Ming_dynasty,Who does P. Christiaan Klieger believe undertook the former imperial tributaries?,the Republic of China and its Communist successors
13,Sino-Tibetan_relations_during_the_Ming_dynasty,When did the Song dynasty take place?,960–1279
14,Sino-Tibetan_relations_during_the_Ming_dynasty,When did the Five Dynasties and Ten Kingdoms period of China take place?,907–960
15,Sino-Tibetan_relations_during_the_Ming_dynasty,Who was the fourth Karmapa Lama?,Rolpe Dorje
16,IPod,"What other Apple product was unveiled on September 12, 2012?",seventh generation iPod Nano
17,IPod,What are six companies that made some of the first peripherals for the iPod?,"Griffin Technology, Belkin, JBL, Bose, Monster Cable, and SendStation"
18,IPod,"What percentage of Apples revenue in 1Q08 came from iPods, more than doubling the percentage of notebook sales?",42%
19,IPod,The first generation nano suffered from which component getting damaged easily?,screen
20,IPod,Which iPod product features the smallest data storage capacity?,iPod Shuffle
21,The_Legend_of_Zelda__Twilight_Princess,Who worked adapting the score for performance by an orchestra?,Michiru Ōshima
22,The_Legend_of_Zelda__Twilight_Princess,Hostile spirits are also known as what?,Poes
23,The_Legend_of_Zelda__Twilight_Princess,Who counted the game among the best ever made?,GameTrailers
24,The_Legend_of_Zelda__Twilight_Princess,What kind of functionality will the remaster feature?,Amiibo
25,The_Legend_of_Zelda__Twilight_Princess,In what areas is the content of the GameStop bonus CD provided for all versions of the game?,"Japan, Europe, and Australia"
26,Spectre_(2015_film),In what month was the preview of Spectre released in movie theaters?,July
27,Spectre_(2015_film),How old was Monica Bellucci when she filmed Spectre?,fifty
28,Spectre_(2015_film),How much money did Spectre gross on it's opening day in the UK?,$9.2 million
29,Spectre_(2015_film),Where was the Hoffler Klinik supposed to be located?,Austrian Alps.
30,Spectre_(2015_film),What 007 movie did Sam Mendes previously direct?,Skyfall
31,2008_Sichuan_earthquake,How many people were injured?,"374,176"
32,2008_Sichuan_earthquake,How many people were evacuated downstream?,"200,000"
33,2008_Sichuan_earthquake,When did Beijing agree to aid from Taiwan?,late on May 13
34,2008_Sichuan_earthquake,How many countries donated?,19 countries
35,2008_Sichuan_earthquake,How many earthquake relief workers were killed?,158
36,New_York_City,The Hudson River separates NYC from which US state?,New Jersey
37,New_York_City,What industry is Wall Street associated with?,finance
38,New_York_City,What is the population density of Manhattan per square kilometer?,"27,673"
39,New_York_City,What was the biggest battle of the American Revolution?,Battle of Long Island
40,New_York_City,Which city in North America held the most slaves in the 1700s?,"Charleston, South Carolina"
41,To_Kill_a_Mockingbird,How many times was Tom shot?,seventeen
42,To_Kill_a_Mockingbird,When did Lee die?,February 2016
43,To_Kill_a_Mockingbird,When did the Montgomery Bus Boycott take place?,1955
44,To_Kill_a_Mockingbird,Which Southern writer deemed it a child's book?,Flannery O'Connor
45,To_Kill_a_Mockingbird,Who does Scout revere above everyone else?,Atticus
46,Solar_energy,What was the average speed of a winning solar powered car in 1987?,67 kilometres per hour (42 mph)
47,Solar_energy,Materials that can be used to store heat are known as what kind of mass?,Thermal
48,Solar_energy,What was the estimated capacity of solar water heating and cooling in 2007?,154 GW
49,Solar_energy,The Earth's oceans cover what percentage of the globe?,71
50,Solar_energy,How much energy was the Solar Two able to store using salts?,"1.44 terajoules (400,000 kWh)"
51,Kanye_West,"How many ""seasons"" of clothing did Kanye release?",3
52,Kanye_West,Kanye's foundation was changed to what name following his mother's death? ,The Dr. Donda West Foundation
53,Kanye_West,What did Kanye West not have that made record companies turn him down?,gangsta image
54,Kanye_West,"What was the name of the song that first featured Kanye's ""chipmunk soul"" style?","""This Can't Be Life"""
55,Kanye_West,What subject was Kanye West's focus at Chicago State University?,English
56,Buddhism,What has been seen by some as a hinderance to understanding Buddhist philosophy?,size and complexity of the Buddhist canons
57,Buddhism,What has achieved nirvana and also liberation from delusion?,bodhisattva
58,Buddhism,What does sila refer to?,overall principles of ethical behavior
59,Buddhism,What sutras were transmitted in secret?,Mahayana
60,Buddhism,What is the fourth of the Four Noble Truths explain?,identifies a path to this cessation
61,American_Idol,What is the name of the American Idol theme attraction with Disney? ,The American Idol Experience
62,American_Idol,Which season of American Idol featured Katy Perry as a guest judge?,season nine
63,American_Idol,Who talked Rupert Murdoch into buying American Idol for FOX?,his daughter Elisabeth
64,American_Idol,How many contestants had at least one million radio spins by 2010?,four
65,American_Idol,Which contestant was number three in sales from season three?,William Hung
66,Dog,What is gustatory communication include in dogs?,"scents, pheromones and taste"
67,Dog,What is the Latin name for a wolf?,Canis lupus
68,Dog,What is it called when an animal is altered to prevent procreation?,Neutering
69,Dog,The common relative of dogs and existing wolves is now considered what?,extinct.
70,Dog,Natural selection and what makes certain dogs behave certain ways?,selective breeding
71,2008_Summer_Olympics_torch_relay,What did Reporters Without Borders scale in order to put a protest banner on it?,the Eiffel Tower
72,2008_Summer_Olympics_torch_relay,Which Middle East location was the only area the torch visited?,Muscat
73,2008_Summer_Olympics_torch_relay,Who was the foreign minister that said her decision was a good example of peacefully making a point?,Stephen Smith
74,2008_Summer_Olympics_torch_relay,The Chinese coverage of torch relay events has been accused by Western reporters as being what?,partial and censored
75,2008_Summer_Olympics_torch_relay,Laurel Sutherlin spoke to which TV station about his concerns?,KPIX-CBS5
76,Genome,What organization first sequenced a bacterial genome?,Institute for Genomic Research
77,Genome,What does genome size have a direct relationship with in prokaryotes and lower eukaryotes?,morphological complexity
78,Genome,What is a name for the genetic makeup of mitochondria?,mitochondrial genome
79,Genome,How old in years was the material that was used to sequence the Neanderthal genome?,"130,000"
80,Genome,Where did Weissenbach and his colleagues work?,Genoscope
81,Comprehensive_school,In what year were comprehensive schools first created?,1965
82,Comprehensive_school,In what school year were Hauptschulen first combined with Realschulen and Gesamtschulen?,2010/2011
83,Comprehensive_school,All public primary and secondary schools in Scotland are of what type?,comprehensive
84,Comprehensive_school,From what group does an achievement gap separate working class students at comprehensive schools?,middle class peers
85,Comprehensive_school,What was the combination of Hauptschulen with Realschulen and Gesamtschulen called in Berlin?,Sekundarschule
86,Republic_of_the_Congo,What is a common destination outside of Africa for Congolese airlines?,Paris
87,Republic_of_the_Congo,What was responsible for maintaining the separation between the gorillas and humans?,inhospitable swamps
88,Republic_of_the_Congo,What country found bank accounts and real estate owned by the Sassou regime?,France
89,Republic_of_the_Congo,What was the school enrollment rate in 2005?,44%
90,Republic_of_the_Congo,What nationality were the forces that invaded the Congo to assist Sassou in taking control of the country?,Angolan
91,Prime_minister,What is the term for the highest position in government in Vatican City?,Secretary of State
92,Prime_minister,What country does Khalifah serve for as prime minister?,Bahrain
93,Prime_minister,What is the head of government's office called in Canada?,Office of the Prime Minister
94,Prime_minister,What is the head of government's office called in the UK?,Cabinet Office
95,Prime_minister,Using royal prerogative does not require the consent of which body?,parliament
96,Institute_of_technology,"In addition to technology, Fachhochschulen offer courses in social science, medicine, design, and what other discipline?",business
97,Institute_of_technology,In what year was the École Polytechnique founded?,1794
98,Institute_of_technology,How many government-owned public institutes of technology does Indonesia have?,four
99,Institute_of_technology,What school considered a merger with Waikato Institute of Technology that was later abandoned?,Central Institute of Technology
100,Institute_of_technology,What was the very first polytechnic school in Hong Kong?,The Hong Kong Polytechnic
101,Wayback_Machine,What TV show served as inspiration for the Wayback Machine's name?,The Rocky and Bullwinkle Show
102,Wayback_Machine,Where does Wayback Machine keep its information stored?,PetaBox rack systems
103,Wayback_Machine,In what jurisdiction were Internet Archive's counterclaims filed?,Northern District of California
104,Wayback_Machine,What did Chordiant request that the court deactivate on Netbula's website?,the robots.txt file
105,Wayback_Machine,"Which company filed suit against Harding, Earley, Follmer & Frailey's client?",Healthcare Advocates
106,Dutch_Republic,Who was in control of the Dutch East India Company (VOC) and the Dutch West India Company (WIC)?,The States General of the United Provinces
107,Dutch_Republic,What was forbidden in all provinces?,Catholic services
108,Dutch_Republic,In what year did the United Provinces become a confederacy?,1588
109,Dutch_Republic,What was one of the conquests of the Dutch Navy?,breaking the Portuguese sphere of influence on the Indian Ocean and in the Orient
110,Dutch_Republic,Who agreed to turn the United Provinces into a protectorate of England?,Elizabeth I
111,Symbiosis,What is given to the host cell?,nutrients
112,Symbiosis,In what manner are the described genetic alternations given to future generations?,vertical transmission
113,Symbiosis,What type of relationship harms both organisms?,Synnecrosis
114,Symbiosis,What organisms is the ibex in an amensalistic relationship with?,weevils
115,Symbiosis,Name a biotrophic organism.,a tick
116,Canadian_Armed_Forces,When did the Canadian Armed Forced become to be?,1 February 1968
117,Canadian_Armed_Forces,Where was the commander-in-chief stationed?,Halifax
118,Canadian_Armed_Forces,What are some locations of the air bases?,"Alberta, Saskatchewan, Manitoba"
119,Canadian_Armed_Forces,Who heads the Royal Canadian Air Force?,the Commander of the Royal Canadian Air Force
120,Canadian_Armed_Forces,What other location does the Canada First Defence Strategy Cover?,North America
121,Cardinal_(Catholicism),Where does this person announce the election of the new pope?,from the central balcony at the Basilica of Saint Peter in Vatican City State
122,Cardinal_(Catholicism),"Which church still holds on to the original meaning of ""cardinal"" from the above Latin word?",The Church of England
123,Cardinal_(Catholicism),Who are the highest ranking cardinals in the Catholic Church?,cardinal bishops
124,Cardinal_(Catholicism),What term was given to certain church men of honor?,cardinal
125,Cardinal_(Catholicism),Which pope declared that cardinals would be from Rome?,Pius V.
126,Iranian_languages,In which historical record does Old Persian appear in exemplary form?,the Behistun inscription
127,Iranian_languages,What area was the name Dari connected to by medieval Iranian thinkers?,Khorasan
128,Iranian_languages,When was the phrase Iranian language family first used?,1836
129,Iranian_languages,What was the writing of Manichaean documents similar to?,Syriac script
130,Iranian_languages,What are three languages employed by the Manichaeans?,"Middle Persian, Parthian and Sogdian"
131,Lighting,What causes sharp shadows around buildings? ,glare
132,Lighting,What other national examinations are available?,CLEP and CLMC
133,Lighting,What type of paint tends to absorb light?,dark paint
134,Lighting,Using natural illumination instead of artificial light sources help with what?,energy consumption
135,Lighting,It can be said that lights with a high color temperature have more energy in what color spectrum?,blue-white
136,Separation_of_powers_under_the_United_States_Constitution,Who sets the procedures to be followed in the Florida court system?,the Florida Supreme Court
137,Separation_of_powers_under_the_United_States_Constitution,Who's judicial power does congress have the right to limit?,the Supreme Court
138,Separation_of_powers_under_the_United_States_Constitution,What was the supreme court case that was determined that congress could not allow the President to determine fair competition?,Schechter Poultry Corp. v. United States
139,Separation_of_powers_under_the_United_States_Constitution,Who had granted Franklin Roosevelt sweeping authority during the great depression?,Congress
140,Separation_of_powers_under_the_United_States_Constitution,To what does congress attempt to limit executive officials?,the performance of their duties
141,Architecture,What type of architecture did Pugin consider truly Christian?,Gothic
142,Architecture,When was the Kao Gong Ji written?,7th–5th centuries BCE
143,Architecture,What sort of quest lacks purpose?,quest for perfection or originality
144,Architecture,What was Le Corbusier 's profession?,Architect
145,Architecture,What owes its development to the Classical orders?,"Architectural ""style"""
146,Human_Development_Index,Which three statistics does the HDI compile?,"life expectancy, education, and income per capita"
147,Human_Development_Index,Which year was used for estimates in the 2010 report?,2010
148,Human_Development_Index,Which country has been ranked highest the most number of times?,Norway
149,Human_Development_Index,"Does the IHDI measure the ""average"" or the ""potential"" level of human development? ",the average level
150,Human_Development_Index,What does MYS stand for?,Mean years of schooling
151,Southern_Europe,What is the main faith practiced in southern Europe?,Christianity
152,Southern_Europe,Which countries initiated the Age of Exploration following the Reconquista?,Portugal and Spain
153,Southern_Europe,When did the Romans make Christianity their official religion?,380 AD
154,Southern_Europe,What is the most common group of languages spoken in Mediterranean Europe?,Romance languages
155,Southern_Europe,What language can be found used in Kosovo and Albania?,Albanian
156,BBC_Television,How far from its studio could the BBC's broadcast originally reach?,40 kilometres
157,BBC_Television,How many lines did the Baird transmission contain?,240
158,BBC_Television,What was the name of the BBC changed to in 1960?,BBC tv
159,BBC_Television,What caused the move of BBC Television into the BBC VIsion unit?,the onset of new media outlets and technology
160,BBC_Television,How many lines did the Marconi-EMI transmission contain?,405
161,Arnold_Schwarzenegger,How many women spoke out publicly about misconduct on Schwarzenegger's part?,six
162,Arnold_Schwarzenegger,What bone did Schwarzenegger break while on a ski trip in 2006?,right femur
163,Arnold_Schwarzenegger,What was Schwarzenegger's highest approval rating during his stint as governor?,89%
164,Arnold_Schwarzenegger,What's Arnold Schwarzenegger's birth date?,"July 30, 1947"
165,Arnold_Schwarzenegger,What year did the Greenhouse Gas Initiative go into effect?,2009
166,Plymouth,About how much are the staff of the University of Plymouth paid yearly in total?,£160 million
167,Plymouth,On what date was the Dawlish sea wall damaged?,4 February 2014
168,Plymouth,What was the name of the colony founded by the Pilgrim Fathers in the New World?,Plymouth Colony
169,Plymouth,What was William Cookworthy's profession?,chemist
170,Plymouth,What Plymouth organization is named for Sir Alister Hardy?,Sir Alister Hardy Foundation for Ocean Sciences
171,Heresy,What was a major reason and justification for the Europian wars of religion?,Heresy
172,Heresy,Who was the last known person to be sentenced to death for the crime of heresy by the Roman Catholic Church?,Cayetano Ripoll
173,Heresy,What is the study of heresy?,Heresiology
174,Heresy,What type of law is still in practice in which heresy results in execution?,Sharia law
175,Heresy,What term is used to describe an individual in the early Church that introduced discord?,divisive person
176,Warsaw_Pact,Which organization was in direct competition with the Warsaw Pact?,NATO
177,Warsaw_Pact,In which year did Slovakia join NATO? ,2004
178,Warsaw_Pact,What was the name of the East German armed forces?,the National People's Army
179,Warsaw_Pact,The acceptance of which country into NATO prompted the formation of the Warsaw Pact?,West Germany
180,Warsaw_Pact,How many documents remain classified?,70
181,Materialism,"In what year was ""The Essence of Christianity"" written?",1841
182,Materialism,Neoplatonism describes divinity as what?,"simple, immaterial, formless, substance/essence (ousia) that transcended all that was physical"
183,Materialism,A materialist considers what as the most important?,matter
184,Materialism,Which model suggests that matter is 5% of the universe?,Lambda-CDM model
185,Materialism,William Wordsworth lived from what year to what year?,1770-1850
186,Christian,What was the region of Eastern Europe called in 1 AD?,Scythia
187,Christian,"When Peter endorsed the term, the term Christian was used instead of what other term?",Nazarenes
188,Christian,What do Christians believe is the way to salvation?,faith in Jesus
189,Christian,What is the Korean word for Christian?,"기독교도, Kidok-kyo-do"
190,Christian,How many people today are Roman Catholics?,1.17 billion
191,Sony_Music_Entertainment,Who bought RCA?,Ge
192,Sony_Music_Entertainment,CBS began thinking of a name change to their record label in what year?,1965
193,Sony_Music_Entertainment,In what year did Sony and BMG Germany merge?,2004
194,Sony_Music_Entertainment,What 4 areas of the country did Columbia Records have manufacturers in?,"Los Angeles; Terre Haute, Indiana; Bridgeport, Connecticut; and Pitman, New Jersey"
195,Sony_Music_Entertainment,In what year did Sony pull out of the Greek market?,2013
196,Oklahoma_City,Who moved the Oklahoma City Thunder to Oklahoma City?,Clayton Bennett
197,Oklahoma_City,What year should the streetcar become operable?,2017
198,Oklahoma_City,What is the name of the largest military base in the nation?,Tinker Air Force Base
199,Oklahoma_City,What is the name of the downtown arena?,Chesapeake Energy Arena
200,Oklahoma_City,What team played against the Hornets in their final home game before leave Oklahoma City?,Houston Rockets
201,Hunter-gatherer,Between what ice sheets were the corridors located?,Laurentide and Cordilleran
202,Hunter-gatherer,Whose lifestyle does Shultziner think we can learn about?,prehistoric hunter-gatherers
203,Hunter-gatherer,In what kind of area did forest gardening start?,jungle-clad river banks
204,Hunter-gatherer,How is it interesting to view hunter-gatherers' egalitarianism?,in an evolutionary context
205,Hunter-gatherer,What does a lush environment allow hunter-gatherers to be?,sedentary or semi-sedentary
206,United_Nations_Population_Fund,UNFPA groups what area in the same geographic region as the Arab States?,Europe
207,United_Nations_Population_Fund,Who does UNFPA work with in addition to government and U.N. agencies?,"communities, NGOs, foundations and the private sector"
208,United_Nations_Population_Fund,One of UNFPA's goals is to make all pregnancies what?,wanted
209,United_Nations_Population_Fund,What organization found no evidence that UNFPA had supported Chinese coercion?,Amnesty International
210,United_Nations_Population_Fund,Which representative criticized the the State Department investigation?,Christopher H. Smith
211,Russian_Soviet_Federative_Socialist_Republic,What did Russia receive in return for signing the Treaty of Brest-Litovsk?,peace in World War I
212,Russian_Soviet_Federative_Socialist_Republic,Who was the President of the Soviet Union in 1991?,Mikhail Gorbachev
213,Russian_Soviet_Federative_Socialist_Republic,"What numbered meeting of the All-Russian Congress of Soviets occurred on January 25, 1918?",third
214,Russian_Soviet_Federative_Socialist_Republic,Which union did Russia belong to after 1922?,the Soviet Union
215,Russian_Soviet_Federative_Socialist_Republic,What name for Russia was listed in the Soviet Constitution?,the Russian Soviet Federative Socialist Republic
216,Alexander_Graham_Bell,In what field is the Alexander Graham Bell Medal given out?,telecommunications
217,Alexander_Graham_Bell,What was Bell's father most famous for publishing?,The Standard Elocutionist
218,Alexander_Graham_Bell,Who ran the Smithsonian in 1875?,Joseph Henry
219,Alexander_Graham_Bell,What school did Bell leave at 15?,Royal High School
220,Alexander_Graham_Bell,What disease did his two brothers die of?,tuberculosis
221,Pub,What tavern did William Tillcar live adjacent to?,Sun Tavern
222,Pub,"Along with Southwark and The Tabard, what is a notable London inn?",The George
223,Pub,In what year was the term gastropub invented?,1991
224,Pub,What action by a pub owner can result in his prosecution?,allowing smoking
225,Pub,What was the relationship between the price of beer in the smoke room versus the rest of the bar?,higher
226,Internet_service_provider,What are free ISPs?,Internet service providers that provide service free of charge
227,Internet_service_provider,how do isps provide internet access?,a range of technologies to connect users to their network
228,Internet_service_provider,What is a wireless internet service provider's network based on?,wireless networking
229,Internet_service_provider,what may possibly be a solution to net neutrality concerns? ,municipal broadband
230,Internet_service_provider,What are IXs? ,Internet exchange points
231,Comics,Comic books are what type of books?,periodicals
232,Comics,Who thought pop culture was a risk?,cultural elites
233,Comics,Who does not often see storyboards used in film making?,the public
234,Comics,What is considered the start of the modern comics in Japan?,after World War II
235,Comics,When did Ally Sloper first appear?,1884
236,Saint_Helena,Vessels of what navy protected convoys?,Royal
237,Saint_Helena,What is the Saint Helena currency?,the Saint Helena pound
238,Saint_Helena,What organization identified Saint Helena as important for bird conservation?,BirdLife International
239,Saint_Helena,How many copper tokens were Issued in 1821?,"70,560"
240,Saint_Helena,In 2013 the number of government jobs was what?,800
241,Aspirated_consonant,What has a three-way distinction in regards to stops and affricates?,Wu Chinese
242,Aspirated_consonant,Written IPA consonants use symbols for what?,voiceless consonants
243,Aspirated_consonant,The ⟨bʰ⟩ in the Indo-Aryan languages is better transcribed how for breathy voice?,"⟨b̤⟩, with the diacritic"
244,Aspirated_consonant,Debuccalization is when consonants are weakened to become what?,glottal stop or fricative
245,Aspirated_consonant,Aspiration may refer to a sound change of what?,debuccalization
246,Hydrogen,What kind of movement does the electron not have in ground state?,angular
247,Hydrogen,For hydrogen what is the enthalpy of combustion?,286 kJ/mol
248,Hydrogen,What molecular form is found in the interstellar medium?,protonated molecular hydrogen
249,Hydrogen,In what year did the hubble space telescope finally get the nickel hydrogen battery?,2009
250,Hydrogen,What state are the protons in when in the orthohydrogen form?,triplet state
251,Space_Race,The first Ranger mission that didn't fail was which one?,Block III Ranger 7
252,Space_Race,"in response to Project Vanguard's failed launch, what was the rocket the Soviet Union launched?",Jupiter-C rocket
253,Space_Race,Cape Canaveral Air Force Station is located in what state?,Florida
254,Space_Race,The Lunar Module completed its first low Earth orbit on what date?,March 1969
255,Space_Race,A problem was resolved by whom when both the US and the USSR supported a cooperative space program?,Political Committee of the UN General Assembly
256,Web_browser,The release of Internet Explorer started the first what?,browser war
257,Web_browser,"When a browser includes a lot of extras, it can be referred to as what?",Internet suites
258,Web_browser,What did Netscape launch in 1998?,Mozilla Foundation
259,Web_browser,What other OS could use Internet Explorer?,Mac
260,Web_browser,"What are ""bookmarks"" called in Internet Explorer?",Favorites
261,BeiDou_Navigation_Satellite_System,What was the first satellite for the BeiDou-1 system called?,BeiDou-1A
262,BeiDou_Navigation_Satellite_System,How long ago was the BeiDou Satellite System first launched?,Fifteen years
263,BeiDou_Navigation_Satellite_System,What did engineers at CNES report in June 2007?,the spectrum and structure of the signals
264,BeiDou_Navigation_Satellite_System,What will the three latest satellites provide after testing?,navigation services
265,BeiDou_Navigation_Satellite_System,Who named the constellation Běidǒu?,ancient Chinese astronomers
266,Canon_law,What is the Hebrew term for canon?,kaneh
267,Canon_law,What is an example of a member of the Anglican Communion in Canada?,the Anglican Church of Canada
268,Canon_law,For whom was a new edition of canon law released in 1983?,the Roman Rite
269,Canon_law,In what type of religion are canon laws applicable?,Christian
270,Canon_law,How many ancient canons exist in the Western Church?,fifty
271,Communications_in_Somalia,Where was the headquarters of the largest wireless internet services?,Mogadishu
272,Communications_in_Somalia,"in 2013, an agreement between Hormuud Telecom and Liquid Telecom provided residents access to what type of cable provider?",broadband
273,Communications_in_Somalia,What types of stakeholders consulted on the bill to enact the National Communications Act?,academic and civil society
274,Communications_in_Somalia,What year did Dahabhiil acquire the majority of Somtal network?,2008
275,Communications_in_Somalia,How many short wave radio stations broadcast from the capital?,one
276,Catalan_language,Where is the Catalan speaking part of Aragon?,La Franja
277,Catalan_language,What dialect employs many archaic words?,Alguerese
278,Catalan_language,What is the only language of Andorra?,Catalan
279,Catalan_language,What is the exception to this reduction?,Majorcan
280,Catalan_language,What style of grammar does Catalan have?,inflectional
281,Boston,A train full of gravel came from Needham to fill what?,the Back Bay
282,Boston,What is the Boston accent known as?,Boston English
283,Boston,How many square miles is the city proper of Boston?,48
284,Boston,What century did Ralph Waldo Emerson write in?,the nineteenth century
285,Boston,"In 2014, what percentage of the city identified as Christian?",57%
286,Universal_Studios,"In 1947, what company did Universal buy a stake in?",Castle Films
287,Universal_Studios,What was the amount of the production loan Universal sought to complete Show Boat?,"$750,000"
288,Universal_Studios,In what year was Arabian Nights produced?,1942
289,Universal_Studios,Universal's deal with what company ended in 2013?,Elliott Management
290,Universal_Studios,How many studios have released three billion-dollar films in one year?,Universal is the only studio
291,Estonian_language,What is the accusative used for?,total objects
292,Estonian_language,What is another name for Estonian's northern group's western dialect?,the läänemurre
293,Estonian_language, In what Orthagraphy does Modern Estonian orthography have its basis?,Newer Orthography
294,Estonian_language,What is the Russian back-transliteration from Encyclopædia Britannica?,"""ostrov Khiuma"""
295,Estonian_language,Following the departure of the Soviet immigrants what was the percentage of Estonians in Estonia?,above 70%
296,Paper,What process changes the properties of the fibres used in papermaking?,maceration
297,Paper,What percentage of fibres are wasted in the bleaching process?,5%
298,Paper,How is the water removed by force from a sheet of paper?,Pressing
299,Paper,What decade does the sulfite process date to?,1840s
300,Paper,Which court eunuch was associated with the papermaking process?,Cai Lun
301,Adult_contemporary_music,"Along with classic R&B, what genre is notably featured on soft AC stations?",soul
302,Adult_contemporary_music,"Along with Freddie Jackson, Johnny Gill, Teena Marie, Lalah Hathaway, Toni Braxton, and En Vogue, what artist is popular on quiet storm stations?",Vanessa L. Williams
303,Adult_contemporary_music,"What radio station introduced the term ""soft rock""?",WEEI-FM
304,Adult_contemporary_music,"Along with teen pop, dance and hard rock, what form of music is typically not heard on AC radio?",hip hop
305,Adult_contemporary_music,When might you hear smooth jazz on a soft AC station?,the weekends
306,Daylight_saving_time,"How much less, on average, do workers in the U.S. sleep on Mondays after switching to DST, according to the 2009 study?",40 minutes
307,Daylight_saving_time,What latitudes see more extreme changes in the length of their days and nights throughout the year?,higher latitudes
308,Daylight_saving_time,What two sources of energy use do DST proponents say are reduced by the time change?,lighting and heating
309,Daylight_saving_time,"On a system running Windows older than Vista, locations in Canada observing DST would only reliably support time stamps from after what year?",2006
310,Daylight_saving_time,What file system do most removable devices use?,FAT
311,Royal_Institute_of_British_Architects,Who was the head of the Royal Institute of British Architects in 2007?,Jack Pringle
312,Royal_Institute_of_British_Architects,What kinds of courses does RIBA conduct accreditation services for apart from the Architects Registration Board?,international courses
313,Royal_Institute_of_British_Architects,Where does RIBA's business group have its headquarters office?,15 Bonhill Street in London
314,Royal_Institute_of_British_Architects,What document set forth the goals of the Royal Institute?,The original Charter of 1837
315,Royal_Institute_of_British_Architects,In what city was the Institute of British Architects located?,London
316,National_Archives_and_Records_Administration,What's the latest war The National Archives Building has military unit records for?,Philippine–American War
317,National_Archives_and_Records_Administration,About how many grants has the NHPRC awarded?,"4,500"
318,National_Archives_and_Records_Administration,When was the reclassification program originally intended to end?,2007
319,National_Archives_and_Records_Administration,Which arm of NARA handles grants?,The National Historical Publications and Records Commission
320,National_Archives_and_Records_Administration,In what area of the US can one find the Presidential Library system libraries?,nationwide
321,Tristan_da_Cunha,what territory is Tristan da Cunha part of?,the British overseas territory of Saint Helena
322,Tristan_da_Cunha,what was broken/damaged on the boat?,mast
323,Tristan_da_Cunha,where did the UK rule the islands from?,South Africa
324,Tristan_da_Cunha,What country test detonated an atomic bomb near the island?,United States
325,Tristan_da_Cunha,in what year were the islands first sighted?,1506
326,University_of_Kansas,What is the name of an independent radio broadcast run out of KU?,KUJH-LP
327,University_of_Kansas,On what campus is the University of Kansas School of Engineering located?,main campus
328,University_of_Kansas,What was the role the union was intended serve?,campus community center
329,University_of_Kansas,What is the name of the University of Kansas's foundation?,KU Endowment
330,University_of_Kansas,How many people attended the University of Kansas at its Edwards and Lawrence locations in the fall semester of 2014?,"23,597"
331,Nanjing,Who defeated the court of Song?,the Mongol empire
332,Nanjing,What was the symbolism of the bridge?,symbol of modern China
333,Nanjing,When was the 2014 Youth Olympic Games?,from 16 to 28 August
334,Nanjing,When was the Nanjing Olympic Sports Center built?,2005
335,Nanjing,What statues are near the ones of teachers and educators?,courtesans
336,Arena_Football_League,What was Scott Butera's job title prior to becoming AFL commissioner?,CEO
337,Arena_Football_League,"Along with the New Orleans VooDoo, Kansas City Brigade, Philadelphia Soul and Georgia Force, what former team returned for the 2011 season?",San Jose SaberCats
338,Arena_Football_League,What numbered season did Arenafootball2 in 2009?,tenth
339,Arena_Football_League,Where did Scott Butera work prior to becoming AFL commissioner?,Foxwoods
340,Arena_Football_League,"Along with the Orlando Predators, what former Arena Football League team joined af2?",Arizona Rattlers
341,Dialect,In what environment are dialects less common?,public
342,Dialect,"Aside from Italo-Dalmatian, what is another term for the group that Italian languages belong to?",Romance
343,Dialect,"What is the term for when dialects A and B are mutually intelligible, dialect B and C are mutually intelligible, but dialects A and C are not mutually intelligible?",dialect continua
344,Dialect,What does 'dialetti' mean in Italian?,dialects
345,Dialect,Lebanese people of what religion sometimes consider Lebanese to be a distinct language?,Christian
346,Bern,What percent of the population are over 64 years old?,19.9%
347,Bern,What year was Bern founded?,1191
348,Bern,Bern is the capitol of which canton?,Canton of Bern
349,Bern,Who created all the statues except the Zahringer fountain?,Hans Hiltbrand
350,Bern,How long is the Marzilibah funicular?,106 m
351,Westminster_Abbey,"Where is the ""dish bell"" kept?",in the refectory
352,Westminster_Abbey,How was the community able to increase?,endowments
353,Westminster_Abbey,Who rebuilt the abbey for a burial church?,King Edward the Confessor
354,Westminster_Abbey,How many bells make up the abbey ring?,Ten
355,Westminster_Abbey,When was Westminster Diocese dissolved?,1550
356,Political_corruption,The second wave of metrics focuses on what level of corruption?,local
357,Political_corruption,In some countries there is no formal deal but what that makes prosecuting bribes difficult?,mutual understanding
358,Political_corruption,"In Sub-Saharan African countries, what level of government is corruption especially prevalent at?",Local
359,Political_corruption,"When entrusted funds are stolen, it is called what?",Embezzlement
360,Political_corruption,The level of corruption can vary in richer democracies in regards to the what of those officials making decisions?,accountability
361,Classical_music,Familiarty with the style expected for any given composer is required for what kind of performance?,classical music
362,Classical_music,What enabled descriptions and specification of instruments?,Printing
363,Classical_music,"The concerto, symphony, sonata and opera are examples of what type of musical forms?",sophisticated
364,Classical_music,From the 1750's to the early 1830's is the era of Mozart and what other composer?,Haydn
365,Classical_music,Who controlled musical institutions before the 19th century?,wealthy patrons
366,Slavs,Where are Janjevci located?,Kosovo
367,Slavs,What is the posulated homeland region of the Slavs?,Ukraine
368,Slavs,What would have led to the starvation of 80 million people in the Soviet Union?,The Nazi Hunger Plan and Generalplan Ost
369,Slavs,In 2007 Rębała and colleagues studied several Slavic populations with the aim of localizing what?,the Proto-Slavic homeland
370,Slavs,Haplogroup I2a2 is commonly found in what group of people?,north-eastern Italians
371,Southampton,What legendary band with a color in its name has played at the Guildhall?,Pink Floyd
372,Southampton,In which direction would you travel from Portsmouth to reach Southampton?,north-west
373,Southampton,For how many consecutive years has violent crime in Southampton decreased?,three
374,Southampton,What bus service did the University of Southampton commission to carry people between the city and the university?,Uni-link
375,Southampton,Where is the Meridian headquarters located?,Whiteley
376,Treaty,Some treaties contains provisions for what to happen if certain defined conditions are met?,self-termination
377,Treaty,Multilateral treaties are often entered into by countries that share the same what?,region
378,Treaty,If a state party objects and opposes another state's reservations it essentially refuses to acknowledge what?,the reserving state is a party to the treaty
379,Treaty,What might a state do in response to another state's withdrawal from a treaty?,impose sanctions or go to war
380,Treaty,A more permissive rule regarding what emerged to encourage the largest number of states to join treaties?,reservations
381,Josip_Broz_Tito,When did the Partisans create the First Proletarian Brigade?,1941
382,Josip_Broz_Tito,"Other than Serbo-Croatian, German, Russian, Czech, Slovenian and English, French and Italian, what language does Tito speak?",Kirghiz
383,Josip_Broz_Tito,Who offered amnesty to the retreatig column? ,Tito
384,Josip_Broz_Tito,In what year did Tito co-found the Non-Aligned Movement?,1961
385,Josip_Broz_Tito,When did Tito last visit Emperor Selassie?,1956
386,Marshall_Islands,What nation had a claim on the Marshall Islands as of 1874?,the Spanish Empire
387,Marshall_Islands,"In meters, how high were the 2008 floods?",0.91
388,Marshall_Islands,What type of ship was the Naiad?,schooner
389,Marshall_Islands,About how many Japanese emigrated to the Marshalls when it was a Japanese colony?,"1,000"
390,Marshall_Islands,How many people lived in the Marshall Islands in 1960?,"15,000"
391,Szlachta,If one is high in dignities they are also high in what other form?,ritual
392,Szlachta,Who defined the significant legislative changes?,Robert Bideleux and Ian Jeffries
393,Szlachta,The polish believed szlachta derived from the name of who?,"legendary proto-Polish chief, Lech"
394,Szlachta,What did they use to refer to the origin of szlactha?,odwieczna
395,Szlachta,The right to create ordynacja's was important to what group?,magnates
396,Virgil,The theme of Georgics is instruction in the methods of what?,running a farm
397,Virgil,Which of Virgil's works is considered the national epic of ancient Rome?,Aeneid
398,Virgil,During which period was Vigil a poet?,Augustan
399,Virgil,Who commissioned the Aeneid according to Propertius?,Augustus
400,Virgil,What other career did Virgil consider?,rhetoric and law
401,Alps,When was the first figure skating championship held? ,1882
402,Alps,How much of the glaciation in Austria disappeared?,Forty percent
403,Alps,"When compared to the Western Alps, what area has few high peaked massifs?",Eastern Alps
404,Alps,When did Celtic tribes settle in Switzerland? ,between 1000 to 1500 BC
405,Alps,By 1940 who occupied many of the Alpine countries?,the Third Reich
406,Gene,What are genes that result from divergence of the genes after a speciation event called?,orthologous genes
407,Gene,What is one invisible genetic trait?,"blood type, risk for specific diseases, or the thousands of basic biochemical processes that comprise life"
408,Gene,What is known as the 5' end?,an exposed phosphate group
409,Gene,What did the devlopment of the chain termination DNA sequencing method do for the sequencing process?,improved the efficiency of sequencing and turned it into a routine laboratory tool.
410,Gene,How do prokaryotes store their genomes?,"on a single large, circular chromosome"
411,Guinea-Bissau,Political instability has resulted in what description of social conditions?,deteriorating
412,Guinea-Bissau,Guinea-Bissau has a history of what since independence?,political instability
413,Guinea-Bissau,What two words are used to describe the Faculty of Law and Faculty of Medicine?,institutionally autonomous
414,Guinea-Bissau,Who is the head of government?,prime minister
415,Guinea-Bissau,What did the government do in 1997 to increase monetary stability?,entered the CFA franc monetary system
416,List_of_numbered_streets_in_Manhattan,"A segment of what road crosses portions of Third Avenue, Lexington, and Park and runs in East Harlem?",E 122nd Street
417,List_of_numbered_streets_in_Manhattan,8th Street between Avenue A and Third Avenue is called what?,St Mark's Place
418,List_of_numbered_streets_in_Manhattan,On which street is the Jacob K. Javits Convention Center located?,35th Street
419,List_of_numbered_streets_in_Manhattan,Which Apartments interrupt East 5th Street between First Avenue and Avenue A?,Village View
420,List_of_numbered_streets_in_Manhattan,The grid covers the length of the island from what starting point?,14th Street north
421,Brain,The Neocerebellum supports what other part of the brain?,cerebral cortex
422,Brain,The infant brain contains more of what type of cells in the brain than the adult brain?,neurons
423,Brain,The seal of the soul was debated to lie in what two organs of the body?,brain or heart.
424,Brain,During what century was multielectrode recording invented?,"the 21st century,"
425,Brain,Animals without a spine are called what?,invertebrates
426,Near_East,What was the cause of the Hamidian Massacres of Armenians?,they were Christians
427,Near_East,The populations did not accept what?,Turkish rule
428,Near_East,Where did the new wave of diplomats often come from?,the new field of political science
429,Near_East,Until what year did the words near east and far east not refer to any particular region? ,1855
430,Near_East,What sentiment persists even though racial and colonial definitions of the Middle East are no longer ideologically sound?,sentiment of unity
431,Zhejiang,What was home to the warlord Yan Baihu?,Zhejiang
432,Zhejiang,Where does the Grand Canal of China end?,Hangzhou
433,Zhejiang,What percent of the population may be irreligious?,74.36%
434,Zhejiang,How are the politics of Zhejiang structured?,a dual party-government system
435,Zhejiang,What was an exemplary case of all this?,Sanjiang Church
436,Ministry_of_Defence_(United_Kingdom),What is the estimated total cost of the Chinook helicopter project?,£500m
437,Ministry_of_Defence_(United_Kingdom),During what years did the five Departments of State do the work of the modern Ministry of Defence?,1946 to 1964
438,Ministry_of_Defence_(United_Kingdom),Which person in the Joint Forces Command supports the Chief of the Defence Staff?,the Commander
439,Ministry_of_Defence_(United_Kingdom),Past projects ordered by the MoD have taken what type of time frame to fulfill?,up to 10 and even as much as 15 years
440,Ministry_of_Defence_(United_Kingdom),What were the five Departments of State that did the work of the modern Ministry of Defence?,"the Admiralty, the War Office, the Air Ministry, the Ministry of Aviation, and an earlier form of the Ministry of Defence"
441,High-definition_television,What aspect ratio did the MUSE system use when demonstrated in 1981?,5:3
442,High-definition_television,What was on HD1 for 4 or 5 hours per day?,a multi-lingual soundtrack on a rolling schedule
443,High-definition_television,When was the Baird system discontinued?,February 1937
444,High-definition_television,"Sky HD's set-top box, TiVo's Series 3, and Dish Network's VIP 622 are examples of what?",an HDTV-capable digital video recorder
445,High-definition_television,A mooted 750-line was seen by some at the ITU as what?,an enhanced television format
446,Wood,"In addition to lumber strength, what important indicator of wood's quality can be determined using specific gravity?",pulp yield
447,Wood,What will drying often increase in wood?,strength
448,Wood,What part of wood's cells are composed of cellulose and hemicellulose?,walls
449,Wood,What evidence of the stubs of the limbs a tree loses can always be seen in the wood?,knots
450,Wood,"What's another word for ""duramen""?",Heartwood
451,Somalis,Somali food contains influences from what region?,Southeast Asian
452,Somalis,In what geographic part of Somalia are these rock paintings commonly found?,northern
453,Somalis,"Aside from the koofiyad, what do Somali men wear on their head?",turban
454,Somalis,In what year did Mahamoud publish his research?,2006
455,Somalis,What percentage of Somali males had DNA containing the M78 subclade of E1b1b?,77%
456,Middle_Ages,What did Christopher Columbus discover in 1492?,the Americas
457,Middle_Ages,The clash between Henry IV and the pope was part of what greater conflict?,Investiture Controversy
458,Middle_Ages,In what part of the church was the monumental entrance typically placed?,the west end
459,Middle_Ages,In what modern country were Louis the German's lands?,Germany
460,Middle_Ages,"Along with light cavalry, what military arm was used with increasing frequency in the Late Middle Ages?",infantry
461,Phonology,What is Trubetzkoy considered to have founded?,morphophonology
462,Phonology,When was Principles of Phonology published?,1939
463,Phonology,What part of a language can phonology as a word also refer to?,the phonological system
464,Phonology,Stress and intonation are studied under what topic?,prosody
465,Phonology,What nationality was de Courtenay?,Polish
466,Computer,What was the nickname of the Manchester Small-Scale Experimental Machine?,Baby
467,Computer,When was the Colossus sent to Bletchley Park?,18 January 1944
468,Computer,What is one of the first electromechanical relay computers?,The Z2
469,Computer,What type of software is stored in a BIOS chip?,BIOS set up
470,Computer,Where was the Roman abacus first used?,Babylonia
471,Black_people,"What percentage of the population was ""Black African""?",0.8%
472,Black_people,What year was Gilbert awarded for his efforts?,1978
473,Black_people,How much identified as mixed race?,40%
474,Black_people,"In the United States the term ""black people"" is an indicator for?","socially based racial classification related to being African American,"
475,Black_people,"How much of the population of Salvador, Bahia is black or mixed race?",80%
476,The_Times,What kind of demands were causing ruin to The Times in 1979?,union demands
477,The_Times,What year did The Times of India start?,1838
478,The_Times,The Times used contributions from significant figures to build what?,reputation
479,The_Times,Which The Times editor was closely allied with the government who practised German appeasement?,Geoffrey Dawson
480,The_Times,What is the name of the The Times founder's grandson who succeeded his father as editor?,John Walter
481,New_Delhi,What is the literacy rate of New Delhi according to the 2011 census?,89.38%
482,New_Delhi,In which fiscal year was the GSDP of Delhi estimated at Rs 3.13 lakh crore?,2011-12
483,New_Delhi,The regional office of the World Bank in India is located in what city?,New Delhi
484,New_Delhi,What is New Delhi's rank in Mercer's 2015 quality of living survey?,154
485,New_Delhi,What are the two terms colloquially used to refer to the jurisdiction of NCT of Delhi?,Delhi and New Delhi
486,Bird_migration,Until what year did the belief of hibernating birds persist?,1878
487,Bird_migration,How many times did Bohemian waxwings come to Britain between 1937 and 200?,18
488,Bird_migration,How much of the bar-tailed godwits bodyweight is stored as fat before migration?,55 percent
489,Bird_migration,Where do the European pied flycatcher breed?,Asia and Europe
490,Bird_migration,Where is the neural connection that is active during migration located?,"between the eye and ""Cluster N"""
491,"Atlantic_City,_New_Jersey",What was the name of the poorest performing casino in the city that ultimately closed in 2014?,Trump Plaza
492,"Atlantic_City,_New_Jersey",By what years were many of the great hotels suffering from high vacancy rates?,the late 1960s
493,"Atlantic_City,_New_Jersey",Who said that the state would consider a referendum to end the monopoly that Atlantic City holds on casino gambling?,Governor Christie
494,"Atlantic_City,_New_Jersey",What percentage of the population was below the poverty line?,25.3%
495,"Atlantic_City,_New_Jersey",What is the daily average temperature in July?,75.6 °F
496,Immunology,Which two fields of study are associated with immunology?,epidemiology and medicine
497,Immunology,Antigen cells in newborns are also struggle to do this?,activate T cells
498,Immunology,The biggest part of an immunologist's job is what?,research
499,Immunology,Humoral immunology involves the interaction of what two elements?,antibodies and antigens
500,Immunology,These three elements of the body are of new interest for what reason?,not previously associated with the immune system
501,MP3,Who was the physicist to report that a tone could be rendered inaudible.,Alfred M. Mayer
502,MP3,What is the most recently introduced standard for tag formatting?,APEv2
503,MP3,What is the common name for MPEG-2 Audio Layer III?,MP3
504,MP3,The continuous back and forth regarding the decisions on patents was referred to as what?,bringing the Patent Wild West to Germany
505,MP3,How much money was awarded to Alcatel by a San Diego jury?,US $1.52 billion
506,House_music,Daft Punk began producing a new sound out of what european city?,Paris
507,House_music,Roule and Om was at the forefront of what type of house music?,vocal house
508,House_music,where did house music gain popularity in the middle east?,Dubai & Abu Dhabi
509,House_music,The Shambhala Music Festival was dedicated to what? ,house music
510,House_music,"what was a new subgenre of house in chicago, developed by bad boy bill and others, called?",Chicago hard house
511,Letter_case,Which year is the earliest dated Greek lower-case text?,835
512,Letter_case,Originally alphabets were written entirely in which type of letter?,majuscule
513,Letter_case,What is a common advantage of miniscule over majuscule handwriting?,faster readability
514,Letter_case,What is the basis of capitalization standards for the sentence-style capitalization?,sentences
515,Letter_case,Whicy papyrologist theorized lowercase letter actually developed from the fifth century uncials?,Knut Kleve
516,Chihuahua_(state),Climate in the state depends mainly on what?,elevation of the terrain
517,Chihuahua_(state),Orozco's army was called by what name?,Orozquistas
518,Chihuahua_(state),In which city is there a large number of undocumented immigrants?,Ciudad Juárez
519,Chihuahua_(state),During what years did the economic growth occur?,1876 to 1910
520,Chihuahua_(state),Who declared the state's civil and military forces should be combined during the campaign?,Simón Elías González
521,Imamah_(Shia_doctrine),What would believers do when they had a problem?,write their concerns and send them to his deputy
522,Imamah_(Shia_doctrine),How many books can this quote be found?,45
523,Imamah_(Shia_doctrine),What did the deputies collect in the Imam's behalf?,zakat and khums
524,Imamah_(Shia_doctrine),"Who do Muslims believe said ""To whomsoever I am Mawla, Ali is his Mawla?",Muhammad
525,Imamah_(Shia_doctrine),How did al-Mahdi maintain contact during his Occultation?,via deputies
526,Pitch_(music),Pitch perception  has inherent octave what?,ambiguities
527,Pitch_(music),What is the most common method of organization?,twelve-note chromatic scale
528,Pitch_(music),Pitch is a close proxy for what?,frequency
529,Pitch_(music),Which drum has a higher perceived pitch even though they both have indefinite pitch?,snare drum
530,Pitch_(music),The jnd is typically tested by?,playing two tones in quick succession
531,England_national_football_team,Where did the 1970 FIFA World Cup take place?,Mexico
532,England_national_football_team,What was the highest world ranking achieved by England under management by Sven-Göran Eriksson?,No.4
533,England_national_football_team,In which year did England win the FIFA World Cup for the first and only time?,1966
534,England_national_football_team,In which three years did England fail to qualify for the World Cup?,"1974, 1978 and 1994"
535,England_national_football_team,In which five years did England fail to qualify for the UEFA European Championship?,"1964, 1972, 1976, 1984, and 2008"
536,Houston,When did the U.S. Department of Transportation name IAH as fastest growing of U.S. airports?,2006
537,Houston,"Until 2010, which airline made Houston its headquarters?",Continental Airlines
538,Houston,"According to the 2000 census, what is the population of Houston?","1,953,631"
539,Houston,Who owns the Houston Chronicle?,Hearst Corporation
540,Houston,Where were Augustus Chapman Allen and John Kirby Allen from?,New York
541,Copper,During the 6th through 3rd centuries BC how much copper was mined in Rome?,"15,000 t"
542,Copper,How much copper is estimated to exsist on earth?,1014 tons
543,Copper,What does the acronym NEMA stand for?,National Electrical Manufacturers Association
544,Copper,When did Britain first use brass?,3rd–2nd century BC
545,Copper,The energy difference between filled 3d and half-empty 4s atomic shells corresponds to what color of light?,orange light
546,Identity_(social_science),In what classification is a person who gives up the chance for a true self and adopts social perceptions of him or herself?,The pastiche personality
547,Identity_(social_science),What do markers help create?,boundaries
548,Identity_(social_science),Distinction between in and out groups has been shown to affect people's evaluations of others in work related to what?,social identity theory
549,Identity_(social_science),What is it impossible to do with identity?,define it empirically
550,Identity_(social_science),What is the permutation when a person has not chosen goals in the past but is willing to in the future?,identity foreclosure
551,Himachal_Pradesh,Who rendered help to the British government during the revolt?,"rulers of Chamba, Bilaspur, Bhagal and Dhami"
552,Himachal_Pradesh,When did the BJP secure a landslide victory?,December 2007
553,Himachal_Pradesh,Who conquered Kangara?,Mahmud Ghaznavi
554,Himachal_Pradesh,Who is the head of state appointed by the President of India?,The Governor
555,Himachal_Pradesh,How long does summer last?,mid-April till the end of June
556,Communication,What ancient civilization did Harold Innis use as an example of his theory?,Egypt
557,Communication,How do plants communicate to warn nearby plants of danger?,via volatiles
558,Communication,What is one dimension that communication is typically described along?,channel (through which medium)
559,Communication,What is something that may cause the reception and decoding of the content of a message to be faulty?,communication noise
560,Communication,Why do fungi communicate?,to coordinate and organize their growth and development
561,Grape,What types of grapes are commonly used to make white grape juice?,Niagara grapes
562,Grape,Who in the Bible first grew grapes on their farm?,Noah
563,Grape,Why causes antioxidant strength to be higher in purple grapes?,anthocyanins
564,Grape,What is the laboratory index of antioxidant strength in grapes known as? ,Total phenolic content
565,Grape,What is the main phenolic in white grapes?,flavan-3-ols
566,Computer_security,What must designers of systems that are ACL based do?,take responsibility to ensure that they do not introduce flaws
567,Computer_security,"In cars with built-in voice recognition features, what can the onboard microphones be used for?",eavesdropping
568,Computer_security,Who was the first computer worm traced back to?,"Robert Tappan Morris, Jr."
569,Computer_security,An unauthorized user with physical access to a computer can likely do what?,directly download data from it
570,Computer_security,Who has used programs such as Carnivore and NarusInsight to eavesdrop on the systems of internet service providers?,the FBI and NSA
571,Orthodox_Judaism,what did the German Jewry reject about the Torah?,absolute divine authorship
572,Orthodox_Judaism,What is a Torah study institute for married men called?,kollel
573,Orthodox_Judaism,How many rabbi's signed on with the manifesto Jacob Ettlinger published?,177
574,Orthodox_Judaism,Where is the most rapidly growing community of American orthodox jews located?,Rockland County
575,Orthodox_Judaism,Where was Rabbi Azriel Hildesheimer from?,Berlin
576,Animal,What are the Ctenophora and the Cnidaria animals sometimes called?,diploblastic
577,Animal,The biological definition of the word animal refers to all member of what kingdom?,Animalia
578,Animal,What type of cells do all animals have?,eukaryotic
579,Animal,Triploblastic worms were comparable in size to what other creatures?,earthworms
580,Animal,Animal phyla that are recognized for their lack of bilateral symmetry are thought to have come from where?,other animals early in evolution
581,Beer,What is beers primary active ingredient?,alcohol
582,Beer,What city is home to the oldest known brewery in the world that is still active?,Freising
583,Beer,What company acquired the Anheuser-Busch brewing Company in 2008?,InBev
584,Beer,What does boiling sweet wort destroy?,enzymes
585,Beer,What hormone can be triggered by the flavor of beer alone in males?,dopamine
586,Race_and_ethnicity_in_the_United_States_Census,What race selection did the census bureau consider getting rid of before the 2000 census?,Some other race
587,Race_and_ethnicity_in_the_United_States_Census,How did racial categories appear in the US 2000 census?,race/ethnicity
588,Race_and_ethnicity_in_the_United_States_Census,How were residents listed in the census in 1890?,individually
589,Race_and_ethnicity_in_the_United_States_Census,How often was a new questionnaire sheet used in the 1890 census?,for each family
590,Race_and_ethnicity_in_the_United_States_Census,People of what descent were classified as white by the federal government at the suggestion of President Roosevelt?,Mexican
591,United_States_dollar,"Other than the British Virgin Islands, what other area in the Caribbean uses the dollar as it's sole currency?",Turks and Caicos islands
592,United_States_dollar,Which year brought the end to silver being in dimes and quarters?,1964
593,United_States_dollar,"What is a ""C-note"" a reference to?",the Roman numeral for 100
594,United_States_dollar,"What is the official version of ""In God We Trust"" printed on the coins? ",E Pluribus Unum
595,United_States_dollar,How much monetary value does a dime hold?,one-tenth of a dollar
596,Imperial_College_London,Who did not know about the potential revenue that the programme could have raised initially?,the public
597,Imperial_College_London,How much income was generated from research grants and contracts for 2013?,£329.5 million
598,Imperial_College_London,How many views did Grimm's last email get in the first four days after it was posted?,"more than 100,000"
599,Imperial_College_London,What did the REF give Imperial as an overall GPA?,3.36
600,Imperial_College_London,How long is the tenure for an officer to run the union?,one year
601,Hanover,How many concentration camps were constructed in Hanover?,seven
602,Hanover,Which campaign specifically was Hanover a target for in World War II?,Oil Campaign
603,Hanover,What is the name of the area inside the Berggarten that hosts one of the world's biggest collection of orchids?,Orchid House
604,Hanover,What destroyed the palace?,Allied bombing
605,Hanover,What famous theatre is located in Georgs Palace?,GOP Variety theatre
606,Emotion,"According to the constructivists, what is an example of a learned meta-emotion?",Schadenfreude
607,Emotion,Who developed a comprehensive theory related to human emotional arousal?,Jonathan Turner
608,Emotion,"Along with class and race, what is regarded as an essential category of historical analysis?",gender
609,Emotion,When did Weiss and Cropanzano publish their work?,1996
610,Emotion,What chemicals may mediate emotions?,pheromones
611,Everton_F.C.,"What is the Premier League's ""Basic Award Fund"" for?",competing in the Premier League
612,Everton_F.C.,In what year was the Liverpool Football Club established?,1892
613,Everton_F.C.,Who donated land to Everton FC in 1882?,J. Cruitt
614,Everton_F.C.,Who organized the friendly match between the English and Chilean Everton football clubs in 2010?,The Ruleteros Society
615,Everton_F.C.,Which Everton manager won the most domestic and international trophies during his time?,Howard Kendall
616,Old_English,What king unified the Anglo-Saxon realms in England?,Alfred the Great
617,Old_English,"Along with eastern England, what part of England contains many place names of Scandinavian origin?",northern
618,Old_English,What is another name for Ingvaeonic?,North Sea Germanic
619,Old_English,What language had the greatest influence on English?,Old Norse
620,Old_English,What type of literary work is Beowulf?,an epic poem
621,Aircraft_carrier,Which feature of the new ships will replace the old steam catapults?,Electromagnetic Aircraft Launch System (EMALS)
622,Aircraft_carrier,Which ship was originally known as being the capital ship of the fleet?,the battleship
623,Aircraft_carrier,What capability do helicopters use to move over the flight deck and land vertically?,hover
624,Aircraft_carrier,When is the USS Enterprise scheduled to be decommissioned?,2016
625,Aircraft_carrier,What is the handler responsible for?,the movement of aircraft before launching and after recovery
626,Federal_Aviation_Administration,What was now favored instead of training and experince at flight schools?,personality test
627,Federal_Aviation_Administration,What helped ATC controllers in their drive ot keep ahead of the postwar boom in commercial air transportation?,radar
628,Federal_Aviation_Administration,A heavy penalty for violating FAA reulations could said to be do what?,impact their ability to continue operating
629,Federal_Aviation_Administration,Who would the FAA administrator report to?,Secretary of Transportation
630,Federal_Aviation_Administration,What did the federal-aid airport program aim to help develop?,civil airports
631,Lancashire,Where were Herman's Hermints and the Hollies from?,Manchester
632,Lancashire,Where was pop star Frankie Vaughan from?,Liverpool
633,Lancashire,What did the southern part of Lancashire turn into?,Merseyside and Greater Manchester
634,Lancashire,How many miles of land did Lancashire lose to other countries?,709
635,Lancashire,What is the area served by the Lord-Lieutenant called now?,ceremonial county
636,Mesozoic,When did the Mesozoic end?,Cretaceous–Paleogene extinction
637,Mesozoic,What types of species are thought to still have been dominate until after the extinction?,cycad and ferns
638,Mesozoic,Rising seas and displaced waters caused what  element along the coasts?,flooded coastal areas
639,Mesozoic,What is the span of the Early Cretaceous?,145 million to 100 million years
640,Mesozoic,What dinosaur spread to every continent?,Iguanodon
641,Videoconferencing,How does video-conferencing allow multiple parties to communicate with each other?,web-based applications
642,Videoconferencing,What does a video-conference use that allows communication in live situations?,a multipoint control unit
643,Videoconferencing,What is the software that performs audio and/or video compression?,a codec (coder/decoder)
644,Videoconferencing,What technology has become more widely available and affordable?,High speed Internet connectivity
645,Videoconferencing,What are videoconferencing calls now more commonly known as?,a video link
646,Gregorian_calendar,What difference in dating caused the use of double-dating documents?,different beginnings of the year
647,Gregorian_calendar,On what day did both the Julian and Gregorian calendars add leap day?,24 February
648,Gregorian_calendar,In the Julian calendar when is the start of the new year?,1 January
649,Gregorian_calendar,Why is calculating the days of the Gregorian calendar not simple?,irregularities
650,Gregorian_calendar,What was the date of adoption for the calendar?,"Friday, 15 October 1582"
651,Xbox_360,What is the name of the 360's motion sensing camera peripheral?,the Kinect
652,Xbox_360,The 360 Pro's original storage was replaced by a hard drive of what size in 2008?,60 GB
653,Xbox_360,The tabs on the user interface were called what?,Blades
654,Xbox_360,How many tabs were on the 360 dashboard interface?,five
655,Xbox_360,"According to PC Magazine, the 360 created the prototype for what?",online gaming
656,Military_history_of_the_United_States,How did the war effect both sides?,"the material and personnel of the South were used up, while the North prospered"
657,Military_history_of_the_United_States,How long did the US and its coalition partners have to occupy Iraq?,9 years
658,Military_history_of_the_United_States,Who ordered the cease-fire that effectively ended hostilities?,US President George H. W. Bush
659,Military_history_of_the_United_States,"When World War I started, what was the official US position?",neutral
660,Military_history_of_the_United_States,When was the Battle of Wabash fought?,1791
661,Hard_rock,Black Sabbath's lyrics contained references to what cultural touchstones?,occult and elements of Gothic horror
662,Hard_rock,"When did the Rolling Stones release ""(I Can't Get No"" Satisfaction""?",1965
663,Hard_rock,Who were three Chicago blues players who influenced hard rock?,"Elmore James, Muddy Waters, and Howlin' Wolf"
664,Hard_rock,What was the title of Aerosmith's 1987 comeback album?,Permanent Vacation
665,Hard_rock,Slash left Guns N Roses in what year?,1996
666,Great_Plains,who two new technologies were introducted in the 1930s?,sewing and washing machines
667,Great_Plains,how long did the person have to live on the land?,five years
668,Great_Plains,who brought the term great plains into widespread usage?,Nevin Fenneman's
669,Great_Plains,who did the railroads sell cheap lands to?,immigrants
670,Great_Plains,"how much prarie land does the ""Buffalo Commons"" want to return?","139,000 square miles"
671,Infrared,What irradiates clouds of gas in the galaxy and makes them glow?,imbedded stars
672,Infrared,"Along with industrial and medical, in what applications is infrared radiation used?",scientific
673,Infrared,"To somewhat avoid the water vapor in the atmosphere, where can an observatory be sited?",at a high altitude
674,Infrared,What does IR stand for?,infrared
675,Infrared,"Along with the emission peaks and vs. bands mechanisms, what other physical mechanism is used to define near-infrared?",water absorption
676,Biodiversity,What is the goal of protecting National Parks from damage?,with the objective of biodiversity and landscape conservation
677,Biodiversity,What percentage of worldwide drugs are derived from nature?,about 80%
678,Biodiversity,What popularized the use of conventional hybridization to increase yield?,the Green Revolution
679,Biodiversity,What funding organization uses the IUCN's Classification of Direct Threats?,the World Wildlife Fund
680,Biodiversity,What type of life is more enviromentally diverse than multicellular life?,microbial life
681,ASCII,How many graphic symbols were used before ASCII?,11 to 25 special graphic symbols
682,ASCII,What was the code first called in Europe?,Bemer-Ross Code
683,ASCII,What did Digital Equipment Corporation develop?,Multinational Character Set (DEC-MCS)
684,ASCII,Why did the committee debate adding a shift function?,would allow more than 64 codes to be represented by a six-bit code
685,ASCII,How many characters are printable characters? ,95 printable characters
686,Digestion,What happens in a chennel transupport system? ,several proteins form a contiguous channel traversing the inner and outer membranes of the bacteria
687,Digestion,What is chemical digestion?,enzymes break down food into the small molecules the body can use
688,Digestion,What does this secretion system transport?,"various molecules, from ions, drugs, to proteins of various sizes"
689,Digestion,What are teeth made out of?,"enamel, dentine and cementum"
690,Digestion,Over head charges influence what?,"lifestyle, behavior, and even physical structures"
691,Gymnastics,How long is the rope?,Its length is in proportion to the size of the gymnast
692,Gymnastics,What was the first Sport Program recongized by FIG?,Gymnastics for All
693,Gymnastics,What does a higher flight phase result in?,a higher vertical ground reaction force
694,Gymnastics,What are later added to the landing by advanced gymnasts?,multiple twists and somersaults
695,Gymnastics,Single leg skills are found in the form of what normally?,"form of scissors, an element often done on the pommels"
696,FC_Barcelona,How did the Catalans show their identity during the dictatorships?,joining Barça
697,FC_Barcelona,Where did Barcelona defeat Real Madrid for a trophy win in 2005-06?,Santiago Bernabéu Stadium
698,FC_Barcelona,What team has won the treble competitions  twice?,Barcelona
699,FC_Barcelona,How long was the stadium closed?,six months
700,FC_Barcelona,What event in February did Barcelona qualify for for the sixth time?,Copa del Rey final
701,Federal_Bureau_of_Investigation,What organization in the US government investigates the largest array of crimes?,ICE-HSI
702,Federal_Bureau_of_Investigation,Who tipped of Bulger?,his former FBI handler
703,Federal_Bureau_of_Investigation,"What compiles data from around 17,000 law enforcement agencies?",The Uniform Crime Reports
704,Federal_Bureau_of_Investigation,How as Griffith's wikipedia scanner viewed by wikipedia?,positively
705,Federal_Bureau_of_Investigation,Who serves as the representative of the Director of National Intelligence?,senior-level FBI officer
706,Mary_(mother_of_Jesus),Which pope authored Munifentissimus Deus?,Pope Pius XII
707,Mary_(mother_of_Jesus),Which ancient empire is thought to have started the tradition of portraying Mary in paintings using the color blue?,Byzantine Empire
708,Mary_(mother_of_Jesus),What are the sources of beliefs about Mary held by Methodists?,Scripture and the ecumenical Creeds
709,Mary_(mother_of_Jesus),"In the liturgical sequences of the Eastern Church, who is placed next in prominence after Christ?",the Theotokos
710,Mary_(mother_of_Jesus),Which pope was responsible for the dogmatization of the Immaculate Conception?,Pope Pius IX
711,Melbourne,What have Postcode 3000 and Melbourne 2030 aimed to do?,curtail urban sprawl
712,Melbourne,The widening of what street helped to change the face of Melbourne into a car-dominated environment?,Hoddle Street
713,Melbourne,Which Melbourne rail station was the world's busiest passenger station in 1926?,Flinders Street Station
714,Melbourne,Who designed the A.C. Goode House?,"Wright, Reed & Beaver"
715,Melbourne,Which two of the big four banks are headquartered in Melbourne?,NAB and ANZ
716,"John,_King_of_England",When did John retake Rochester Castle?,November
717,"John,_King_of_England",When was Isabel released from imprisonment?,1214
718,"John,_King_of_England",Who convinced Richard to allow John to join into England?,Eleanor
719,"John,_King_of_England",John focused on trying to retake what?,Normandy
720,"John,_King_of_England",Where did Walter of Coutances return to?,England
721,Macintosh,"When Microsfot Windows 3.0 was released, what was it commonly said to not be as good as?",Macintosh
722,Macintosh,What Macintosh first included an on-board MMU?,the Macintosh IIx
723,Macintosh,What did Claris rename the Informix Wingz spreadsheet program?,Claris Resolve
724,Macintosh,"Who became the top PC manufacturer in 1994, leaving Apple in 3rd place?",Compaq
725,Macintosh,What are the top-selling form factors of the Mac platform today?,MacBooks
726,Anti-aircraft_warfare,What does SPAAG stand for?,self-propelled anti-aircraft guns
727,Anti-aircraft_warfare,Different things could affect what with the shell?,predicted trajectory
728,Anti-aircraft_warfare,"As of 1910, who had published info available for gun designs?","Krupp, Erhardt, Vickers Maxim, and Schneider"
729,Anti-aircraft_warfare,High altitude needs in Germany were going to be handled by what?,a 75 mm gun from Krupp
730,Anti-aircraft_warfare,What does MANPADS mean?,Man-Portable Air Defence Systems
731,Sanskrit,Where is the newspaper Sudharma published?,"Mysore, India"
732,Sanskrit,In what year was the daily newspaper Sudharma first published?,1970
733,Sanskrit,Where is Sanskrit usually found?,India
734,Sanskrit,Who has said the Sanskrit is dead?,Sheldon Pollock
735,Sanskrit,What are prakritisms?,borrowings from common speech
736,Valencia,What caused the nobility to leave Valencia?,plague
737,Valencia,What is the main type of employment in Valencia?,service sector occupations
738,Valencia,Where did Valencia rank in size among Spanish cities in the 1900s?,third
739,Valencia,Whom did the comuneros rebel against?,Charles
740,Valencia,Valencia has the largest port on which coast?,Mediterranean western coast
741,General_Electric,"In what year was the slogan ""We Bring Good Things to Life"" first used?",1979
742,General_Electric,"Which company was GE's partner in the Short Fils, Big Ideas project?",cinelan
743,General_Electric,"Who composed GE's slogan ""Imagination at work?""?",David Lucas
744,General_Electric,Which television broadcast company is located in the same building as GE's main offices in New York City?,NBC
745,General_Electric,Who led the Thomson-Houston Electric Company when GE was formed?,Charles Coffin
746,United_States_Army,What state did not contribute any troops to the Union Army?,South Carolina
747,United_States_Army,Where are the Armor School and the Infantry School both located?,"Fort Benning, Georgia"
748,United_States_Army,In what year did the Korean war end?,1953
749,United_States_Army,"What is the month, day and year of ""D-Day""?","June 6, 1944"
750,United_States_Army,Where is the Joint Readiness Training Center located?,"Fort Polk, Louisiana"
751,Franco-Prussian_War,The officers of the General Staff were hand-selected from which place?,Prussian Kriegsakademie (War Academy)
752,Franco-Prussian_War,A blockade of what coastline was ordered by the French government at the start of the war?,North German coasts
753,Franco-Prussian_War,The effect of German victory and ensuing influence stems back to what factor?,pre-war preparations
754,Franco-Prussian_War,What was the name of the famous cannon issued to Prussian soldiers at the time?,Krupp
755,Franco-Prussian_War,Bismarck desired an early piece but lacked what in the negotiation process?,a legitimate French authority
756,Adolescence,"Elevation of the breasts, development of pubic hair, and elevation of the nippes are examples of what type of changes?",Changes in secondary sex characteristics
757,Adolescence,What are the three general approaches to understanding identity development?,"self-concept, sense of identity, and self-esteem"
758,Adolescence,How is adolescence defined cognitively?,changes in the ability to think abstractly and multi-dimensionally
759,Adolescence,The active seeking of new ideas rather than the unquestioning acceptance of adult authority is known as what stage of development?,Adolescence
760,Adolescence,"Which researchers conducted a 2009 study that concerned adolescents, their parents, and secondary education completion?",Adalbjarnardottir and Blondal
761,Antarctica,What type of penalty can importing plants and animals into Antarctica bring?,criminal
762,Antarctica,What lake is thought to contain microbial life?,Lake Vostok
763,Antarctica,How many species of fungi have been found on Antarctica?,1150
764,Antarctica,What is the size of Antarctica?,"14,000,000 square kilometres"
765,Antarctica,How much of Earth's ice is in Antarctica?,90%
766,Eritrea,What is the name of the multi-stage international cycling event held throughout Eritrea?,Tour of Eritrea
767,Eritrea,Which kingdoms did Aksum regularly enter the politics of?,on the Arabian peninsula
768,Eritrea,"As of 2002, how many births were attended by skilled health personnel in Eriterea?",28.3%
769,Eritrea,What is the result of the incorporation of independent kingdoms and sultanates?,modern-day Eritrea
770,Eritrea,What was the Eritrean life expectancy at birth in 1960?,39.1
771,Uranium,In what year did the cost of uranium notably begin to increase?,2001
772,Uranium,What percentage of world uranium oxide production is produced by Argentina?,2.1%
773,Uranium,In what county was the Oklo mine located?,Gabon
774,Uranium,In what city was uranium discovered?,Berlin
775,Uranium,"Along with potassium-40 and uranium, the decay of what element is a primary heat source driving plate tectonics?",thorium
776,Order_of_the_British_Empire,Who established the chivalry of british constiutional monarchy?,King George V
777,Order_of_the_British_Empire,What grade was determined?,"same criteria as usual, and not by the level of gallantry"
778,Order_of_the_British_Empire,Who established a national system of honours and awards?,"Order of Australia, the Order of Canada, and the New Zealand Order of Merit"
779,Order_of_the_British_Empire,How were the appointments to the Order of the British Empire made?,"nomination of the self-governing Dominions of the Empire, the Viceroy of India, and the colonial governors"
780,Order_of_the_British_Empire,How many Knights and Dames Commander?,845
781,Circadian_rhythm,What is the time of lowest temperature for evening type young adults?,06:00
782,Circadian_rhythm,What is the term for the independent clocks?,peripheral oscillators
783,Circadian_rhythm,How are sleep and wake cycles as well as body functions coordinated?,biological clock
784,Circadian_rhythm,What was the previous belief of feedback in the gene loop?,negative feedback loop
785,Circadian_rhythm,Who showed the animals could maintain activity in the absence of light and temperature changes?,J.S. Szymanski
786,Elizabeth_II,What did Elizabeth's mother later say that Philip was?,"""an English gentleman"""
787,Elizabeth_II,How many years has Elizabeth been Queen?,60 years
788,Elizabeth_II,When was Elizabeth's Silver Jubilee?,1977
789,Elizabeth_II,When was the second address to the UN by Elizabeth?,2010
790,Elizabeth_II,When did Elizabeth make her first radio broadcast?,1940
791,Sexual_orientation,Did mens arousal relate to the sexual interests?,", their arousal patterns being in line with their specific sexual interest (women for heterosexual men and men for homosexual men)."
792,Sexual_orientation,Which philosopher argued homosexuality did not exist as an idenity in the eighteenth century?,Michel Foucault
793,Sexual_orientation,Where are the meanings of words negotiated?,mass media
794,Sexual_orientation,"What are sexual attraction. behavior, and idenity components of?",sexual orientation
795,Sexual_orientation,What have scientists started spending the most time on?,measuring changes in brain activity related to sexual arousal
796,Dell,What was the original valuation of the merger?,$67bn
797,Dell,The release of what electronic had a negative impact on Dell?,iPad
798,Dell,How many PCs does Dell employ energy management software on?,"50,000"
799,Dell,What company did Dell acquire in 2009?,Perot Systems
800,Dell,How much did Taiwan fine Dell for its practices?,NT$1 million
801,Capital_punishment_in_the_United_States,"Along with anti-death penalty advocacy, why has there been a shortage in drugs for lethal injections in the United States?",low production volume
802,Capital_punishment_in_the_United_States,"According to Thompson v. Oklahoma, what was the youngest age at which a person might be executed?",Sixteen
803,Capital_punishment_in_the_United_States,What percentage of the American population is Hispanic?,17.4%
804,Capital_punishment_in_the_United_States,On what date did the largest mass execution in American history take place?,"December 26, 1862"
805,Capital_punishment_in_the_United_States,What court heard the case Penry v. Lynaugh?,United States Supreme Court
806,Age_of_Enlightenment,What was the title of the first scientific and literary journal?,the Parisian Journal des Sçavans
807,Age_of_Enlightenment,In what year was Charles Burney's A General History of Music: From the Earliest Ages to the Present Period published?,1776
808,Age_of_Enlightenment,Were bruits or newspapers allegedly a better source of information?,bruits
809,Age_of_Enlightenment,"Which university, especially, produced professors whose ideas had a significant impact on the colonies?",Edinburgh
810,Age_of_Enlightenment,During which movement were the first scientific and literary journals established?,the Enlightenment
811,Nintendo_Entertainment_System,What's the name of the feature on the front of the front of the NES test device?,Game Pak slot
812,Nintendo_Entertainment_System,How were the special controllers connected to the NES?,control ports on the front
813,Nintendo_Entertainment_System,How many kb of Video RAM did the PPU have?,2
814,Nintendo_Entertainment_System,What was printed on all licensed games and accessories by Nintendo?,seal of quality
815,Nintendo_Entertainment_System,What material were the connector springs made of?,nickel
816,Athanasius_of_Alexandria,What did the orthodox leaders believe?,the Nicene
817,Athanasius_of_Alexandria,What was the outcome of the Council of Milan?,a fourth condemnation of Athanasius
818,Athanasius_of_Alexandria,How long did his episcopate last?,45 years
819,Athanasius_of_Alexandria,What famous event happened in 303?,Maximian persecution
820,Athanasius_of_Alexandria,What was the verdict at the Council of Sardica?,his innocence reaffirmed
821,Seattle,What type of rain fall does Seattle most often experience?,light precipitation
822,Seattle,When is the tunnel now expected to be finished?,2017
823,Seattle,What is August's usual temperature?,66.1 °F
824,Seattle,What was the name of the first art museum in Washington?,Henry Art Gallery
825,Seattle,Which huge internet seller is headquartered in Seattle?,Amazon.com
826,Memory,Can you pin point certain areas of the brain to certain memories. ,"it is not sufficient to describe memory, and its counterpart, learning, as solely dependent on specific brain regions"
827,Memory,"When fondly remembering your memory, which type of memory are you using?",Autobiographical memory
828,Memory,"When remembering your first day of school or first dance, which memory are you using?",Episodic memories
829,Memory,What is the second memory stage?,Storage
830,Memory,What is the Zeigarnik effect?,states that people remember uncompleted or interrupted tasks better than completed ones.
831,Multiracial_American,Are all muticultural Americans aware of their cultural heritage?,"While many Americans may be biologically multiracial, they often do not know it"
832,Multiracial_American,What has caused more people of mixed races to the US?,Diverse immigration
833,Multiracial_American,Who was Thomas Jefferson in a relationship with?,Sally Hemings
834,Multiracial_American,What were slaves usually not allowed to do?,learn to read and write
835,Multiracial_American,What factor affected the ability of a child to be in a tribe?,the kinship system of the woman's tribe
836,Ashkenazi_Jews,What year were the expulsions from England?,1290
837,Ashkenazi_Jews,"In the story told by mystic Rabbi Elijah of Chelm, one of the German's family members rescued Jews in Palestine and carried them back to where in order to repay a previous favor?",Worms
838,Ashkenazi_Jews,The historical record attests to Jewish communities in southern Europe since what time?,pre-Christian times
839,Ashkenazi_Jews,What is the Siddur?,prayer book
840,Ashkenazi_Jews,The findings related to the Y-chromosomes suggest that males ancestors of Ashkenazi Jews could be traced mostly to where?,the Middle East
841,Pharmaceutical_industry,Drug reps have been accused of giving what to health professionals?,'gifts' and biased information
842,Pharmaceutical_industry,Patients treated with Zocor had their cholesterol reduced by how much?,35%
843,Pharmaceutical_industry,Why was this drug pulled off shelves?,association with grave congenital abnormalities
844,Pharmaceutical_industry,In what year was epinephrine discovered?,1897
845,Pharmaceutical_industry,Where is the Institute of Experimental Therapy located?,Berlin
846,Umayyad_Caliphate,Who appointed the governors in the Umayyad empire?,khalifah
847,Umayyad_Caliphate,To what dynasty did Vikramaditya II belong?,Pratihara
848,Umayyad_Caliphate,What Umayyad ruler is regarded as especially just and pious by Sunni scholars?,Umar ibn Abd al-Aziz
849,Umayyad_Caliphate,"Along with Rhodes, what Byzantine possession did Muawiyah occupy?",Crete
850,Umayyad_Caliphate,What was the main city of Tokharistan?,Balkh
851,Asphalt,To what location is Selenizza bitumen native?,"Selenice, in Albania"
852,Asphalt,What major problem did bitumen as a pigment show itself to be?  ,unstable
853,Asphalt,What language originated the word bitumen?,Sanskrit
854,Asphalt,How is asphalt used in the construction industry?,waterproofing
855,Asphalt,"When mixed wit clay, what is bitumen called?",asphaltum
856,Queen_Victoria,What helped to boost the rebublicians in 1870?,establishment of the Third French Republic
857,Queen_Victoria,Who did the Queen condemn in the Indian Rebellion?,both sides
858,Queen_Victoria,Victoria and her mother had differences over what system?,Kensington System
859,Queen_Victoria,Who did Victoria try to convince Disraeli  to act against during the Russo-Turkish war?,Russia
860,Queen_Victoria,What year did the Queen and Albert purchase Balmoral Castle?,1847
861,Freemasonry,Members of Craft Masonry are called what?,Freemasons or Masons
862,Freemasonry,Judges and police officers had to disclose their Freemason membership in what years in England?,from 1999 to 2009
863,Freemasonry,What happened when the UGLE was formed in 1813?,U.S.-based Lodges were stricken from their rolls
864,Freemasonry,What do Islamic anti-masonics link Freemasonry to?,al-Masih ad-Dajjal (the false Messiah
865,Freemasonry,When can Exclusive Jurisdiction be waived?,when the two over-lapping Grand Lodges are themselves in Amity and agree to share jurisdiction
866,Israel,What's home to 57% of the nation's population?,Israeli Coastal Plain
867,Israel,When was the King David Hotel bombing?,1946
868,Israel,Who provided incentives for Israelis to settle in the occupied West Bank?,Begin's government
869,Israel,What is the oldest university in Israel?,Technion
870,Israel,What became a symbol of the Zionist reconstruction?,Hora circle dance
871,Hellenistic_period,Who was the Father of Geomtery?,Eratosthenes
872,Hellenistic_period,A long lived cult in Erythrae worshiped which dead leader?,Alexander
873,Hellenistic_period,When was the Aetolian League formed?,370 BCE
874,Hellenistic_period,What league freed Corinth?,Achean
875,Hellenistic_period,"Which ruler had the last, best chance of uniting Greece?",Philip V
876,Bill_%26_Melinda_Gates_Foundation,What has the grant enabled ,this foundation helps move public libraries into the digital age.
877,Bill_%26_Melinda_Gates_Foundation,What is need in the developing world ,Improved sanitation in the developing world is a global need
878,Bill_%26_Melinda_Gates_Foundation,What are several of the gates backed policies ,"Several Gates-backed policies such as small schools, charter schools, and increasing class sizes"
879,Bill_%26_Melinda_Gates_Foundation,One way to increase college graduation by the foundation is ,One of the ways the foundation has sought to increase the number of college graduates is to get them through college faster
880,Bill_%26_Melinda_Gates_Foundation,Have the policies been criticized ,but some studies indicate they have not improved educational outcomes and may have caused harm
881,Montevideo,What year was the Telecommunications Tower constructed?,(2000
882,Montevideo,Who represented Rivera's Colorados?,Colorado Party
883,Montevideo,When was the Montevideo Crandon Institute founded?,1879
884,Montevideo,What does the Bay of Montevideo form?,a natural harbour
885,Montevideo,What has traditionally been the strongest service export sectors in Uruguay?,Banking
886,Poultry,When were turkeys first used in a domestication setting?,Pre-Aztec tribes in south-central Mexico first domesticated the bird around 800 BC
887,Poultry,What is the average size of chickens used extensively for it's meat production raised in an intensive environment? ,carcass size (2 kg (4.4 lb))
888,Poultry,What variety is the most common the the United States and the U.K.,Pekin duck
889,Poultry,Aside from consumption how are Guinea fowl  useful to humans.,They will keep a vegetable garden clear of pests and will eat the ticks that carry Lyme disease.
890,Poultry,Was the Latin word for poultry also used to decribe other small animals as opposed to any poulty?,"from the Latin word pullus, which means small animal."
891,Dutch_language,"Although spelled differently, the first consonant of what Dutch word for ""seven"" is pronounced the same as its German counterpart?",zeven
892,Dutch_language,About how many pupils in all of Indonesia study Dutch as part of their coursework?,"35,000"
893,Dutch_language,"What language started the trend of referring to the Netherlands as ""Germania Inferior""?",Latin
894,Dutch_language,Which century marked great progress in Dutch standardization brought on by Antwerp?,16th
895,Dutch_language,What is the Dutch language officially called in the Netherlands?,Nederlands
896,Buckingham_Palace,Who suggested the use of brightly coloured scagliola and blue and pink lapis?,Sir Charles Long
897,Buckingham_Palace,What is the style of the saucer domes in the Belgian Suite?,the style of Soane
898,Buckingham_Palace,Who designed the new wing for the palace in 1847?,Edward Blore
899,Buckingham_Palace,What was the occasion where debutantes were presented to society called?,"""coming out"""
900,Buckingham_Palace,What type of airplane was the German craft Holmes rammed into?,Dornier Do 17 bomber
901,Incandescent_light_bulb,Where did Electro-Dynamic Light Company install its first lights?,Mercantile Safe Deposit Company
902,Incandescent_light_bulb,How long does it take a typical 100-watt bulb to achieve 90% of its brightness?,0.13 seconds
903,Incandescent_light_bulb,What made power distribution economically viable in Edison's lamp?,high resistance
904,Incandescent_light_bulb,"What is the negative effect of ""hot spots"" forming on the filament?",a variation of diameter of only 1% will cause a 25% reduction in service life
905,Incandescent_light_bulb,With what material did Edison make his first filament?,carbon
906,Arsenal_F.C.,How many league championships did Arsenal win in the 1930s?,five
907,Arsenal_F.C.,What team did Arsenal play at the time of the radio broadcast in 1927?,Sheffield United
908,Arsenal_F.C.,Which founding members were responsible for the red shirts?,Fred Beardsley and Morris Bates
909,Arsenal_F.C.,What medium has added to the fan base of Arsenal?,satellite television
910,Arsenal_F.C.,In 2011 what was Arsenal's estimated fan base?,113 million
911,Clothing,Many people still wear clothes that are what shape?,rectangles
912,Clothing,What country once only allowed their emperor to wear yellow?,China
913,Clothing,What type of hazard is noxious chemicals?,environmental
914,Clothing,What organism has provided some information about the timeline of clothing?,lice
915,Clothing,Whose book entitled Physiology of Heat Regulation and The Science of Clothing was published in 1949?,Newburgh's
916,Chicago_Cubs,When did Hack Wilson set a record of 56 home-runs and 190 runs-batted-in?,1930
917,Chicago_Cubs,What year did the Cubs win the NL pennant?,1929
918,Chicago_Cubs,While Anson led the Chicago cubs how many National League pennants did they win?,six
919,Chicago_Cubs,Who announced on August 22nd they were leaving the Cubs prematurely? ,Lou Piniella
920,Chicago_Cubs,What was Wilson named by the Baseball Writer's Association of America? ,"""Most Useful"" player"
921,Korean_War,"Who did General Hodge restore power to, resulting in protests?",Japanese colonial administrators
922,Korean_War,Did the UN troops or Chinese troops experience more war casualties?,Chinese troops
923,Korean_War,Why is North Korea insisting that the 1953 armistice was violated?,new wave of UN sanctions
924,Korean_War,What army were Korean men conscripted into?,Imperial Japanese Army
925,Korean_War,Who did the Soviets send to North Korea?,Soviet generals
926,Copyright_infringement,What is restricted unless the film has a traditional theater release?,tax support that a film can receive
927,Copyright_infringement,How long is a movie typically released in theaters for?,approximately 16 and a half weeks
928,Copyright_infringement,What was the directive NOT intended for?,legitimize file-sharing
929,Copyright_infringement,"When you are accused theft as it relates to copyright law, you are exercising exclusive rights without what?",authorization
930,Copyright_infringement,What type of penalty was made for unlawful performances that are willful and for profit?,misdemeanor
931,Greece,What invading marauders caused havoc in the Balkans during the 4th century.,Barbarian
932,Greece,What type of education do vocational institutes provide?,formal but unclassified
933,Greece,Who was Zeus's sister?,Hera
934,Greece,When was Greece accepted into the European Union?,19 June 2000
935,Greece,What is the name of two schools of philosophy?,Skepticism and Neoplatonism
936,Royal_Dutch_Shell,Who blocked the takeover attempt?,then federal Treasurer Peter Costello
937,Royal_Dutch_Shell,"In 1996, multiple groups filed lawsuits to hold Shell accountable for what?",alleged human rights violations in Nigeria
938,Royal_Dutch_Shell,Shell purchased what in 2005?,an offshore lease
939,Royal_Dutch_Shell,In what year did the corporation sell the majority of its Australian assets?,2014
940,Royal_Dutch_Shell,What entity supported Shell during the 1990s protests?,the UK government
941,Mammal,What does the Hyperdermis consist of?,adipose tissue
942,Mammal,Which two major time periods did placentals appear?,Eocene through the Miocene
943,Mammal,Why is it necessary for smaller animals to have an insulative covering?,maintenance of a high and stable body temperature
944,Mammal,Which time period is suggested that cynodonts had a high metabolic rate?,Triassic
945,Mammal,At which group did Therapsids end with?,probainognathian cynodonts
946,East_India_Company,in the arms of EIC what was the lion holding in his forepaws,crown
947,East_India_Company,How many council member weres allow to be from the EIC?,two
948,East_India_Company,What country was the home to the Industrial Revolution?,Britain
949,East_India_Company,what type of flowers did Gules use?,roses
950,East_India_Company,what general played the biggest role in the capture of the seven Dutch East Indiamen?,General Goddard
951,Hokkien,"In South East Asia, what term is commonly used to refer to Min-nan dialects?",Hokkien
952,Hokkien,Hokkien is sometimes written in what script?,Latin
953,Hokkien,Hoklo objected to the proposal because it would increase what tensions?,ethnic
954,Hokkien,What percent of Chinese Filipinos in the Philippines spoeak Hokkien?,98.5%
955,Hokkien,During what dynasty did the Xiamen dialect develope?,late Ming dynasty
956,Professional_wrestling,What has Ric Flair accomplished? ,multiple world heavyweight championship reigns spanning over three decades
957,Professional_wrestling,What are famous referees directed to do?,often scripted to dispense with the appearance of neutrality and use their influence to unfairly influence the outcome of the match for added dramatic impact. F
958,Professional_wrestling,At what point can a count be started? ,"any time that a wrestler's shoulders are down (both shoulders touching the mat), back-first and any part of the opponent's body is lying over the wrestler."
959,Professional_wrestling,What year did Mildred Burke retire? ,1956
960,Professional_wrestling,What award was The Wrestler nominated for?,several Oscar nominations
961,Film_speed,Which cameras were first of their type to adopt the ASA scale?,"The Weston Cadet (model 852 introduced in 1949), Direct Reading (model 853 introduced 1954) and Master III (models 737 and S141.3 introduced in 1956)"
962,Film_speed,How many regions does the Hurter-Driffield curve have?,five
963,Film_speed,Until what year did other models use the original Weston scale?,1955
964,Film_speed,What eliminated comparability?,modified semi-Scheiner-based systems
965,Film_speed,What does the film's quantum efficiency limit? ,sensitivity
966,Mexico_City,What is the name of the longest avenue in Mexico City?,Avenida de los Insurgentes
967,Mexico_City,What are the one-way roads in Mexico city called?,ejes viales
968,Mexico_City,Where do the superior artists and scientists of Mexico City have the option to attend?,El Colegio Nacional
969,Mexico_City,How many sets are in the Teatro Metropolitan?,"3,000"
970,Mexico_City,Who operates the parking meters?,Operadora de Estacionamientos Bicentenario
971,Napoleon,When did the Battle of Cape Finisterre occur?,July 1805
972,Napoleon,Who did Napoleon declare King of Spain in 1808?,his brother Joseph
973,Napoleon,What percentage of the French vote approved Napoleon's new constitution?,over 99%
974,Napoleon, Napoleon hoped an attack on the West Indies would cause the British to lessen their defenses where?,the Western Approaches
975,Napoleon,"What was the name of the first central bank in France, that Napoleon established?",the Banque de France
976,Germans,What assured  Europe would remain the same preventing Germany from becoming one country?,Congress of Vienna
977,Germans,What year was the turning point for Germany in the Nation Brands Index?,2006
978,Germans,What man is credited with the emergence of the German nation?,Johann Gottfried Herder
979,Germans,The Limes Germanicus was breached in what year?,AD 260
980,Germans,How many Germans are members of sports clubs?,27 million
981,Southeast_Asia,The western colonies were invaded by whom during World War II?,Imperial Japan
982,Southeast_Asia,Name the largest country in Southeast Asia.,Indonesia
983,Southeast_Asia,What were the alphabets of Southeast Asia?,abugidas
984,Southeast_Asia,What other forms of writing materials were used during this period?,copperplate scrolls
985,Southeast_Asia,East Timor is predominantly catholic due to which European rule's history?,Portuguese
986,Brigham_Young_University,How many people does the de Jong Concert Hall seat?,1282
987,Brigham_Young_University,What is the stated mission of BYU?,"""is to assist individuals in their quest for perfection and eternal life."""
988,Brigham_Young_University,How many television production studios is BYU Broadcasting Technical Operations Center home to?,three
989,Brigham_Young_University,What did Board opponent Anthon H. Lund say after Brigham voted to change their name to a University?,"""I hope their head will grow big enough for their hat."""
990,Brigham_Young_University,What did former student Tracy Hall invent as a BYU professor of chemistry and Director of Research?,"a new type of diamond press, the tetrahedral press"
991,Department_store,What were employees taught that made a shopping experience different? ,exciting social activity not just a routine exercise in obtaining necessities
992,Department_store,When was the movie depicting soviet department stores filmed? ,1956
993,Department_store,What were some of the original Australian department stores? ,Grace Bros. and Waltons
994,Department_store,In what year did Hudson's address the issue of parking within cities?,1954
995,Department_store,What policy did the Marble Palace introduce? ,"""free entrance"" to all potential customers."
996,Intellectual_property,Which doctrines allow limited use of copyrighted works?,fair use and fair dealing
997,Intellectual_property,What is a patent offered in exchange for?,public disclosure of the invention
998,Intellectual_property,When did French author A. Nion mention intellectual property?,1846
999,Intellectual_property,"Who wrote that ""only in this way can we protect intellectual property""?",Justice Charles L. Woodbury
1000,Intellectual_property,"Which view treats intellectual property as another type of ""real"" property?",absolute protection or full value
