evaluation_id,document_id,question,answer1,answer2
1,0029bdbe75423337b551e42bb31f9a102785376f,Regarding the book 'Percival Keene': Who did Percival reunited with?,Minnie,minnie
2,0029bdbe75423337b551e42bb31f9a102785376f,Regarding the book 'Percival Keene': Who becomes Lord de Versely after his brother dies?,Colonial Delmar,Captain Delmar
3,0029bdbe75423337b551e42bb31f9a102785376f,Regarding the book 'Percival Keene': Who does Capitan Delmar suggest Ben marry in secret?,Arabella,Arabella Mason
4,0029bdbe75423337b551e42bb31f9a102785376f,Regarding the book 'Percival Keene': Who did Ben married in secrete ?,Arabella Manson,Arabella Mason.
5,0029bdbe75423337b551e42bb31f9a102785376f,Regarding the book 'Percival Keene': What happens when Percival is captured by the French?,he is sentenced to execution,He escapes
6,00936497f5884881f1df23f4834f6739552cee8b,Regarding the book 'Five Weeks in a Balloon': Where was the starting point of the trip?,England,Zanzibar
7,00936497f5884881f1df23f4834f6739552cee8b,Regarding the book 'Five Weeks in a Balloon': Which explorer had previously gone on expeditions in the areas around the regions of the Sahara and Chad?,Heinrich Barth ,Heinrich Barth.
8,00936497f5884881f1df23f4834f6739552cee8b,Regarding the book 'Five Weeks in a Balloon': What is the primary focus of the explorers at the beginning of their journey?,They are seeking out the source of the Nile River. ,Linking the voyages of  Burton and Speke with Barth.
9,00936497f5884881f1df23f4834f6739552cee8b,Regarding the book 'Five Weeks in a Balloon': Why did Joe jumped out of the balloon?,Because it was attacked by condors,It was being attacked by condors
10,00936497f5884881f1df23f4834f6739552cee8b,Regarding the book 'Five Weeks in a Balloon': Where does the trip begin on the east coast?,Zanzibar,Zanzibar
11,00fb61fa7bee266ad995e52190ebb73606b60b70,Regarding the book 'Cynthia's Revels': What effect does the spring of Narcissus have on those who drink from it?,Grow enamored of themselves,They become enamoured with themselves.
12,00fb61fa7bee266ad995e52190ebb73606b60b70,Regarding the book 'Cynthia's Revels': Where do the dancers purify themselves?,Mount Helicon,in the spring at Mount Helicon
13,00fb61fa7bee266ad995e52190ebb73606b60b70,Regarding the book 'Cynthia's Revels': What does Diana order to take place  in the valley of Gargaphie?,Solemn revels,solemn revels 
14,00fb61fa7bee266ad995e52190ebb73606b60b70,Regarding the book 'Cynthia's Revels': Who enters with Mercury?,Cupid,Cupid
15,00fb61fa7bee266ad995e52190ebb73606b60b70,Regarding the book 'Cynthia's Revels': HOW MANY PHASES DID THE COURT COMPLIMENT COMPETITION HAVE?,4 PHASES,2
16,014de1a8802c05ff64efa047e9290fb7fccea2b4,Regarding the book 'A Voyage to Arcturus': Where does Maskull wake up alone at?,Tormance,Tormance.
17,014de1a8802c05ff64efa047e9290fb7fccea2b4,Regarding the book 'A Voyage to Arcturus': What happens to the people Maskull meets in his travels to various lands?,They usually die by his hand or anothers.,They die
18,014de1a8802c05ff64efa047e9290fb7fccea2b4,"Regarding the book 'A Voyage to Arcturus': What sort of ship did Maskull, Krag, and Nightspore set of in?",A crystal ship,A crystal ship.
19,014de1a8802c05ff64efa047e9290fb7fccea2b4,Regarding the book 'A Voyage to Arcturus': What normally happens when Maskull meets new people in the lands he travels to?,Normally they die,Those people usually end up dead.
20,014de1a8802c05ff64efa047e9290fb7fccea2b4,Regarding the book 'A Voyage to Arcturus': Whose death does he learn is coming soon?,his own,Maskull's own death.
21,019a9611dd8e1b822bd0a58f075cc4a30bdd0797,Regarding the book 'Lisbeth Longfrock': What job does LIsbeth have at the farm?,livestock,She works with the livestock
22,019a9611dd8e1b822bd0a58f075cc4a30bdd0797,Regarding the book 'Lisbeth Longfrock': Why do Lisbeth and her brother move away from their childhood home?,Their mother dies.,"Not entirely clear, but it seems because Kjersti had made a promise to her mother before her mother died."
23,019a9611dd8e1b822bd0a58f075cc4a30bdd0797,Regarding the book 'Lisbeth Longfrock': What is Lisbeth's brother's name?,Jacob,Jacob
24,019a9611dd8e1b822bd0a58f075cc4a30bdd0797,Regarding the book 'Lisbeth Longfrock': Lisbeth works on Hoel farm. What does she work with?,Livestock.,livestock 
25,019a9611dd8e1b822bd0a58f075cc4a30bdd0797,Regarding the book 'Lisbeth Longfrock': When does Lisbeth go to the seter?,in the summer,During the summertime.
26,01f5ab49ace7ff6c2bca8c2e537076ae1f1b5c90,Regarding the book 'The Mysteries of Udolpho': Who helps Emily escape the castle?,Du Pont,She had help of her secret admirer Du Pont.
27,01f5ab49ace7ff6c2bca8c2e537076ae1f1b5c90,Regarding the book 'The Mysteries of Udolpho': Who wants Emily to marry Count Morano?,"Montoni, her aunt's husband.",Montoni.
28,01f5ab49ace7ff6c2bca8c2e537076ae1f1b5c90,Regarding the book 'The Mysteries of Udolpho': Why did Emily and her father share a close bond?,They both appreciated nature.,The both loved nature.
29,01f5ab49ace7ff6c2bca8c2e537076ae1f1b5c90,"Regarding the book 'The Mysteries of Udolpho': When Emilys' father dies, who becomes her guardian?",Her Aunt,Madame Cheron
30,01f5ab49ace7ff6c2bca8c2e537076ae1f1b5c90,Regarding the book 'The Mysteries of Udolpho': Who help Emily escape from the castle?,"Du Point ,Annette  and Ludovico",She had help of her secret admirer Du Pont
31,026723e23a4f1b279e20d9d2d3746a1dc4543b2d,"Regarding the book 'Minna von Barnhelm': Why does Minna finally relent, and tell Tellheim the truth about her wealth?",Her family arrives,When her uncle threatens to tell him.
32,026723e23a4f1b279e20d9d2d3746a1dc4543b2d,Regarding the book 'Minna von Barnhelm': Why does Tellheim refuse to engage Minna von Barnhelm at first?,Because he is poor,He is poor
33,026723e23a4f1b279e20d9d2d3746a1dc4543b2d,Regarding the book 'Minna von Barnhelm': What is the name of Tellheim's lover?,Minna von Barnhelm,Minna von Barnhelm
34,026723e23a4f1b279e20d9d2d3746a1dc4543b2d,Regarding the book 'Minna von Barnhelm': Who helped Minna pretend to be poor?,"Her maid, Franziska",Her maid
35,026723e23a4f1b279e20d9d2d3746a1dc4543b2d,Regarding the book 'Minna von Barnhelm': What is Tellheim's last possession of worth?,An expensive betrothal ring,a ring
36,02eb19e46391a42912c60b7d0a072fc8684dfbd6,Regarding the book 'The Return of the Soldier': Where did Kitty's husband first meet Margaret?,on Monkey Island,He first met Margaret on Monkey Island.
37,02eb19e46391a42912c60b7d0a072fc8684dfbd6,Regarding the book 'The Return of the Soldier': Is the appearance of Margaret helpful to Chris in regaining his memory?,"He does recognize the passage of time, but insists that he still loves Margaret. ",yes
38,02eb19e46391a42912c60b7d0a072fc8684dfbd6,Regarding the book 'The Return of the Soldier': Who tells Kitty that her husband was injured?,Margaret Grey,Margaret
39,02eb19e46391a42912c60b7d0a072fc8684dfbd6,Regarding the book 'The Return of the Soldier': What further steps does Margaret take to get her husband;s memory back?,She nelists the aid of a psychoanalyst.,Shows him proof of his dead child. 
40,02eb19e46391a42912c60b7d0a072fc8684dfbd6,Regarding the book 'The Return of the Soldier': What caused Chris to be confused?,Memory Loss.,His shell-shock from the war.
41,02ec0dda4d6b545c8a180b4e66108f32acc7fefa,Regarding the book 'The Planet Savers': Who does Dr. Forth convince to be hypnotized?,Dr. Jay Allison,Dr. Jay Allison
42,02ec0dda4d6b545c8a180b4e66108f32acc7fefa,Regarding the book 'The Planet Savers': Where do the expedition and volunteers return to?,Terran Trade City,Terran Trade City
43,02ec0dda4d6b545c8a180b4e66108f32acc7fefa,Regarding the book 'The Planet Savers': What is the 48-year-fever also known as?,Trailmen's Fever,Trailmen's fever.
44,02ec0dda4d6b545c8a180b4e66108f32acc7fefa,Regarding the book 'The Planet Savers': What happens to the expedition while on the trail?,They are attacked,They are attacked
45,02ec0dda4d6b545c8a180b4e66108f32acc7fefa,Regarding the book 'The Planet Savers': What are the humans looking for?,A cure to Trailmen's fever.,A cure.
46,03690ff2154ebecb454ea267cec529358ab6923b,Regarding the book 'The Old Wives' Tale': How many parts is the story broken up into? ,Four,Four parts
47,03690ff2154ebecb454ea267cec529358ab6923b,Regarding the book 'The Old Wives' Tale': What kind of business Sophia owned in Paris?,Pensione,A Pensione shop.
48,03690ff2154ebecb454ea267cec529358ab6923b,Regarding the book 'The Old Wives' Tale': What is Sophia and Constance's relation to each other?,Sisters.,They are sisters. 
49,03690ff2154ebecb454ea267cec529358ab6923b,Regarding the book 'The Old Wives' Tale': Whom did Sophia eloped with?,A travelling salesman.,A traveling salesman.
50,03690ff2154ebecb454ea267cec529358ab6923b,Regarding the book 'The Old Wives' Tale': Who is Mrs. Baines to Sophia and Constance?,Their mother.,Their mother.
51,03a048c35b81d8a422e0efd0d5de016b63659869,Regarding the book 'The Hollow Needle': Arsene Lupin was also known as?,Louis Valmeras,Under a different name Louis Valmeras in hiding
52,03a048c35b81d8a422e0efd0d5de016b63659869,Regarding the book 'The Hollow Needle': Where is the real Needle?,"In Normandy, near the town of Le Havre. ",Hidden In Secret place within France
53,03a048c35b81d8a422e0efd0d5de016b63659869,Regarding the book 'The Hollow Needle': What does Isidore discover in the department of Creuse?,The Chateau de l'Aiguille. ,Chateau de L'Aiguille
54,03a048c35b81d8a422e0efd0d5de016b63659869,Regarding the book 'The Hollow Needle': Where does Isidore Beautrelet discover the Chateau de lAiguille?,Department of Creuse,The department of Creuse
55,03a048c35b81d8a422e0efd0d5de016b63659869,Regarding the book 'The Hollow Needle': Where did Arsene Lupid decide to hide himself?,The town of Le Havre near Normady,The town of Le Havre.
56,04c16e307a71d8af0af39d10542144f7c059f17c,Regarding the book 'Perpetual Peace: A Philosophical Sketch': What types of states does Kant talk about? ,Republic,Republican states with representative governments and where the legislature is separate from the executive. 
57,04c16e307a71d8af0af39d10542144f7c059f17c,Regarding the book 'Perpetual Peace: A Philosophical Sketch': What is to be founded on a federation of free states?,The law of nations,The law of nations. 
58,04c16e307a71d8af0af39d10542144f7c059f17c,Regarding the book 'Perpetual Peace: A Philosophical Sketch': What will be abolished in time?,Standing armies,Standing armies. 
59,04c16e307a71d8af0af39d10542144f7c059f17c,Regarding the book 'Perpetual Peace: A Philosophical Sketch': What is necessary for Kant's Peace Plan? ,A league of nations. ,a league of nations
60,04c16e307a71d8af0af39d10542144f7c059f17c,Regarding the book 'Perpetual Peace: A Philosophical Sketch': How many Definitive Articles are there?,three,3
61,04d0a3d15a1e39a94524a3958e433a88ca01fdf9,Regarding the book 'The Children of the New Forest': Who do the children rescue from a trap?,Pablo.,A gypsy kid
62,04d0a3d15a1e39a94524a3958e433a88ca01fdf9,Regarding the book 'The Children of the New Forest': What is Edward's job?,He is a secretary.,secretary
63,04d0a3d15a1e39a94524a3958e433a88ca01fdf9,Regarding the book 'The Children of the New Forest': Who been awarded the old Arnwood estate?,Heatherstone,Heatherstone
64,04d0a3d15a1e39a94524a3958e433a88ca01fdf9,Regarding the book 'The Children of the New Forest': After Edward leaves who raises his sisters Alice and Edith?,Aristocratic ladies,Aristocrats 
65,04d0a3d15a1e39a94524a3958e433a88ca01fdf9,Regarding the book 'The Children of the New Forest': Who lives in Arnwood?,Colonel Beverly.,Colnel Beverly's Children
66,05000d20b404b4f3c6c34127dc3836fecad8f134,Regarding the book 'The Belle's Stratagem': In which social occasion does the drama unfold?,A Masquerade Ball.,A masquerade ball
67,05000d20b404b4f3c6c34127dc3836fecad8f134,Regarding the book 'The Belle's Stratagem': Sir George believes that his wife Lady Frances is corrupted by what?,By a fashionable life.,fashionable life
68,05000d20b404b4f3c6c34127dc3836fecad8f134,"Regarding the book 'The Belle's Stratagem': To Letitia's surprise, what feelings does she discover she has for Doricourt?",That she is madly in love with him.,She is head over heels in love with him.
69,05000d20b404b4f3c6c34127dc3836fecad8f134,Regarding the book 'The Belle's Stratagem': How does Letitia feel about Doricourt?,Letitia is hopelessly in love with Doricourt.,She is charmed by him
70,05000d20b404b4f3c6c34127dc3836fecad8f134,Regarding the book 'The Belle's Stratagem': When does this story take place?,1780's,1780s
71,0540453463a383489fdcdbb41ae4264e5ca866a2,Regarding the book 'Address: Centauri': What do the aliens lack in their technology?,A reliable gravity drive.,They lack a gravity drive.
72,0540453463a383489fdcdbb41ae4264e5ca866a2,Regarding the book 'Address: Centauri': How does the text describe the planet where the Victory settles?,The planet is similar to Mars.,Mars-like.
73,0540453463a383489fdcdbb41ae4264e5ca866a2,Regarding the book 'Address: Centauri': What planet that they land on near Alfa Centauri does it resemble?,Mars.,mars
74,0540453463a383489fdcdbb41ae4264e5ca866a2,Regarding the book 'Address: Centauri': What kind of limitations do the aliens have with their technology?,They lack a gravity drive. ,they lack a reliable gravity drive
75,0540453463a383489fdcdbb41ae4264e5ca866a2,Regarding the book 'Address: Centauri': Where do the biocompensators go immediately after they are turned down for the first interstellar flight?,Back to their asteroid hospital.,Earth
76,05c77e71c5f919af1ae72442febd204b03563f93,Regarding the book 'She Stoops to Conquer': How does Kate's plan work out?,Kate and Marlow get engaged,It succeeds and she becomes engaged.
77,05c77e71c5f919af1ae72442febd204b03563f93,Regarding the book 'She Stoops to Conquer': To whom does Mr Hardcastle want his daughter to marry?,Charles Marlow,Charles Marlow
78,05c77e71c5f919af1ae72442febd204b03563f93,Regarding the book 'She Stoops to Conquer': How is Tony Lumpkin related to Kate?,Step brother,He is her step-brother.
79,05c77e71c5f919af1ae72442febd204b03563f93,Regarding the book 'She Stoops to Conquer': How is Tony Lumpkin related to Kate?,He is her step-brother.,Tony is Kate's step-brother
80,05c77e71c5f919af1ae72442febd204b03563f93,Regarding the book 'She Stoops to Conquer': What does Mrs. Hardcastle have that belongs to Constance?,"Her inheritance, which are her jewels",her jewels
81,05d2346e34d9a4140e0d30ee311c21aab82bc850,Regarding the book 'Captain Singleton': What is Friend William?,Quaker Surgeon,A Quaker surgeon
82,05d2346e34d9a4140e0d30ee311c21aab82bc850,Regarding the book 'Captain Singleton': Why does Singleton spare the life of a wounded African native?,Singleton believes the native will be useful,He might be of use
83,05d2346e34d9a4140e0d30ee311c21aab82bc850,Regarding the book 'Captain Singleton': What is the European belief in rather than Magic?,Reason,reason
84,05d2346e34d9a4140e0d30ee311c21aab82bc850,Regarding the book 'Captain Singleton': What does Singleton sell to the Dutch?,Gold and elephant tusks,Gold
85,05d2346e34d9a4140e0d30ee311c21aab82bc850,Regarding the book 'Captain Singleton': What must be ignored according to Singleton?,Taking one's own life.,Suicide.
86,05f1a40c41101a714a3ace0359d4a550d908742e,Regarding the book 'The Rise of Silas Lapham': Which of the Lapham's daughters is described as being more intelligent?,Penelope,Penelope
87,05f1a40c41101a714a3ace0359d4a550d908742e,Regarding the book 'The Rise of Silas Lapham': Which of the Lapham girls is Tom really interested in?,The older Penelope Lapham. ,Penelope.
88,05f1a40c41101a714a3ace0359d4a550d908742e,Regarding the book 'The Rise of Silas Lapham': Who does Tom Corey profess his love for?,Penelope Lapham,Penelope
89,05f1a40c41101a714a3ace0359d4a550d908742e,Regarding the book 'The Rise of Silas Lapham': Who is Milton Rogers?,A former partner of Silas.,Silas Lapham's former business partner. 
90,05f1a40c41101a714a3ace0359d4a550d908742e,Regarding the book 'The Rise of Silas Lapham': Who does everyone think Tom Corey is attracted to?,Irene,Irene.
91,0619e886fb3167a3d70f4d191754a82b3f9ecf7f,Regarding the book 'Lorna Doone': What is Carver's title after Sir Ensor dies?,Lord of the Doones,Lord of the Doones
92,0619e886fb3167a3d70f4d191754a82b3f9ecf7f,Regarding the book 'Lorna Doone': When is Duke of Monmouth defeated?,At the battle of Sedgemoore,At the Battle of Sedgemoor
93,0619e886fb3167a3d70f4d191754a82b3f9ecf7f,Regarding the book 'Lorna Doone': Where does the Doone Clan live?,Doone Valley,Doone Valley
94,0619e886fb3167a3d70f4d191754a82b3f9ecf7f,Regarding the book 'Lorna Doone': Who becomes Lorna's guardian?,Judge Jefferies,Earl Brandir
95,0619e886fb3167a3d70f4d191754a82b3f9ecf7f,Regarding the book 'Lorna Doone': What does John Ridd lead?,"The attack on the Doones' land, killing most of their men.",He leads the attack on the Doone's land.
96,06b1c16f9343dfe145570e28e0fe81ddc66cf1ea,Regarding the book 'The Kempton-Wace Letters': What happens to Jack London's marriage with Bessie?,They divorce.,they were divorced
97,06b1c16f9343dfe145570e28e0fe81ddc66cf1ea,Regarding the book 'The Kempton-Wace Letters': What does Wace believe love revolves around?,"Health, sanity, and compatibility.",reason and intellect
98,06b1c16f9343dfe145570e28e0fe81ddc66cf1ea,Regarding the book 'The Kempton-Wace Letters': Who writes Dane Kempton's letters?,Anna Strunsky.,Anna Strunsky
99,06b1c16f9343dfe145570e28e0fe81ddc66cf1ea,Regarding the book 'The Kempton-Wace Letters': What types of women does Jack London describe?,"""Mother-Woman"" and ""Mate-Woman""","""Mother-woman"" and ""Mate-woman"""
100,06b1c16f9343dfe145570e28e0fe81ddc66cf1ea,Regarding the book 'The Kempton-Wace Letters': When did Strunsky publish her memoris?,after London's death or in 1917,her memoir was published in 1917
101,07115dadb9d1831d9a0951dd1c392587dfcae9df,Regarding the book 'The Helpers': What did Anna's father own?,An orphanage.,An orphanage
102,07115dadb9d1831d9a0951dd1c392587dfcae9df,Regarding the book 'The Helpers': Who is tied up in the bathtub?,Brandy,Brandy
103,07115dadb9d1831d9a0951dd1c392587dfcae9df,"Regarding the book 'The Helpers': What do Steve, Brad, Norah and Chloe call themselves?",The Helpers.,The helpers
104,07115dadb9d1831d9a0951dd1c392587dfcae9df,Regarding the book 'The Helpers': Who do the sociopaths call themselves?,The helpers,The helpers
105,07115dadb9d1831d9a0951dd1c392587dfcae9df,Regarding the book 'The Helpers': Why did the murders intentionally set up the road block to trap the group of friends?,Because Claire's father owned an orphanage where they lived and he abused them.,So they could flatten tires and get them to the gas station.
106,0751de79bc881dbad592bd427a0c2fe65ed3618f,Regarding the book 'The Different Forms of Flowers on Plants of the Same Species': What part of the bees and moths became covered in pollen?,Proboscis,proboscis
107,0751de79bc881dbad592bd427a0c2fe65ed3618f,Regarding the book 'The Different Forms of Flowers on Plants of the Same Species': How did experimentation produce more seeds in each cowslip?,cross fertilization,Crosses between two different types of flowers.
108,0751de79bc881dbad592bd427a0c2fe65ed3618f,Regarding the book 'The Different Forms of Flowers on Plants of the Same Species': What part of bees becomes covered with pollen?,The proboscis,Their proboscis
109,0751de79bc881dbad592bd427a0c2fe65ed3618f,Regarding the book 'The Different Forms of Flowers on Plants of the Same Species': The Lythrum salicaria can be fertilised in how many ways?,18,18
110,0751de79bc881dbad592bd427a0c2fe65ed3618f,Regarding the book 'The Different Forms of Flowers on Plants of the Same Species': What are some of the other plants that Darwin investigated? ,"He also experimented with loostrife, lungwort, primrose, and flax as well as others.",Dimorphic heterostyled plants
111,084e3e9625f032d6fc7454e94841a6045a0454e8,Regarding the book 'Dariel': Where does George Cranleigh own land?,"Surrey, England",Surrey.
112,084e3e9625f032d6fc7454e94841a6045a0454e8,Regarding the book 'Dariel': Who is Marva?,Queen of Ossets,Queen of the Ossets.
113,084e3e9625f032d6fc7454e94841a6045a0454e8,Regarding the book 'Dariel': Who is George Cranleigh's father?,Lord Harold Cranleigh,Lord Harold Cranleigh
114,084e3e9625f032d6fc7454e94841a6045a0454e8,Regarding the book 'Dariel': When did George meet Dariel?,While he was riding home from market.,On his way home from visiting the market.
115,084e3e9625f032d6fc7454e94841a6045a0454e8,Regarding the book 'Dariel': Who is Imar's twin-sister?,Marva,Marva.
116,0ac0e7c55534399855675cf41872ae6c5a8a32dd,Regarding the book 'Romola': What happens to Tito after he escapes the river he jumped into?,Baldassarre kills him after he leaves the river.,his adopted father kills him
117,0ac0e7c55534399855675cf41872ae6c5a8a32dd,Regarding the book 'Romola': How does Savonarola die?,Burned at the stake.,He's burned at the stake 
118,0ac0e7c55534399855675cf41872ae6c5a8a32dd,"Regarding the book 'Romola': When Romola takes to a boat to die, she ends up at an island that is fighting what disease?",Plague,Plague
119,0ac0e7c55534399855675cf41872ae6c5a8a32dd,Regarding the book 'Romola': Who is Baldassarre?,Tito's adoptive father.,Tito's adopted father
120,0ac0e7c55534399855675cf41872ae6c5a8a32dd,Regarding the book 'Romola': What gave Romola a new meaning in life?,Helping people in a village affected by the Plague.,helping the sick survivors
121,0b5d946ecfbdeb6629ae3f8cd42f4c499892e4ce,Regarding the book 'La Maison du chat-qui-pelote': Who married Joseph Lebas?,Augustine's sister Virginie. ,Augustine's older sister Virginie
122,0b5d946ecfbdeb6629ae3f8cd42f4c499892e4ce,Regarding the book 'La Maison du chat-qui-pelote': What does Madame de Carigliano believe about marriage that shocks Theodore?,That marriage is like warfare.,She views marriage as a form of warfare.
123,0b5d946ecfbdeb6629ae3f8cd42f4c499892e4ce,Regarding the book 'La Maison du chat-qui-pelote': How would you describe Theodore and Augustine's marraige?,Unhappy.,Unhappy.
124,0b5d946ecfbdeb6629ae3f8cd42f4c499892e4ce,Regarding the book 'La Maison du chat-qui-pelote': Who does Theodore fall in love with?,Augustine Guillaume. ,Augustine Guillaume
125,0b5d946ecfbdeb6629ae3f8cd42f4c499892e4ce,Regarding the book 'La Maison du chat-qui-pelote': What ultimately kills Augustine?,A broken heart,Heartbreak.
126,0b738a9a5aa340036c40877bc86ac49e102cc5f8,Regarding the book 'Planet of the Damned': What type of preemptive strike threatens the planet of Dis?, Nuclear Strike,Nuclear
127,0b738a9a5aa340036c40877bc86ac49e102cc5f8,Regarding the book 'Planet of the Damned': What is the name of the ruling class of Dis?,The magter,The magter
128,0b738a9a5aa340036c40877bc86ac49e102cc5f8,Regarding the book 'Planet of the Damned': Who doe Brandd meet after the games?,Ihjel,Ihjel
129,0b738a9a5aa340036c40877bc86ac49e102cc5f8,Regarding the book 'Planet of the Damned': What does the magter threaten to do to the neighboring planet if they do not surrender?,Transport cobalt to the planet. ,transport cobalt bombs to neighboring planet
130,0b738a9a5aa340036c40877bc86ac49e102cc5f8,Regarding the book 'Planet of the Damned': Why are the mageters so aggressive?,A parasite has destroyed their brains. ,They are infected with a parasite
131,0b9c36c9ed7054b8879daec163f52d1491264a55,Regarding the book 'Psmith in the City': What distraction caused Mike to cover for Waller?,"Waller found out his son was ill and missed a forged cheque, Mike covered for him and was fired and roasted by Bickersdyke.",Waller's son being ill.
132,0b9c36c9ed7054b8879daec163f52d1491264a55,Regarding the book 'Psmith in the City': What does Walter fail to spot?,A forged Check,A forged check.
133,0b9c36c9ed7054b8879daec163f52d1491264a55,Regarding the book 'Psmith in the City': Who was the antagonist in this story?,Mr Bickersdyke.,Psmith
134,0b9c36c9ed7054b8879daec163f52d1491264a55,Regarding the book 'Psmith in the City': Who is Mike's brother?,Joe,Joe
135,0b9c36c9ed7054b8879daec163f52d1491264a55,Regarding the book 'Psmith in the City': Why are Mike and Psmith able to quit their jobs at the end of the story?,Psmith's father agrees to send Psmith and Mike to school.,Psmith plans to study law at Cambridge and Mike is able to work for Psmith's father as a real estate agent
136,0bb7c49bd644d0a4c0ea9fd6239e84c07013a811,"Regarding the book 'Lightnin' (play)': Rather than spending time with his family, what did Bill prefer to do ""day and night""?",Go carousing with his cronies,Carousing with cronies
137,0bb7c49bd644d0a4c0ea9fd6239e84c07013a811,Regarding the book 'Lightnin' (play)': Why was Lighnin' Bill not home with his wife and adopted daughter?, Because Lighnin' Bill like to spend his day and night  carousing  with cronies.,He was carousing with cronies
138,0bb7c49bd644d0a4c0ea9fd6239e84c07013a811,Regarding the book 'Lightnin' (play)': What animal did Bill claim he once drove across the prairie in winter without a single loss of life?,Bees,bee
139,0bb7c49bd644d0a4c0ea9fd6239e84c07013a811,Regarding the book 'Lightnin' (play)': Who help Lighnin' Bill with his case in court?,John Marvin,John Marvin
140,0bb7c49bd644d0a4c0ea9fd6239e84c07013a811,Regarding the book 'Lightnin' (play)': Who wants to buy the hotel?,A group of out of town businessmen ,group of out-of-town businessmen
141,0bc9bac5aa5a407fd2cca4cdefcde62ae41a98ca,Regarding the book 'Policeman Bluejay': What king is introduced to Twinkle and Chubbins?,King Bird of Paradise. ,king bird of paradise
142,0bc9bac5aa5a407fd2cca4cdefcde62ae41a98ca,Regarding the book 'Policeman Bluejay': What is the Grand Law of the forrest?,Love,Love
143,0bc9bac5aa5a407fd2cca4cdefcde62ae41a98ca,"Regarding the book 'Policeman Bluejay': What is retrieved so the children do not have to eat bugs, worms, and grub?",Their picnic basket,Their picnic basket
144,0bc9bac5aa5a407fd2cca4cdefcde62ae41a98ca,Regarding the book 'Policeman Bluejay': What is the trouble in birdland that Poilcemand Bluejay must deal with?,A rebellion among the rooks who are enslaving other birds,Rooks making other birds into slaves
145,0bc9bac5aa5a407fd2cca4cdefcde62ae41a98ca,Regarding the book 'Policeman Bluejay': WHO IS THE FORCE OF ORDER AMONG THE BIRD WORLD IN THIS STORY?,POLICEMAN BLUEJAY,policeman bluejay
146,0bff02718921b6f106c87a5418f29553790954af,Regarding the book 'The Wonderful Visit': What does the angel use to beat Goth?,Goth's own whip,with Gotch's own whip
147,0bff02718921b6f106c87a5418f29553790954af,Regarding the book 'The Wonderful Visit': Who believes that the angel comes from another world?,The vicar.,The vicar.
148,0bff02718921b6f106c87a5418f29553790954af,Regarding the book 'The Wonderful Visit': What is the angel enounced as a he becomes critical of local mores?,A socialist.,A Socialist.
149,0bff02718921b6f106c87a5418f29553790954af,Regarding the book 'The Wonderful Visit': What color are the Angels wings?,polychromatic,Polychromatic.
150,0bff02718921b6f106c87a5418f29553790954af,"Regarding the book 'The Wonderful Visit': Upon returning to the village, what did the angel see?",Hew saw the vicar's house burning.,the vicar's house on fire
151,0c6bb0eb4a8f40ba3bdd6b1e6e86163e759d04e9,Regarding the book 'Le Cid': Who is the protagonist in this story? ,Rodrigue. ,Chimene.
152,0c6bb0eb4a8f40ba3bdd6b1e6e86163e759d04e9,Regarding the book 'Le Cid': What does Chimene ask the king for after her father dies?,Rodrique's head,A duel
153,0c6bb0eb4a8f40ba3bdd6b1e6e86163e759d04e9,Regarding the book 'Le Cid': Why is Chimene's and Rodrique chance of marrying disturbed?,Because Chimene's Father insults Rodriques Father,her father insulted Rodrigue's father.
154,0c6bb0eb4a8f40ba3bdd6b1e6e86163e759d04e9,Regarding the book 'Le Cid': Why are Chimene and Rodrique reluctant to marry? ,Because of the their history. ,They share a difficult past. 
155,0c6bb0eb4a8f40ba3bdd6b1e6e86163e759d04e9,Regarding the book 'Le Cid': What does ChimĂ¨ne see that causes her to believe that Rodrige is dead?,Don Sanche carrying a bloody sword.,Don Sanche's bloody sword
156,0cd690f600881ef37a4e36ca79e378c733636c30,Regarding the book 'Zuleika Dobson': What does Zuleika want the Duke to shout as he jumps into the river?,Her name,Zuleika wants the Duke to shout her name.
157,0cd690f600881ef37a4e36ca79e378c733636c30,Regarding the book 'Zuleika Dobson': At the end of the story Zuleika is leaving Oxford and heading to where?,Cambridge,Cambridge.
158,0cd690f600881ef37a4e36ca79e378c733636c30,Regarding the book 'Zuleika Dobson': After many of the students have died how does Zuleika choose to travel away from Oxford?,On a train ,All of the undergraduate students.
159,0cd690f600881ef37a4e36ca79e378c733636c30,Regarding the book 'Zuleika Dobson': How does the Duke decide to stop the undergraduates from committing suicide for love of Zuleika?,He dicides to not commit suicide himself because he hopes they will follow his example.,By not committing suicide himself.
160,0cd690f600881ef37a4e36ca79e378c733636c30,Regarding the book 'Zuleika Dobson': How does Zuleika stop the Duke's first suicide attempt?,From a river boat.,She use a riverboat
161,0d0bc01441afbec48663e3b38827e1529a287765,Regarding the book 'The Spoilers (Beach novel)': Who want Glenister to love her?,Cherry Malotte,Cherry Malotte.
162,0d0bc01441afbec48663e3b38827e1529a287765,Regarding the book 'The Spoilers (Beach novel)': What is Alexander McNamara's goal in the Alaskan Territory?,To steal the rights to as many mines as he could to become rich.,To take over all the mines. 
163,0d0bc01441afbec48663e3b38827e1529a287765,Regarding the book 'The Spoilers (Beach novel)': How do Roy and Dextry meet Helen Chester?,They defend her when she is attacked and boards their boat.,"On the ship, they defend her from pursuers."
164,0d0bc01441afbec48663e3b38827e1529a287765,Regarding the book 'The Spoilers (Beach novel)': Who was Helen Chester?,Helen Chester was Judge Arthur Cheaster niece.,Niece of judge Arthur chester
165,0d0bc01441afbec48663e3b38827e1529a287765,Regarding the book 'The Spoilers (Beach novel)': What dis the miners do to fight the crooked judge and federal marshall?,form a vigilante group,Hire lawyers and form a vigilante group.
166,0d306f911ca339bc6ef6f484b29d30a809b08356,Regarding the book 'The House on the Borderland': What is at the end of the journal?,Grief.,poem
167,0d306f911ca339bc6ef6f484b29d30a809b08356,Regarding the book 'The House on the Borderland': Who followed the man to his own imensions?,The malicious swine beast.,A swine-beast.
168,0d306f911ca339bc6ef6f484b29d30a809b08356,Regarding the book 'The House on the Borderland': What happens after the Recluse's vision?,The Recluse is attacked by a humanoid pig. ,He is attacked by pig-like creatures.
169,0d306f911ca339bc6ef6f484b29d30a809b08356,Regarding the book 'The House on the Borderland': When does the diary end all of  a sudden?,When the man is pondering suicide and the creature tries to open the door.,creature tries to open the door
170,0d306f911ca339bc6ef6f484b29d30a809b08356,Regarding the book 'The House on the Borderland': What did Tonnison and Berreggnog finally discover about the house?,It was evil,it was believed to be evil long before his sister acquired it
171,0d6f958d03124c4176549fce64ed4e7849e351f9,Regarding the book 'Emmeline': How does Delamere die? ,Fighting a duel over his sister's lover,He dies in a duel.
172,0d6f958d03124c4176549fce64ed4e7849e351f9,Regarding the book 'Emmeline': Who is the Croft Family?,The Croft family are lawyers trying to rise in the society and have influence and control over Lord Montreville.,Lawyers
173,0d6f958d03124c4176549fce64ed4e7849e351f9,Regarding the book 'Emmeline': Who is Godolphin's sister? ,Adelina,Adelina
174,0d6f958d03124c4176549fce64ed4e7849e351f9,Regarding the book 'Emmeline': What does Emmeline discover in France?,She discovered that her parents were actually married and she inherits the castle.,That she is not illegitimate and can inherit Mowbray Castle.
175,0d6f958d03124c4176549fce64ed4e7849e351f9,Regarding the book 'Emmeline': Where does Emmeline travel to with Mrs. Stafford and Augusta?,France.,They go to France.
176,0e386fb9ead81ac7dbda4798564ab2f7968234c8,Regarding the book 'The Private Memoirs and Confessions of a Justified Sinner': Who does Robert believe he is at one point when he's delusional?,Peter the Great of Russia,Gil-Martin.
177,0e386fb9ead81ac7dbda4798564ab2f7968234c8,Regarding the book 'The Private Memoirs and Confessions of a Justified Sinner': What ability does Robert have?,Ability to appear wherever George does.,Transform at will
178,0e386fb9ead81ac7dbda4798564ab2f7968234c8,Regarding the book 'The Private Memoirs and Confessions of a Justified Sinner': What are the names of Rabina's two son?,George and Robert,George and Robert
179,0e386fb9ead81ac7dbda4798564ab2f7968234c8,Regarding the book 'The Private Memoirs and Confessions of a Justified Sinner': In what city did the two brothers first meet?,Edinburg,Edinburgh
180,0e386fb9ead81ac7dbda4798564ab2f7968234c8,Regarding the book 'The Private Memoirs and Confessions of a Justified Sinner': What can Robert do with his appearance? ,Change it,appear wherever George is
181,0e453816e78ebb5abeaf4ea5dc283e1455fd57f9,Regarding the book 'Eugene Onegin': Who does Eugene see years later?,Tatyana.,Tatyana
182,0e453816e78ebb5abeaf4ea5dc283e1455fd57f9,Regarding the book 'Eugene Onegin': Why does Lensky challenge Onegin to a duel?,"Lensky challenges Onegin to a duel, because Onegin flirts with Olga, who is actually attracted to Onegin.",He is jealous of their flirting with eachother.
183,0e453816e78ebb5abeaf4ea5dc283e1455fd57f9,"Regarding the book 'Eugene Onegin': When Onegin and Tatyana meet in person, what explanation does Onegin give to Tatyana for his rejection of her?  ",Onegin tells Tatyana that he become bored of marriage and that he only wants to be her friend.,He tells her he would get bored of marriage.
184,0e453816e78ebb5abeaf4ea5dc283e1455fd57f9,Regarding the book 'Eugene Onegin': Who is Lensky's fiance?,Olga.,Olga
185,0e453816e78ebb5abeaf4ea5dc283e1455fd57f9,Regarding the book 'Eugene Onegin': Whom was Tatyana married to?,"An aged prince, a general.",An aged prince.
186,0e9c46e2aaab8f794dd9e636ee6e88f301a2ef78,Regarding the book 'Out of Time's Abyss': What weapon does Bradley use to kill the Wieroo King?,A sword,with the Wieroo King's sword
187,0e9c46e2aaab8f794dd9e636ee6e88f301a2ef78,Regarding the book 'Out of Time's Abyss': How is James killed?,By a Smilodon,By a Smilodon
188,0e9c46e2aaab8f794dd9e636ee6e88f301a2ef78,Regarding the book 'Out of Time's Abyss': What island does the Wieroo take Bradley?,To the island of Oo-oh,The island of Oo-oh
189,0e9c46e2aaab8f794dd9e636ee6e88f301a2ef78,"Regarding the book 'Out of Time's Abyss': What does the creature, believed to be a ghost and banshee in the beginning of the story, turn out to be?",A Wieroo,A naturally winged human being.
190,0e9c46e2aaab8f794dd9e636ee6e88f301a2ef78,Regarding the book 'Out of Time's Abyss': What does Bradley use to kill the Wieroo king?,The Weiroo king's own sword.,The Wieroo King's own sword.
191,0ebf71697ef16b7948f05a21dbf7abb34a818380,Regarding the book 'Of Human Bondage': What lifestyle does Phillip encourage Mildred to abandon?,Prositution.,prostitution
192,0ebf71697ef16b7948f05a21dbf7abb34a818380,Regarding the book 'Of Human Bondage': What did Mildred tell Phillip the first time she left him heartbroken?,That she was marrying another man.,marrying someone else
193,0ebf71697ef16b7948f05a21dbf7abb34a818380,Regarding the book 'Of Human Bondage': Who is the first romantic character introduced in this story?,Fanny Price,Mildred
194,0ebf71697ef16b7948f05a21dbf7abb34a818380,Regarding the book 'Of Human Bondage': Where did Philip meet Athelny?,At the hospital where he worked.,At a hospital
195,0ebf71697ef16b7948f05a21dbf7abb34a818380,Regarding the book 'Of Human Bondage': What does Philip's Uncle Williams' inheritance allow him to finish? ,Medical school,His medical studies.
196,0ef5efeecf9cddb676e5a2072bd4a04d085fe2fd,Regarding the book 'Elusive Isabel': What government does Thorne work for?,the Italian government,Italian Secret Service
197,0ef5efeecf9cddb676e5a2072bd4a04d085fe2fd,Regarding the book 'Elusive Isabel': The US Secret Service were trying to prevent what?,the signing of the contract,the signing of the Latin Compact
198,0ef5efeecf9cddb676e5a2072bd4a04d085fe2fd,Regarding the book 'Elusive Isabel': What was the point of the secret weapon devised by Thorne's brother?,to secure military domination,to secure military domination over the rest of the world
199,0ef5efeecf9cddb676e5a2072bd4a04d085fe2fd,Regarding the book 'Elusive Isabel': What has happened to Grimm? ,He has been captured,He was taken by conspirators.
200,0ef5efeecf9cddb676e5a2072bd4a04d085fe2fd,Regarding the book 'Elusive Isabel': Who falls in love with Thorne?,Grimm,Grimm.
201,0f849890e27fd05b9a8683d111f489515db72ea4,Regarding the book 'The Bacchae': Who is Agave and Cadmus' son?,Pentheus,Pentheus
202,0f849890e27fd05b9a8683d111f489515db72ea4,Regarding the book 'The Bacchae': What does Agave first believe the head the messenger brings back to her is?,the head of a mountain lion,mountain lion
203,0f849890e27fd05b9a8683d111f489515db72ea4,"Regarding the book 'The Bacchae': Who, in the initial story Dionysus tells, commands Zeus sends a lightening bolt on Semele?",Hera,Hera
204,0f849890e27fd05b9a8683d111f489515db72ea4,Regarding the book 'The Bacchae': How does Dionysus plan to vindicate his mother?,By appearing before Thebes as the son of Zeus.,By appearing as a God.
205,0f849890e27fd05b9a8683d111f489515db72ea4,Regarding the book 'The Bacchae': Who dresses Pentheus as a woman?,Dionysus.,Dionysus
206,0fec426130719e5a0ede16a2944f437415917462,Regarding the book 'The Formation of Vegetable Mould through the Action of Worms': What items do worms swallow to aid in digestion?,Stones,stones
207,0fec426130719e5a0ede16a2944f437415917462,Regarding the book 'The Formation of Vegetable Mould through the Action of Worms': What were Francis's and Horace's relationship to Darwin?,His sons.,Francis and Horace were Darwin's sons.
208,0fec426130719e5a0ede16a2944f437415917462,Regarding the book 'The Formation of Vegetable Mould through the Action of Worms': What do worms use to plug up their burrows?,Leaves and stones,Stones and leaves
209,0fec426130719e5a0ede16a2944f437415917462,Regarding the book 'The Formation of Vegetable Mould through the Action of Worms': How do worms disintegrate rock?,With humic acids. ,By swallowing them.
210,0fec426130719e5a0ede16a2944f437415917462,Regarding the book 'The Formation of Vegetable Mould through the Action of Worms': Worms can preservve what kind of objects underground?,ancient,ancient objects
211,105672e2bb1bcc9dd50e90822ca49a66876ac198,Regarding the book 'The Virginian (novel)': Where do the Virginian and Molly travel to?,Vermont., Traveled to the mountains and to the East and back to Vermont.
212,105672e2bb1bcc9dd50e90822ca49a66876ac198,Regarding the book 'The Virginian (novel)': What was the Virginian forced to participate in?,The hanging of his close friend who admitted to stealing cattle.,A hanging of a close friend.
213,105672e2bb1bcc9dd50e90822ca49a66876ac198,Regarding the book 'The Virginian (novel)': Who is the Virginian's love interest?,Molly Stark Wood,"Molly, the schoolteacher"
214,105672e2bb1bcc9dd50e90822ca49a66876ac198,Regarding the book 'The Virginian (novel)': Who did the Virginian do after shooting Tampas?,He left to marry Molly.,Left to marry his young bride.
215,105672e2bb1bcc9dd50e90822ca49a66876ac198,Regarding the book 'The Virginian (novel)': What makes Molly want to visit Vermont?,That is where her family lives. ,her family is there
216,11545d73892f9fedd42044f9fa098de4bf33ec18,Regarding the book 'Prester John (novel)': What is the protagonist's name?,Crawfurd,Crawfurd
217,11545d73892f9fedd42044f9fa098de4bf33ec18,Regarding the book 'Prester John (novel)': How does Henriques die?,Strangled by Laputa,strangulation
218,11545d73892f9fedd42044f9fa098de4bf33ec18,Regarding the book 'Prester John (novel)': HOW DOES LAPUTA COMMIT SUICIDE?,BY JUMPING INTO AN UNDERGROUND RIVER,he jumps into an underground river chasm
219,11545d73892f9fedd42044f9fa098de4bf33ec18,Regarding the book 'Prester John (novel)': Where does Crawfurd work as a shopkeeper?,Blaauwildebeestefontein,Blaauwildebeestefontein
220,11545d73892f9fedd42044f9fa098de4bf33ec18,Regarding the book 'Prester John (novel)': WHERE DOES CRAWFORD FIRST MEET LAPUTA?,ON THE BEACH IN KIRKCAPLE,a cave
221,11ac9bf7f55ee9d40df3c0ba117c6914dd6ed9e6,Regarding the book 'A. J. Raffles': Why was Raffle always invited to huge social events at the beginning of the story?,He was a famous cricketer ,because he was a famous cricket player
222,11ac9bf7f55ee9d40df3c0ba117c6914dd6ed9e6,Regarding the book 'A. J. Raffles': How many phases do these stories have?,Two,Two.
223,11ac9bf7f55ee9d40df3c0ba117c6914dd6ed9e6,Regarding the book 'A. J. Raffles': Who does the rich invalid turn out to be?,Raffles,Raffles.
224,11ac9bf7f55ee9d40df3c0ba117c6914dd6ed9e6,Regarding the book 'A. J. Raffles': Which collection was the first story part of?,An Amateur Cracksman,The Amateur Cracksmen
225,11ac9bf7f55ee9d40df3c0ba117c6914dd6ed9e6,Regarding the book 'A. J. Raffles': What war do they volunteer for?,The Boer War,The Boer War.
226,11bea904fdb02ad88a14a724e901f819e952784f,"Regarding the book 'Gadsby (novel)': Why did Gadsby help form the ""Organization of Youth""?",He was shocked at how his hometown was declining.,To improve the living standards of the town and rally the civic spirit of the pepople. 
227,11bea904fdb02ad88a14a724e901f819e952784f,Regarding the book 'Gadsby (novel)': What happened to Branton Hills?,"It grows from 2,000 to 60,000 people and becomes a thriving city.",It was stagnant 
228,11bea904fdb02ad88a14a724e901f819e952784f,Regarding the book 'Gadsby (novel)': Who is the narrator of the story?,Anonymous,An anonymous narrator
229,11bea904fdb02ad88a14a724e901f819e952784f,Regarding the book 'Gadsby (novel)': What style of writing does the narrator use?,Circumlocution,Natural and circumlocution 
230,11bea904fdb02ad88a14a724e901f819e952784f,Regarding the book 'Gadsby (novel)': Who is president of the United States at the end?,Warren G. Harding. ,Warren G Harding
231,11c498b404bec5dee6cbf41e54a8b682851fb934,Regarding the book 'Beyond the Black River': Who goes to warn the salt gatherers?,Conan.,Conan.
232,11c498b404bec5dee6cbf41e54a8b682851fb934,Regarding the book 'Beyond the Black River': Who is Slasher?,feral dog,a dog
233,11c498b404bec5dee6cbf41e54a8b682851fb934,Regarding the book 'Beyond the Black River': What does Conan do to the Pictish village?,He sets it on fire.,He sets it on fire.
234,11c498b404bec5dee6cbf41e54a8b682851fb934,Regarding the book 'Beyond the Black River': Where does the end of the story take place?,tavern,In a tavern
235,11c498b404bec5dee6cbf41e54a8b682851fb934,Regarding the book 'Beyond the Black River': What happens to Balthus and Slasher?,They sacrifice themselves in order to save the settlers during a Pictish attack.,they die
236,11fd944eb62dfdbf040dce9f4192dd6b6e69c352,Regarding the book 'The Jamesons': Why does Mrs. Jameson have to remove the ivy she planted on the homes?,because it was poison,Because it is poison ivy
237,11fd944eb62dfdbf040dce9f4192dd6b6e69c352,Regarding the book 'The Jamesons': What does Mrs. Jameson try to get rid of from people's parlors?,Framed coffin plates. ,framed coffin-plates
238,11fd944eb62dfdbf040dce9f4192dd6b6e69c352,Regarding the book 'The Jamesons': Who does Mrs. Jameson accept as her son-in-law?,Harry Liscom,Harry Liscom
239,11fd944eb62dfdbf040dce9f4192dd6b6e69c352,Regarding the book 'The Jamesons': What does Mrs. Jameson say rich pies cause?,insanity and dyspepsia,insanity and dyspepsia
240,11fd944eb62dfdbf040dce9f4192dd6b6e69c352,Regarding the book 'The Jamesons': What kind of lessons does Mrs. Liscom teach Harriet Liscom?,Housekeeping,housekeeping
241,120f3a2285b2a742f63b95f7e1fee5e498d08cb0,Regarding the book 'The Mysterious Island': What secret is discovered about the island?,It is Captain Nemo's hideout,It is Captain Nemo's hideout
242,120f3a2285b2a742f63b95f7e1fee5e498d08cb0,Regarding the book 'The Mysterious Island': What do they find at the sheepfold?,Ayrton and his pirates dead,Aryton
243,120f3a2285b2a742f63b95f7e1fee5e498d08cb0,Regarding the book 'The Mysterious Island': What is the name of Cyrus' dog?,Top,Top
244,120f3a2285b2a742f63b95f7e1fee5e498d08cb0,Regarding the book 'The Mysterious Island': Who is Captain Nemo's real identity?,The lost Indian Prince Dakkur,Prince Dakkar
245,120f3a2285b2a742f63b95f7e1fee5e498d08cb0,Regarding the book 'The Mysterious Island': After returning to America where do they settle?,In Iowa,Iowa
246,1225b1acc92c2554e91c09639f86c1d75f8e9161,"Regarding the book 'Pierre; or, The Ambiguities': How many corpses are at the end?",3,Three
247,1225b1acc92c2554e91c09639f86c1d75f8e9161,"Regarding the book 'Pierre; or, The Ambiguities': Who joins Pierre and Isabel when the travel to New York City?",Delly Ulver joins Pierre and Isabel.,Delly Ulver
248,1225b1acc92c2554e91c09639f86c1d75f8e9161,"Regarding the book 'Pierre; or, The Ambiguities': Who is Pierre Jr engaged to at the beginning of the story?",Pierre is engaged to Lucy Tartan.,Lucy Tartan
249,1225b1acc92c2554e91c09639f86c1d75f8e9161,"Regarding the book 'Pierre; or, The Ambiguities': Who accompanies Pierre and Isabel to New York City?",Delly Ulver.,Delly Ulver.
250,1225b1acc92c2554e91c09639f86c1d75f8e9161,"Regarding the book 'Pierre; or, The Ambiguities': What estate is Pierre the heir to?",Saddle Meadows,Saddle Meadows.
251,12d6955c88a3d48c00cde7853e47a4dcd5020b60,Regarding the book 'Elsie Venner': What is the title of this story?,Elsie Venner,Elsie Venner
252,12d6955c88a3d48c00cde7853e47a4dcd5020b60,Regarding the book 'Elsie Venner': What happenned to Elsie Venner's mother upon being snake poisoned? ,She died. ,She died
253,12d6955c88a3d48c00cde7853e47a4dcd5020b60,Regarding the book 'Elsie Venner': Why does Dick intend to marry Elsie?,To inherit his Uncle's estate,To inherit his Uncles estate
254,12d6955c88a3d48c00cde7853e47a4dcd5020b60,Regarding the book 'Elsie Venner': What is the name of the village where the school bully Abner Briggs lives.? ,Pigwacket Center. ,Pigwacket Centre
255,12d6955c88a3d48c00cde7853e47a4dcd5020b60,Regarding the book 'Elsie Venner': Why does Bernard Langdon take time away from his studies?,to earn money,To earn money as a teacher
256,12ec522e344ec19702bc8bc74d85b4e5adf2d229,Regarding the book 'Mary: A Fiction': Where does Mary travel with Ann in hopes of making her better?,Lisbon,Lisbon
257,12ec522e344ec19702bc8bc74d85b4e5adf2d229,Regarding the book 'Mary: A Fiction': What does Mary do when she hears that Henry's consumption has worsened?,She cares for him until he dies.l,She returns to his side and cares for him until he passes away.
258,12ec522e344ec19702bc8bc74d85b4e5adf2d229,Regarding the book 'Mary: A Fiction': What does Charles do immediately after he and Mary are wed?,He leaves for the Continent. ,He leaves for the Continent.
259,12ec522e344ec19702bc8bc74d85b4e5adf2d229,Regarding the book 'Mary: A Fiction': How does Mary educate herself?,using books and the natural world,Books and nature
260,12ec522e344ec19702bc8bc74d85b4e5adf2d229,Regarding the book 'Mary: A Fiction': What makes you think that Mary will have a short life?,Mary is not healthy and the story implies that she will die young.,by the last few lines of the novel.
261,1343fe0f3a4293a8d5a214cd30e857f9abe77ebb,Regarding the book 'The Tin Woodman of Oz': What did the Wicked Witch of the East enchant?,The Tin Woodman's sword,The Woodman's axe.
262,1343fe0f3a4293a8d5a214cd30e857f9abe77ebb,Regarding the book 'The Tin Woodman of Oz': Who travels to Gillikin Country with the Tin Woodman?,Woot and the Scarecrow.,The Scarecrow.
263,1343fe0f3a4293a8d5a214cd30e857f9abe77ebb,Regarding the book 'The Tin Woodman of Oz': Who tells the Tin Woodman and the the Tin Soldier where Nimmie Amee lives?,a rabbit,A rabbit
264,1343fe0f3a4293a8d5a214cd30e857f9abe77ebb,"Regarding the book 'The Tin Woodman of Oz': What is used by Whoop so that he, the Tin Woodman, the Scarecrow, and Polychrome can escape from Mrs. Yoop?  ",The magic apron which open doors and barriers.,A magic apron
265,1343fe0f3a4293a8d5a214cd30e857f9abe77ebb,Regarding the book 'The Tin Woodman of Oz': Where did the tinmen finally find their beloved Nimmie Amee?,In a cottage in Munchkin country,At the summit of Mount Munch
266,14d3ae5cbf989a9176c4ceda975b193338a2de84,"Regarding the book 'The Life and Opinions of Tristram Shandy, Gentleman': One of the jokes of the Novel is that Tristram can not? ",Explain anything simple.,cannot explain anything simply
267,14d3ae5cbf989a9176c4ceda975b193338a2de84,"Regarding the book 'The Life and Opinions of Tristram Shandy, Gentleman': Why did Tristram urinate out of the window?",His chamberpot was missing.,His chamberpot is missing.
268,14d3ae5cbf989a9176c4ceda975b193338a2de84,"Regarding the book 'The Life and Opinions of Tristram Shandy, Gentleman': At the moment of Tristram's procreation what question does his mother ask his father? ",If he remembered to wind the clock,if he remembered to wind the clock
269,14d3ae5cbf989a9176c4ceda975b193338a2de84,"Regarding the book 'The Life and Opinions of Tristram Shandy, Gentleman': At the moment of procreation, what did Tristram's mother ask his father?",If he had remembered to wind the clock.,If he wound the clock.
270,14d3ae5cbf989a9176c4ceda975b193338a2de84,"Regarding the book 'The Life and Opinions of Tristram Shandy, Gentleman': During Tristram's diffcult birth Dr. Slop's forceps did what to Tristram?",crushed his nose,nose was crushed
271,14fc0de61e9e8044764da1fb9f647d8ceb60e561,Regarding the book 'A Sentimental Journey Through France and Italy': Why does Yorick fight with the lady he shares a room with?,He makes too much noise.,Because he accidentally breaks his promise to remain silent during the night.
272,14fc0de61e9e8044764da1fb9f647d8ceb60e561,Regarding the book 'A Sentimental Journey Through France and Italy': Who was Yorick mistaken for?,The King's jester.,King's Jester 
273,14fc0de61e9e8044764da1fb9f647d8ceb60e561,Regarding the book 'A Sentimental Journey Through France and Italy': What does Yorick grab at the end of the story?,It is unclear.,Fille de chambre's
274,14fc0de61e9e8044764da1fb9f647d8ceb60e561,Regarding the book 'A Sentimental Journey Through France and Italy': Where does Yorick acquire his passport?,Count de Bitch,Versailles.
275,14fc0de61e9e8044764da1fb9f647d8ceb60e561,Regarding the book 'A Sentimental Journey Through France and Italy': In what city does Yorick begin his travels?,Calais.,Calais
276,15b1a5fe8ab222deba12f514f8a2311f901ab1d2,Regarding the book 'The Skylark of Space': What was the name of the cluster of stars they encountered ?,The green system.,The Green System
277,15b1a5fe8ab222deba12f514f8a2311f901ab1d2,Regarding the book 'The Skylark of Space': What is the name of spaceship Dick Seaton and Martin Crane piloted?,Skylark,Skylark.
278,15b1a5fe8ab222deba12f514f8a2311f901ab1d2,Regarding the book 'The Skylark of Space': Seaton and Martin create a business to do what ?,To build a space ship.,Build a spaceship
279,15b1a5fe8ab222deba12f514f8a2311f901ab1d2,Regarding the book 'The Skylark of Space': What is another faction of Earth like planet Osnome beside Mardonale?,Kondal,Kondal
280,15b1a5fe8ab222deba12f514f8a2311f901ab1d2,Regarding the book 'The Skylark of Space': Who eventually helps Seaton and his friends to rebuild their ship to get Seaton and his friends back to Earth?,The Kondalians,Kondalians
281,16380f54b88ffa64ca4cd82d3dc5481e78ad5118,Regarding the book 'The Research Magnificent': WHAT PROMISE DID WHITE GIVE TO THE DYING BENHAM?,TO WRITE HIS BOOK,To take care of his papers
282,16380f54b88ffa64ca4cd82d3dc5481e78ad5118,Regarding the book 'The Research Magnificent': Who was Amanda?,Benham's  wife,a young woman he loved passionately
283,16380f54b88ffa64ca4cd82d3dc5481e78ad5118,Regarding the book 'The Research Magnificent': Who was Benham father?,A Schoolmaster,schoolmaster
284,16380f54b88ffa64ca4cd82d3dc5481e78ad5118,Regarding the book 'The Research Magnificent': What was Benhams father's occupation?,Schoolmaster,School Master
285,16380f54b88ffa64ca4cd82d3dc5481e78ad5118,Regarding the book 'The Research Magnificent': WHAT WAS  WILLIAM BENHAM'S BIOLOGICAL FATHER'S OCCUPATION?,SCHOOLMASTER,Schoolmaster.
286,17423260aeaf5dede7a635b123708948eaa7ef4a,Regarding the book 'Five Children and It': Which wish leads to the gamekeeper meeting the children's housemaid?,their wish for wings,They wished for wings
287,17423260aeaf5dede7a635b123708948eaa7ef4a,Regarding the book 'Five Children and It': What was the kid's first wish involving the Lamb?,That someone else would take care of him.,They wished that somebody else would want him.
288,17423260aeaf5dede7a635b123708948eaa7ef4a,Regarding the book 'Five Children and It': Which nickname do the children call their baby brother?,the Lamb,The Lamb. 
289,17423260aeaf5dede7a635b123708948eaa7ef4a,Regarding the book 'Five Children and It': Who is the closest out of the children to the Psammead?,Anthea,Anthea.
290,17423260aeaf5dede7a635b123708948eaa7ef4a,Regarding the book 'Five Children and It': What happens when the children ask for a castle?,The castle gets attacked,It is under siege. 
291,1773a177343713782c2437b460f5399aae80e18c,Regarding the book 'The Golden Bowl': Who goes to America with his wife?,Adam,"Adam Verver, Maggie's father. "
292,1773a177343713782c2437b460f5399aae80e18c,Regarding the book 'The Golden Bowl': Once Maggie gets married what does she become afraid of?,Her father becoming lonely,That her father has become lonely.
293,1773a177343713782c2437b460f5399aae80e18c,Regarding the book 'The Golden Bowl': Why does Prince decline the purchase of a crystal bowl?,Prince believes it may contain a hidden flaw,hidden flaw
294,1773a177343713782c2437b460f5399aae80e18c,Regarding the book 'The Golden Bowl': What country is Adam Verver from?,America,America.
295,1773a177343713782c2437b460f5399aae80e18c,Regarding the book 'The Golden Bowl': Why does the shopkeeper visit Maggie after she buys the golden bowl?,To tell her he overcharged her for the bowl.,He feels as if he overcharged her 
296,17f2e2685467b6eebf01d2a643e31f53ea215e91,Regarding the book 'Marianela (novel)': Who does Nela believe Florentina is when she first sees het?,The Virgin Mary.,The Virgin Mary
297,17f2e2685467b6eebf01d2a643e31f53ea215e91,Regarding the book 'Marianela (novel)': What is Florentina's familial relationship to Pablo?,Florentina is Pablo's cousin,COUSIN
298,17f2e2685467b6eebf01d2a643e31f53ea215e91,Regarding the book 'Marianela (novel)': Who is Florentina?,Pablo's beautiful cousin whom he's supposed to marry.,Pablo's cousin.
299,17f2e2685467b6eebf01d2a643e31f53ea215e91,Regarding the book 'Marianela (novel)': What doctor cures Pablo's blindness?,Teodoro Golfin,Teodoro Golfin.
300,17f2e2685467b6eebf01d2a643e31f53ea215e91,Regarding the book 'Marianela (novel)': Why does La Nela die?,La Nela dies because of a broken heart,from a broken heart because pablo proposes to florentina instead of her
301,188e11abcd525cfdb83f68276a23e8de20534d3c,Regarding the book 'Amelia (novel)': Where was William originally imprisoned?,Newgate,He is originally imprisoned in Newgate.
302,188e11abcd525cfdb83f68276a23e8de20534d3c,Regarding the book 'Amelia (novel)': What does William think about Amelia after her accident?,William still finds her beautiful.,she's still beautiful
303,188e11abcd525cfdb83f68276a23e8de20534d3c,Regarding the book 'Amelia (novel)': Why did William's gambling debts get so high?,He was trying to get the family out of poverty.,because he is trying to beat poverty
304,188e11abcd525cfdb83f68276a23e8de20534d3c,Regarding the book 'Amelia (novel)': How does Amelia react to William's cheating?,Amelia forgives her husband.,she forgives him
305,188e11abcd525cfdb83f68276a23e8de20534d3c,"Regarding the book 'Amelia (novel)': After receiving the money, what does Amelia spend it on?",Getting William out of debt,her husbands debt
306,18a67c48f4afdee5d95afd681e6e1787471b5f30,Regarding the book 'The Hour of the Dragon': Conan travel into what lands on his Quest for the Heart of Ahriman?,Hyboria,Hyboria
307,18a67c48f4afdee5d95afd681e6e1787471b5f30,Regarding the book 'The Hour of the Dragon': Who defeats the Aquilonian army?,Nemedia,Conan and the rival kingdom of Nemedia
308,18a67c48f4afdee5d95afd681e6e1787471b5f30,Regarding the book 'The Hour of the Dragon': Who does the group of conspirators want to replace Conan with?,Valerius,"Valerius, heir to the prior king slain by Conan"
309,18a67c48f4afdee5d95afd681e6e1787471b5f30,Regarding the book 'The Hour of the Dragon': Why do conspirators want to depose Conan?,They want Valerius to be king.,"they want to place Valerius on the throne, as he was heir to Numedides, the king Conan had slain"
310,18a67c48f4afdee5d95afd681e6e1787471b5f30,Regarding the book 'The Hour of the Dragon': Which empire is Xaltotun from?,Pre-Hyborian empire of Acheron.,Acheron
311,1905d5891ab7c5797b3b59ccf1c206059ed73888,"Regarding the book 'King Coal': During rescue operations after the mine explosion, what are the bosses intent on recovering?",Tools and equipment. ,equipment and tools
312,1905d5891ab7c5797b3b59ccf1c206059ed73888,Regarding the book 'King Coal': Why does the United Mine Workers refuse to support the GFC worker strike? ,They claim the strike is too new and would waste union resources without widespread union support. ,they believe it's too early and they need to wait until other unions also decide to strike
313,1905d5891ab7c5797b3b59ccf1c206059ed73888,Regarding the book 'King Coal': How does Hal's relationship with Mary Burke make him feel?,He feels unloyal to his fiancĂŠe. ,Like he's being disloyal to his fiancee
314,1905d5891ab7c5797b3b59ccf1c206059ed73888,Regarding the book 'King Coal': What happened when Hal first sought employment in the coal mine industry?,He was refused employment because he was a suspected union organizer.,he was mistaken for union organizer
315,1905d5891ab7c5797b3b59ccf1c206059ed73888,Regarding the book 'King Coal': Who does Hal decide he loves at the end of the story?,Mary Burke,Mary Burke
316,1915f92c4152b867fa9bee83e61b901983f8a3ea,Regarding the book 'Sylvia's Lovers': What does Philip do while fighting in the Napoleonic Wars?,He saves Charlie's life.,He saves Kincaid's life.
317,1915f92c4152b867fa9bee83e61b901983f8a3ea,Regarding the book 'Sylvia's Lovers': How does Philip become disfigured?,An explosion,A shipboard explosion
318,1915f92c4152b867fa9bee83e61b901983f8a3ea,Regarding the book 'Sylvia's Lovers': How does impressment affect Sylvia Robson's relationship with Charlie Kinraid?,It permanently separates the two from having a relationship,She no longer loved him.
319,1915f92c4152b867fa9bee83e61b901983f8a3ea,Regarding the book 'Sylvia's Lovers': Who witnesses Charlie Kinraid being forced into the Royal Navy by a press gang?,"Sylvia's cousin, Philip.",Phillip
320,1915f92c4152b867fa9bee83e61b901983f8a3ea,Regarding the book 'Sylvia's Lovers': What cause Philip to be disfigured?,A shipboard explosion,an explosion on a ship
321,193805049ab9d8f8f745cee9d77d8d2ea8cc9a2d,Regarding the book 'The Ambassadors': Who was Marie de Vionnnet?,Jeanne's mother., lovely woman of impeccable manners
322,193805049ab9d8f8f745cee9d77d8d2ea8cc9a2d,Regarding the book 'The Ambassadors': Who does Strether's fiancĂŠ send to Paris after Strether does not return with her son?,She sends Chad's sister Sarah.,Chad's sister
323,193805049ab9d8f8f745cee9d77d8d2ea8cc9a2d,Regarding the book 'The Ambassadors': Why did Lambert Strether went to Paris?,Lambert Strether went to Paris to brought Chad back to her mother.,To get his fiancees son
324,193805049ab9d8f8f745cee9d77d8d2ea8cc9a2d,Regarding the book 'The Ambassadors': Why does Strether tell Chad not to return to America?,He realized that Chad was in a relationship with Marie and wanted them to be happy.,Strether does not want Chad to leave Marie.
325,193805049ab9d8f8f745cee9d77d8d2ea8cc9a2d,Regarding the book 'The Ambassadors': How is Sarah Pocock related to Chad?,She's his sister,She is his sister.
326,197c316d6255c3f1542b55d366023a8ce2867e16,Regarding the book 'Eugénie Grandet': How did Eugenie feel after Charles broke their engagement?,She was heart broken.,she is heartbroken
327,197c316d6255c3f1542b55d366023a8ce2867e16,Regarding the book 'Eugénie Grandet': Who does Eugenie give all of her money to?,Charles,Charles
328,197c316d6255c3f1542b55d366023a8ce2867e16,"Regarding the book 'Eugénie Grandet': Why did Guillaume send his son, Charles, to Eugenie Grandet's home in Paris?",Because he had become suicidal after he went backrupt.,So he could commit suicide
329,197c316d6255c3f1542b55d366023a8ce2867e16,Regarding the book 'Eugénie Grandet': Who does Eugenie become engaged to after Charles?,Cruchot Des Bonfons,Cruchot des Bonfons
330,197c316d6255c3f1542b55d366023a8ce2867e16,"Regarding the book 'Eugénie Grandet': Aside from the debt condition, what other condition did Eugenie want to be engaged to Cruchot des Bonfons?",To keep her a virgin after marriage.,To remain a virgin after marriage
331,19f65d45dd5159fb960036276b7cdb306dd2b029,Regarding the book 'I Will Repay (novel)': Why does Juliette get arrested instead of Deruelede when the soldiers find the papers?,Because she had Deruelede's burnt papers in her letter box,Because the papers were in her room
332,19f65d45dd5159fb960036276b7cdb306dd2b029,Regarding the book 'I Will Repay (novel)': What strategy does Juliette use to trick her way into Deroulede's house?,Juliette deliberately angers a crowd and then seeks safety by beating on Deroulede's door.,She angers a crowd of people into attacking her
333,19f65d45dd5159fb960036276b7cdb306dd2b029,Regarding the book 'I Will Repay (novel)': How old is Juliette when she swears to ruin Deroulede?,fourteen,She is fourteen
334,19f65d45dd5159fb960036276b7cdb306dd2b029,Regarding the book 'I Will Repay (novel)': What scheme is Deroulede warned about by Sir Percy?,Deroulede's scheme to free the the queen from prison.,A scheme to free the imprisoned queen
335,19f65d45dd5159fb960036276b7cdb306dd2b029,Regarding the book 'I Will Repay (novel)': How did Juliette trick her way into Deroulede's house?,Angered the crowd,By inciting the crowd and taking refuge in his home at his invitation
336,1a26b476901a0785835b0ebeecaae3a212b026ef,Regarding the book 'Orley Farm (novel)': What is Felix Graham's occupation?,A barrister/lawyer.,barrister
337,1a26b476901a0785835b0ebeecaae3a212b026ef,Regarding the book 'Orley Farm (novel)': Why does Samuel Dockwrath believe the codicil is a forgery?,The codicil witnesses do not remember signing the second deed.,He finds a second deed
338,1a26b476901a0785835b0ebeecaae3a212b026ef,Regarding the book 'Orley Farm (novel)': Why does Lady Mason give up Orley Farm?,She forged the codicil and felt guilty.,She forged the will 
339,1a26b476901a0785835b0ebeecaae3a212b026ef,Regarding the book 'Orley Farm (novel)': When do Lady Mason and Sir Peregrine Orme marry?,They do not marry.,They are engaged but never marry.
340,1a26b476901a0785835b0ebeecaae3a212b026ef,Regarding the book 'Orley Farm (novel)': Where did young Joseph Mason live with his wife?,Groby Park in Yorkshire.,Groby Park in Yorkshire.
341,1a8098e49cbf3df223c434c5d134bf9453a5a82e,"Regarding the book 'Futility, or the Wreck of the Titan': What happens to John Rowland after he is rescued after the wreck of the Titan?",He is arrested after being accused of kidnapping the girl he saved.,He is arrested for kidknapping.
342,1a8098e49cbf3df223c434c5d134bf9453a5a82e,"Regarding the book 'Futility, or the Wreck of the Titan': How does the young girl's mother reward Rowland for saving her daughter?",She has him arrested for kidnapping.,She doesn't
343,1a8098e49cbf3df223c434c5d134bf9453a5a82e,"Regarding the book 'Futility, or the Wreck of the Titan': What is the Titan?",A ship that Rowland works on.,A ship
344,1a8098e49cbf3df223c434c5d134bf9453a5a82e,"Regarding the book 'Futility, or the Wreck of the Titan': What is the name of the ship where John Rowland works?",The Titan.,Titan
345,1a8098e49cbf3df223c434c5d134bf9453a5a82e,"Regarding the book 'Futility, or the Wreck of the Titan': After recovering to a renewed life, what news does Rowland recieve?",The mothers recognition and the daughter begging for him,"a letter from his former lover, congratulating him and pleading for him to visit her and her daughter"
346,1ae5346d34d86c974f8893001ca8bd6bb99d750c,Regarding the book 'The Beautiful and Damned': Where does Anthony's money presumptively come from?,He is presumptively the heir to a tycoon's fortune.,He's heir to a tycoon's fortune
347,1ae5346d34d86c974f8893001ca8bd6bb99d750c,Regarding the book 'The Beautiful and Damned': What does Anthony's friend believe there is a place for in literature?,The Romanticist,romanticist
348,1ae5346d34d86c974f8893001ca8bd6bb99d750c,Regarding the book 'The Beautiful and Damned': Who is the story about?,Anthony Patch and his wife Gloria Gilbert,Anthony Patch and Gloria Gilbert
349,1ae5346d34d86c974f8893001ca8bd6bb99d750c,Regarding the book 'The Beautiful and Damned': What time period do Anthony and Gloria live in?,Pre World War I,1910s
350,1ae5346d34d86c974f8893001ca8bd6bb99d750c,Regarding the book 'The Beautiful and Damned': Which war did Anthony serve in?,World War I,World War 1
351,1b458192e39bd7fdf10e69d6b975844a211e72a9,Regarding the book 'Jerry of the Islands': Why did the Brits attack the village?,To retaliate against the natives for the loss of the Arangi,To get back at them for the loss of the ship.  
352,1b458192e39bd7fdf10e69d6b975844a211e72a9,Regarding the book 'Jerry of the Islands': Where did Jerry hide while the village was being destroyed by the Brits?,Jerry hid in the jungle.,The jungle
353,1b458192e39bd7fdf10e69d6b975844a211e72a9,Regarding the book 'Jerry of the Islands': What two persons were killed by the natives?,Captain Van Horn and the Skipper,The Captain and Skipper
354,1b458192e39bd7fdf10e69d6b975844a211e72a9,Regarding the book 'Jerry of the Islands': How long did Jerry and Michael spend together before they were separated?,10 days,ten days
355,1b458192e39bd7fdf10e69d6b975844a211e72a9,Regarding the book 'Jerry of the Islands': Where did he reunite with his brother 10 years later?,California,At Tulagi harbor
356,1b548ec72908f9447446bdb24e8c179df19a8999,Regarding the book 'The Knight's Tale': Who wounds Palamon with a sword?,One of Arcites men.,one of Arcite's men
357,1b548ec72908f9447446bdb24e8c179df19a8999,Regarding the book 'The Knight's Tale': What does Arcite tell Emily just before he dies?,That she should marry Palamon.,Se should marry Palamon
358,1b548ec72908f9447446bdb24e8c179df19a8999,Regarding the book 'The Knight's Tale': Why does Arcite return to Athens?,To get close to Emily.,in order to get close to Emily
359,1b548ec72908f9447446bdb24e8c179df19a8999,Regarding the book 'The Knight's Tale': Which god intervenes and prevents Arcite from claiming the hand of Emily?,Saturn.,Saturn 
360,1b548ec72908f9447446bdb24e8c179df19a8999,Regarding the book 'The Knight's Tale': What weapon is used to wound Palamon?,A sword.,sword
361,1b82b15048e60b850bcaa1a8c719cf4008d0fbb8,Regarding the book 'The Recruiting Officer': Where does Sylvia really go after speaking to her father?,Shrewsbury,Shrewsbury.
362,1b82b15048e60b850bcaa1a8c719cf4008d0fbb8,Regarding the book 'The Recruiting Officer': Who is the fortune teller?,Kite,Sergant Kite
363,1b82b15048e60b850bcaa1a8c719cf4008d0fbb8,Regarding the book 'The Recruiting Officer': What offer from Worthy was Melinda offended by?,For her to be his mistress ,To become his mistress
364,1b82b15048e60b850bcaa1a8c719cf4008d0fbb8,Regarding the book 'The Recruiting Officer': Who did Melinda accept an offer from to annoy Worthy?,Captain Brazen,Captain Brazen
365,1b82b15048e60b850bcaa1a8c719cf4008d0fbb8,Regarding the book 'The Recruiting Officer': Who does Melinda end up choosing for marriage?,Worthy. ,Worthy
366,1bf46ea21ef903f8d75bd213ea9cc39ae8f4be18,Regarding the book 'Perlycross': Why does Sir Thomas Waldron's death come as a surprise to everyone?,Because news of his illness was kept secret,He was suffering from a terminal illness and it was kept from everyone.
367,1bf46ea21ef903f8d75bd213ea9cc39ae8f4be18,Regarding the book 'Perlycross': Who has fallen in love with Dr. Fox?,Inez,Inez
368,1bf46ea21ef903f8d75bd213ea9cc39ae8f4be18,Regarding the book 'Perlycross': What does Sir Waldron tell Rev. Penniloe?,He approves of Dr. Fox marrying Inez if she likes Dr. Fox.,His approval of the Jemmy/Inez relationship.
369,1bf46ea21ef903f8d75bd213ea9cc39ae8f4be18,Regarding the book 'Perlycross': What reason does Lady Waldron believe prompted the grave robbing?,She thinks the corpse was stolen for medical purposes,Lady Waldron  think the body was taken for medical experiment.
370,1bf46ea21ef903f8d75bd213ea9cc39ae8f4be18,Regarding the book 'Perlycross': Who denied Dr. Fox's request for a meeting?,Lady Waldron,Lady Waldron
371,1c64744acb7e41887938c2e9b0cf6b2f85e92921,Regarding the book 'The Iron Heel': Who builds the public works of Asgard?,The proletarians.,the oligarchy
372,1c64744acb7e41887938c2e9b0cf6b2f85e92921,Regarding the book 'The Iron Heel': What did the revolution usher in?,The brotherhood of man,brotherhood of man 
373,1c64744acb7e41887938c2e9b0cf6b2f85e92921,Regarding the book 'The Iron Heel': What is Asgard?,A fictional wonder-city,fictional wonder-filled city
374,1c64744acb7e41887938c2e9b0cf6b2f85e92921,Regarding the book 'The Iron Heel': How did the Oligarchy want Asgard to be viewed?,With admiration and appreciation.,to be admired and appreciated
375,1c64744acb7e41887938c2e9b0cf6b2f85e92921,Regarding the book 'The Iron Heel': Who conquered Asian and gained their own empire?,Japan,Japan
376,1cb9eac7e7352cd7cac800000c09c244ae2ce13f,Regarding the book 'First Lensman': Who else do the Lensman recruit to their cause?,"They recruit a great deal of aliens, represented by a great many different species.",representative members of as many species as possible from the bizarre life forms they meet on alien planets
377,1cb9eac7e7352cd7cac800000c09c244ae2ce13f,Regarding the book 'First Lensman': Who are the only people who can make The Lens?,Only the Arisians can make the  Lens. ,the Arisians
378,1cb9eac7e7352cd7cac800000c09c244ae2ce13f,Regarding the book 'First Lensman': What do the Arisians task Samms to do?,He is to find other Lens worthy people and direct them to Arisia to recieve their own lens.,be the first entity to wear the lens of Civilization
379,1cb9eac7e7352cd7cac800000c09c244ae2ce13f,Regarding the book 'First Lensman': What is the mind altering drug the Lensmen are chasing called?,It is called Thionite.,thionite
380,1cb9eac7e7352cd7cac800000c09c244ae2ce13f,Regarding the book 'First Lensman': What do the Arisians instruct Samm to do?,To bring them those who are attuned to the Lens.,find other lens worthy individuals
381,1dcd41b8faacf141817133954ff78291593520b5,Regarding the book 'Man and Wife (novel)': In what country does the initial action take place?,Scotland,Scotland
382,1dcd41b8faacf141817133954ff78291593520b5,Regarding the book 'Man and Wife (novel)': Why didn't Hester call for help?,she can't speak,He realizes what he has done.
383,1dcd41b8faacf141817133954ff78291593520b5,Regarding the book 'Man and Wife (novel)': Who is the cook-housekeeper Geoffrey and Anne meet at the secluded cottage?,Hester Dethridge,Hester Dethridge
384,1dcd41b8faacf141817133954ff78291593520b5,Regarding the book 'Man and Wife (novel)': Why did Anne need to be married?,To save her reputation.,To save her reputation.
385,1dcd41b8faacf141817133954ff78291593520b5,Regarding the book 'Man and Wife (novel)': Why did Sir Patrick keep watch outside the cottage?,He feared Anne was in danger.,He knows the Danger Anne is in
386,1dfe627a09345ed564805313858dc89daf4a2283,Regarding the book 'Tom Swift and His Photo Telephone': Which inventions of Tom's is stolen?,His airship.,an airship
387,1dfe627a09345ed564805313858dc89daf4a2283,Regarding the book 'Tom Swift and His Photo Telephone': Why is Mr. Peters so angry with Tom?,Because Tom refuses to sell his ideas to him.,He won't sell him interest in his inventions
388,1dfe627a09345ed564805313858dc89daf4a2283,Regarding the book 'Tom Swift and His Photo Telephone': Who is operating the speeding motorboat that almost runs Tom over?,Shallock Peters.,Mr. Peters. 
389,1dfe627a09345ed564805313858dc89daf4a2283,Regarding the book 'Tom Swift and His Photo Telephone': What happens to Tom's airship?,It is stolen.,It is stolen
390,1dfe627a09345ed564805313858dc89daf4a2283,Regarding the book 'Tom Swift and His Photo Telephone': What did Mr. Peters try to buy Tom out of?,Tom's inventions.,some of his inventions
391,1e44e31fb8bb26dc8aae3ca3cd7131acb59a447f,Regarding the book 'The Cloister and the Hearth': Where did Gerard and Margaret live before setting off to Rome?,In Holland,Holland
392,1e44e31fb8bb26dc8aae3ca3cd7131acb59a447f,Regarding the book 'The Cloister and the Hearth': What did Margaret convinced Gerard to do?,Margaret convinced Gerard to come back to normal live,Stop being a hermit
393,1e44e31fb8bb26dc8aae3ca3cd7131acb59a447f,Regarding the book 'The Cloister and the Hearth': How does Margaret die?,She dies by contracting the plague.,She gets the plague
394,1e44e31fb8bb26dc8aae3ca3cd7131acb59a447f,Regarding the book 'The Cloister and the Hearth': What happen to Gerard after he received the letter from his brother?,He became poor and tried to kill himself.,he tries to kill himself
395,1e44e31fb8bb26dc8aae3ca3cd7131acb59a447f,Regarding the book 'The Cloister and the Hearth': Where does Gerard escape to at the beginning of the story?,Rome,Gerard escapes to Rome from Holland.
396,1f3c4d904224764b1305205dfa99eae47c63240b,Regarding the book 'King Solomon's Mines': Where do the Englishmen find Sir Henry's brother?,Stranded at an oasis with a broken leg.,Stranded in an oasis.
397,1f3c4d904224764b1305205dfa99eae47c63240b,Regarding the book 'King Solomon's Mines': What stranded Sir Henry's brother?,His broken leg,a broken leg
398,1f3c4d904224764b1305205dfa99eae47c63240b,Regarding the book 'King Solomon's Mines': What is Umbopa's role with the expedition?,He is the porter.,He is a porter.
399,1f3c4d904224764b1305205dfa99eae47c63240b,Regarding the book 'King Solomon's Mines': How is Gagool killed?,She is crushed by the large stone door of the mine.,she is  crush by a huge stone door
400,1f3c4d904224764b1305205dfa99eae47c63240b,Regarding the book 'King Solomon's Mines': What were the Englishmen initially using to travel?,An oxcart.,An oxcart.
401,1f72c35054e8f6072d17032074496f0a60ff493a,Regarding the book 'The Poison Belt': What does this tragedy encourage humans to do?,Put a higher value on life,humanity places a higher value on life
402,1f72c35054e8f6072d17032074496f0a60ff493a,Regarding the book 'The Poison Belt': How long was the effect of the poison on the people of the Earth?,The effect was temporary,Temporary 
403,1f72c35054e8f6072d17032074496f0a60ff493a,Regarding the book 'The Poison Belt': What was going to happen to Earth?,Earth was going to moved through a poison atmosphere.,"they were all going to die, but they miraculously reawoke"
404,1f72c35054e8f6072d17032074496f0a60ff493a,Regarding the book 'The Poison Belt': How does the group travel to London?,In Challenger's car,Car
405,1f72c35054e8f6072d17032074496f0a60ff493a,"Regarding the book 'The Poison Belt': At the end, what was humanity made to appreciate?",A higher value on life,Life
406,1fa32a0798f79e13ca92ae84eda9ab3eb12c70a4,Regarding the book 'The Call of the Wild': Where was Buck when Thornton was killed?,on a long hunt,with a wolf pack
407,1fa32a0798f79e13ca92ae84eda9ab3eb12c70a4,Regarding the book 'The Call of the Wild': Where do Francois and Perrault take Buck?,Canada's Klondike region.,THE KLONDIKE
408,1fa32a0798f79e13ca92ae84eda9ab3eb12c70a4,Regarding the book 'The Call of the Wild': How does Buck become pack leader?,by winning a fight against Spitz,BY DEFEATING THE CURRENT PACK LEADER
409,1fa32a0798f79e13ca92ae84eda9ab3eb12c70a4,Regarding the book 'The Call of the Wild': Who are the owners who mistreat and nearly starve Buck in the wilderness? ,"Hal, Charles, and Mercedes. ","MERCEDES, CHARLES AND HAL"
410,1fa32a0798f79e13ca92ae84eda9ab3eb12c70a4,Regarding the book 'The Call of the Wild': Who does Buck return as every year?,Ghost dog,the Ghost Dog of the Northland Legend
411,206ee38a1991579ed174f236490a9064e573a878,Regarding the book 'The American Senator': Who is the anti-hero of this story? ,Arabella,Arabella Trefoil
412,206ee38a1991579ed174f236490a9064e573a878,Regarding the book 'The American Senator': What does Mounser Green offer Arabella?,A marriage proposal.,marriage
413,206ee38a1991579ed174f236490a9064e573a878,Regarding the book 'The American Senator': Why doesn't Reginald initially propose marriage to Mary?,"He thinks she loves someone else, and so fears rejection.",Reginald does not propose initially to Mary as he thinks that Mary loves another and he does not want to be rejected.
414,206ee38a1991579ed174f236490a9064e573a878,Regarding the book 'The American Senator': Who does Arabella marry after John Morton dies? ,Mounser Green,Mounser Green
415,206ee38a1991579ed174f236490a9064e573a878,Regarding the book 'The American Senator': Who does Mary Master's stepmother want her to marry?,Lawrence Twentyman,She believes it would be best for Mary if she were married 
416,2101dfafc654880e081ab5d54326a0fc9d4809f2,Regarding the book 'Lilith (novel)': Who is the princess of Bulika? ,Lilith ,"Adam's first wife, Lilith "
417,2101dfafc654880e081ab5d54326a0fc9d4809f2,Regarding the book 'Lilith (novel)': What is Lilith's relationship to Raven?,Lilith is Adam's wife,Lilith's is the Ravens wife.
418,2101dfafc654880e081ab5d54326a0fc9d4809f2,Regarding the book 'Lilith (novel)': Where did Mr. Vane's grandfather refuse to sleep?,The House of Beds,a house of beds
419,2101dfafc654880e081ab5d54326a0fc9d4809f2,Regarding the book 'Lilith (novel)': Who sleeps in the house of beds?,dreamers,The dreamers sleep in the house of beds.
420,2101dfafc654880e081ab5d54326a0fc9d4809f2,Regarding the book 'Lilith (novel)': Who kills Lona?,"Lilith, her mother.",Lilith
421,216a7a5535571aae2842944a3529fae1f664cb0f,Regarding the book 'In the Reign of Terror: The Adventures of a Westminster Boy': Lebat says he will free Marie in exchange for what?,Her promise to marry him,Her marrying him.
422,216a7a5535571aae2842944a3529fae1f664cb0f,Regarding the book 'In the Reign of Terror: The Adventures of a Westminster Boy': Who is Marie's fiance?,Victor de Gisons,Victor de Gisons
423,216a7a5535571aae2842944a3529fae1f664cb0f,Regarding the book 'In the Reign of Terror: The Adventures of a Westminster Boy': How old is Harry at the beginning of the story?,16,16
424,216a7a5535571aae2842944a3529fae1f664cb0f,Regarding the book 'In the Reign of Terror: The Adventures of a Westminster Boy': On what condition does Lebat agree to freeing Marie?,If she agress to marry him,If Marie marries him.
425,216a7a5535571aae2842944a3529fae1f664cb0f,Regarding the book 'In the Reign of Terror: The Adventures of a Westminster Boy': What happens to Harry and Jeanne once they return to England?,Harry gets his medical degree and marries Jeanne.,They are married.
426,21b5f862d86b23b2ed446dcbfbfb572ba70471d0,Regarding the book 'War and the Future': What is the most esential instrument of war?,Artillery.,artillery 
427,21b5f862d86b23b2ed446dcbfbfb572ba70471d0,Regarding the book 'War and the Future': Who does Wells say developed tactics to defeat Germany?,The Allies,The allies.
428,21b5f862d86b23b2ed446dcbfbfb572ba70471d0,Regarding the book 'War and the Future': What were British officers  criticised for?,The officers were critised for their treatment of the soilders.,Their mental strength.
429,21b5f862d86b23b2ed446dcbfbfb572ba70471d0,Regarding the book 'War and the Future': What does Wells claim changes the art of war?,New technologies,Artillery
430,21b5f862d86b23b2ed446dcbfbfb572ba70471d0,Regarding the book 'War and the Future': What kind of person did Wells say was willing to accept any kind of peace?,"He called the ""yielding pacifists"".",The yielding pacifist. 
431,21f3fcbf22d864a5d6a0c3830df19459d402706c,Regarding the book 'Penguin Island (novel)': What does the missionary believe the Auks are when he finds them?,Noble pagans,Pre-Christian pagan humans. 
432,21f3fcbf22d864a5d6a0c3830df19459d402706c,Regarding the book 'Penguin Island (novel)': What real historical figures are depicted?,Columbia and Saint Augustine,Columba and St. Augustine.
433,21f3fcbf22d864a5d6a0c3830df19459d402706c,Regarding the book 'Penguin Island (novel)': What period does the narrative span from?,Migration Period (Dark Ages),From the Dark Ages through to a future time.  
434,21f3fcbf22d864a5d6a0c3830df19459d402706c,Regarding the book 'Penguin Island (novel)': Why did the Auks fight during the Migration Period?,For territory,for territory
435,21f3fcbf22d864a5d6a0c3830df19459d402706c,Regarding the book 'Penguin Island (novel)': What happens to the civilization at the end of the story?,The civilization was destryoyed.,it gets bombed.
436,2209f93b0dc6420ccff949132228eebef584f72b,Regarding the book 'Dead Souls': Why was Chichikov previously fired from his mid-level government position?,Corruption.,corruption
437,2209f93b0dc6420ccff949132228eebef584f72b,Regarding the book 'Dead Souls': What characteristics do some of the landowner display in their dealings with Chichikov?,"Greed, paranoia, corruption.","greed, corruption, and paranoia "
438,2209f93b0dc6420ccff949132228eebef584f72b,Regarding the book 'Dead Souls': About how many souls does Chichikov purchase the rights to?,Four hundred.,400
439,2209f93b0dc6420ccff949132228eebef584f72b,Regarding the book 'Dead Souls': What is the name of the General's daughter?,Ulinka.,Ulinka
440,2209f93b0dc6420ccff949132228eebef584f72b,Regarding the book 'Dead Souls': Why does Chichikov get arrested?,Because he tries to forge the signature of Khlobuyev's aunt,He tries to forge Khlobuyev's aunt's will.
441,229bcf6a72dbf68b2b074ab4266fa677da43f68d,Regarding the book 'Little Eyolf': What was the topic Alfred wanted to write about?,Responsibility,Human Responsibility
442,229bcf6a72dbf68b2b074ab4266fa677da43f68d,Regarding the book 'Little Eyolf': What happened to Eyolf?,Eyolf drowned,he is led away from home by Rat-Wife
443,229bcf6a72dbf68b2b074ab4266fa677da43f68d,Regarding the book 'Little Eyolf': Why did the Rat-Wife come to the Allmer home?,To offer them her services of rodent removal,To get rid of rodents
444,229bcf6a72dbf68b2b074ab4266fa677da43f68d,Regarding the book 'Little Eyolf': Who married Astas?,Borghejm,Borghejm
445,229bcf6a72dbf68b2b074ab4266fa677da43f68d,Regarding the book 'Little Eyolf': What is Eyolf's injury?,He is paralyzed in one of his legs.,Paralyzed leg
446,22d1af3e29dc599ec0634fe860359027adea6944,Regarding the book 'Desperate Remedies': Who does cytherea love and what is his profession?,cytherea loves edward and he is an architect,Cythera loves Edward and is a maid.
447,22d1af3e29dc599ec0634fe860359027adea6944,Regarding the book 'Desperate Remedies': What is Edwards profession? ,Local rector,Architect
448,22d1af3e29dc599ec0634fe860359027adea6944,Regarding the book 'Desperate Remedies': Who is Grayes' employer?,Miss Aldclyffe,Miss Aldclyffe
449,22d1af3e29dc599ec0634fe860359027adea6944,Regarding the book 'Desperate Remedies': Who commits sucide in the end and where?,manston commits sucide in his cell.,Manston in jail
450,22d1af3e29dc599ec0634fe860359027adea6944,Regarding the book 'Desperate Remedies': Who kills Manston?,Himself.,manston kills himself
451,22d80f4823a64ed818417fcf2d172222f0f18bbf,Regarding the book 'Little Brother (Doctorow novel)': Why does Marcus decide to rebel against the DHS?,He feels his civil rights and personal liberties are being violated.,he was wrongfully imprisoned
452,22d80f4823a64ed818417fcf2d172222f0f18bbf,"Regarding the book 'Little Brother (Doctorow novel)': What injury did Darryl accrued while being with his friend, Marcus?",He was stabbed in the crowed.,He is stabbed. 
453,22d80f4823a64ed818417fcf2d172222f0f18bbf,"Regarding the book 'Little Brother (Doctorow novel)': What is the relationship between Marcus and his principal, Mr. Benson?",Marcus and Benson do not get along.,Marcus think Benson is trying to get rid of him.
454,22d80f4823a64ed818417fcf2d172222f0f18bbf,Regarding the book 'Little Brother (Doctorow novel)': What are Marcus and his friends doing when the explosions go off?,Searching for a part for the game's scavenger hunt.,Marcus and his friends were on a scavenger hunt around the city
455,22d80f4823a64ed818417fcf2d172222f0f18bbf,Regarding the book 'Little Brother (Doctorow novel)': Who were released along with Marcus?,Vanessa and Jolu.,Jolu and Vanessa.
456,23d714a29b2f616294786c502de251845f10e4ef,Regarding the book 'The Vicar of Wakefield': Who does Arabella marry?,George.,George
457,23d714a29b2f616294786c502de251845f10e4ef,Regarding the book 'The Vicar of Wakefield': Why was George sent to prison and covered in blood?,He challenged Thornhill to a duel.,He dueled with Thornhill
458,23d714a29b2f616294786c502de251845f10e4ef,Regarding the book 'The Vicar of Wakefield': Which one of the vicar's family member's was falsely reported dead?,His daughter Olivia.,Olivia
459,23d714a29b2f616294786c502de251845f10e4ef,Regarding the book 'The Vicar of Wakefield': On whose land is the new Parish the family move to?,Squire Thornhill.,Squire Thornhill
460,23d714a29b2f616294786c502de251845f10e4ef,Regarding the book 'The Vicar of Wakefield': How does Olivia end up married to Squire Thornbill?,His intended sham marriage turns out to be real due to being tricked by a servant. ,they marry in a mock ceremony which turns out to be real.
461,23fa36d9def95414a50968d216460d52f3dd3653,Regarding the book 'All for Love (play)': When Cleopatra comes in and sees Antony dying what does she do?,Cleopatra commits suicide as soon as Antony dies. ,commits suicide
462,23fa36d9def95414a50968d216460d52f3dd3653,Regarding the book 'All for Love (play)': Why does Antony want Ventidius to kill him?,he thinks Cleopatra is dead,He thinks Cleopatra is dead.
463,23fa36d9def95414a50968d216460d52f3dd3653,"Regarding the book 'All for Love (play)': When Ventidius kills himself instead of killing Antony like Antony begged him to after finding out Cleopatra was dead, what does Antony do?",he attempts and fails at committing suicide,Try to kill himself.
464,23fa36d9def95414a50968d216460d52f3dd3653,Regarding the book 'All for Love (play)': What does Cleopatra send with Alexas to win Anthony back?,jewels and a bracelet,Jewels.
465,23fa36d9def95414a50968d216460d52f3dd3653,Regarding the book 'All for Love (play)': What does Ventidius offer Antony to get him to leave Cleopatra?,troops,Octavia
466,240ce3ba97e6969e93aa7e23bd384be181c49387,Regarding the book 'Skylark Three': What is the name of the new ship built to fight the Fenachrone?,Skylark Three is the new ship.,Skylark II
467,240ce3ba97e6969e93aa7e23bd384be181c49387,Regarding the book 'Skylark Three': What does DeQuesne plan to do after the interrogation?,Capture a Fenachrone battleship.,he plans to capture an entire Fenachrone battleship for personal use
468,240ce3ba97e6969e93aa7e23bd384be181c49387,Regarding the book 'Skylark Three': What do Dunkark and Sitar ask of Seaton?,To fight against the invasion of Urvan Natives,to stop an invasion
469,240ce3ba97e6969e93aa7e23bd384be181c49387,Regarding the book 'Skylark Three': Why didn't Seaton do anything when DuQuesne disapparead?,"Seaton was busy mastering the ""zone of fore"".",He thinks he's dead
470,240ce3ba97e6969e93aa7e23bd384be181c49387,Regarding the book 'Skylark Three': Which colony of people does Seaton destroy at the end?,The Fenachrone colony,the Fernachrone colony
471,24c8ed4f493ab62acff4da9bad5c6a1c07e4770d,Regarding the book 'The Maid of Sker': Who is Sir Philip Bampfylde searching for? ,His two grandchildren ,Looking for his grandchildren. 
472,24c8ed4f493ab62acff4da9bad5c6a1c07e4770d,Regarding the book 'The Maid of Sker': In what geographic area does the ketch Davy joins trade?,Between Barnstaple and Porthcawl.,Around Barnstaple and Porthcawl
473,24c8ed4f493ab62acff4da9bad5c6a1c07e4770d,Regarding the book 'The Maid of Sker': Who is suspected of kidnapping Phillip Bampfylde's grandchildren?,Drake Bampfylde.,Captain Drake Bamfylde
474,24c8ed4f493ab62acff4da9bad5c6a1c07e4770d,Regarding the book 'The Maid of Sker': What happens to Bardie's boat?,Davy Llewellyn keeps it for himself.,Davey Llewellyn keeps it for himself
475,24c8ed4f493ab62acff4da9bad5c6a1c07e4770d,Regarding the book 'The Maid of Sker': When does The Maid of the Sker take place?,The end of the 18th Century.,18th century. 
476,254ce2e2522625e70a10c88ef265769083049b46,Regarding the book 'The Road to Oz': How did Dorothy and Toto got home?,Ozma used magic to wished them back home.,they were wished there by a magic belt
477,254ce2e2522625e70a10c88ef265769083049b46,Regarding the book 'The Road to Oz': Who did the king took a liking to?,Button Bright.,button bright
478,254ce2e2522625e70a10c88ef265769083049b46,Regarding the book 'The Road to Oz': Who was Botton Bright? ,A cute and weatlhly little boy.,a little boy
479,254ce2e2522625e70a10c88ef265769083049b46,Regarding the book 'The Road to Oz': Who build the sand boat?,Johnny Dooit,Johnny Dooit
480,254ce2e2522625e70a10c88ef265769083049b46,Regarding the book 'The Road to Oz': What does Johnny Dooit build?,A sand boat,a sand-boat
481,25827f8dc98f34529b019ac26dda8ef7d76f241d,Regarding the book 'The Man of Feeling': Why is Harley assigned several legal guardians?,Because he loses his parents,His parents die
482,25827f8dc98f34529b019ac26dda8ef7d76f241d,Regarding the book 'The Man of Feeling': What happens to Harley after he professes his love for Miss Walton?,He dies,He dies
483,25827f8dc98f34529b019ac26dda8ef7d76f241d,Regarding the book 'The Man of Feeling': Who does Harley confess his love to?,Miss Walton.,Miss Walton
484,25827f8dc98f34529b019ac26dda8ef7d76f241d,Regarding the book 'The Man of Feeling': What does Harley give the tavern owner?,His watch ,His pocketwatch
485,25827f8dc98f34529b019ac26dda8ef7d76f241d,Regarding the book 'The Man of Feeling': What happened to Halery when he was a young kid?,He lost both of his parents.,loses his parents
486,2584ef223f762658333799d37f593530f02ada28,Regarding the book 'Le Bal de Sceaux': Why did Maximilien secretly tend a store?,To support his sick sister and brother who had departed the country.,To support his family.
487,2584ef223f762658333799d37f593530f02ada28,Regarding the book 'Le Bal de Sceaux': What is Maximilien's true identity?,He is Vicomte de Longueville and a peer of France.,Vicomte de Longueville
488,2584ef223f762658333799d37f593530f02ada28,Regarding the book 'Le Bal de Sceaux': What eventually comes of Maximilien and Emilie's relationship?,They eventually fall in love.,"They fall in love, but do not end up together."
489,2584ef223f762658333799d37f593530f02ada28,Regarding the book 'Le Bal de Sceaux': What was Ămilie's reaction to her fathers discovery?,She was horrified.,she is horrified
490,2584ef223f762658333799d37f593530f02ada28,Regarding the book 'Le Bal de Sceaux': How did Emilie feel when she is told Maximilien is a cloth merchant?,She feels horrified.,horrified
491,26118a3592e63a620bed0d65d1b0943d502e55ef,Regarding the book 'Brewster's Millions': Why did Brewster bailout a bank?,To save his landlady's account.,to save his land lady's account
492,26118a3592e63a620bed0d65d1b0943d502e55ef,Regarding the book 'Brewster's Millions': What type of Character does Brewster demonstrate through his actions?,Strong moral character,Strong moral character.
493,26118a3592e63a620bed0d65d1b0943d502e55ef,Regarding the book 'Brewster's Millions': Why Can Brewster not tell anyone ?,He is sworn to secrecy,He is sworn to secrecy
494,26118a3592e63a620bed0d65d1b0943d502e55ef,Regarding the book 'Brewster's Millions': Why does Brewster jump overboard on the cruise?,To save a drown sailor.,To save a drowning sailor.
495,26118a3592e63a620bed0d65d1b0943d502e55ef,Regarding the book 'Brewster's Millions': Who falls in love with Monty despite his financial status?,Peggy Gray.,Peggy Gray.
496,269ffd1de413e4556ac009ffabd821a869fdf75d,Regarding the book 'Doctor Pascal': What did Pascal and Coltilde have?,A baby boy,A son
497,269ffd1de413e4556ac009ffabd821a869fdf75d,Regarding the book 'Doctor Pascal': Who does Clotilde get romantically involved with?,"Pascal, her uncle","Pascal, her uncle"
498,269ffd1de413e4556ac009ffabd821a869fdf75d,Regarding the book 'Doctor Pascal': What is Rougon-Macquart?,Family tree,family names on the family tree
499,269ffd1de413e4556ac009ffabd821a869fdf75d,Regarding the book 'Doctor Pascal': What does Clotilde ask Pascal to do with his work?,She wants him to destroy it,Destroy it
500,269ffd1de413e4556ac009ffabd821a869fdf75d,Regarding the book 'Doctor Pascal': How does Clotilde initially feel about Pascal's work?,It defies God,As denying the omnipotence of God and prideful.
501,26d28abf2a82bf87357e2b62234d22b8c2bfe042,Regarding the book 'The Patchwork Girl of Oz': Who restores Unc Numkie and Dr. Pipt's wife?,The Wizard of Oz.,The Wizard of Oz.
502,26d28abf2a82bf87357e2b62234d22b8c2bfe042,Regarding the book 'The Patchwork Girl of Oz': What creature lives in Winkie County?,Yellow Butterflies,yellow butterflies
503,26d28abf2a82bf87357e2b62234d22b8c2bfe042,Regarding the book 'The Patchwork Girl of Oz': What does Powder of Life do?,Animates any object,It animates any object it touches.
504,26d28abf2a82bf87357e2b62234d22b8c2bfe042,Regarding the book 'The Patchwork Girl of Oz': What was Ojo looking for in Emerald City?,A four leaf clover.,A six-leaved clover.
505,26d28abf2a82bf87357e2b62234d22b8c2bfe042,Regarding the book 'The Patchwork Girl of Oz': How do Unc Nunkie and Dr. Pipt's wife get restored back to their living forms?,The Wizard of Oz uses his own magic,The Wizard of Oz uses restoration magic.
506,27118c9662889769c25d52ff3b870b596d743518,Regarding the book 'Troilus and Criseyde': Who does Troilus curse?,Fortune,Fortune 
507,27118c9662889769c25d52ff3b870b596d743518,Regarding the book 'Troilus and Criseyde': Who is Pandarus?,Criseyde's uncle.,Criseyde's uncle
508,27118c9662889769c25d52ff3b870b596d743518,Regarding the book 'Troilus and Criseyde': What happens to Troilus when he first learns of the plan to bed him and Cresida?,He faints,He Swoons 
509,27118c9662889769c25d52ff3b870b596d743518,Regarding the book 'Troilus and Criseyde': Who punishes Troilus for mocking love?,God of Love,The God of Love
510,27118c9662889769c25d52ff3b870b596d743518,Regarding the book 'Troilus and Criseyde': What suggestion does Troilus make to Criseyde in order for her not to be exchanged to the Greeks?,That they elope.,He suggests they elope
511,2744ec7751c610a232109e13740c308ad05c9ca0,Regarding the book 'Ivanov (play)': Who does Ivanov shoot?,Himself.,Himself.
512,2744ec7751c610a232109e13740c308ad05c9ca0,Regarding the book 'Ivanov (play)': What does Anna witness as she arrives?,"Her husband, Nikolai, kissing another woman, Sasha",Sasha and Ivanov kissing.
513,2744ec7751c610a232109e13740c308ad05c9ca0,Regarding the book 'Ivanov (play)': How many roubles does Ivanov owe Zinaida?,9000.,9000
514,2744ec7751c610a232109e13740c308ad05c9ca0,Regarding the book 'Ivanov (play)': What happens to Anna?,She dies.,she dies
515,2744ec7751c610a232109e13740c308ad05c9ca0,Regarding the book 'Ivanov (play)': Who shoots Ivanov?,He shoots himself,he shoots himself
516,295d5533ffd87d5ff68f51902e13559bac902085,Regarding the book 'The Aspern Papers': Why does the narrator go to Venice?,"to find Juliana Bordereau, an ex-love or Jeffrey Aspern",To find Juliana Bordereau.
517,295d5533ffd87d5ff68f51902e13559bac902085,Regarding the book 'The Aspern Papers': What does Tita tell the narrator he can do to get the papers?,She tells him he can have the papers if he marries her,Marry her
518,295d5533ffd87d5ff68f51902e13559bac902085,Regarding the book 'The Aspern Papers': Who is Jeffrey Aspern?,A dead American poet who has become famous,A famous and now dead American poet
519,295d5533ffd87d5ff68f51902e13559bac902085,Regarding the book 'The Aspern Papers': What does Juliana call the narrator when she finds he's trying to find the letters?,a publishing scoundrel,"A ""publishing scoundrel"" "
520,295d5533ffd87d5ff68f51902e13559bac902085,Regarding the book 'The Aspern Papers': What does that character do in the effort of getting a look at the dead poets papers?,He presents himself as a lodger and agrees to woo a spinster in the home where the poet has left papers.,Tries to court Miss Tita
521,29b3a0b4e9bd807c59912ec69f4617e1fa5c6a3e,Regarding the book 'The Way of the World': Who is able to marry who they wish in this story?,only the servants,Mirabell
522,29b3a0b4e9bd807c59912ec69f4617e1fa5c6a3e,Regarding the book 'The Way of the World': Who does Foible want Lady Wishfort to marry?,Sir Rowland,Sir Rowland
523,29b3a0b4e9bd807c59912ec69f4617e1fa5c6a3e,Regarding the book 'The Way of the World': How much money is the inheritance in question?,6000 pounds,£6000
524,29b3a0b4e9bd807c59912ec69f4617e1fa5c6a3e,Regarding the book 'The Way of the World': Whom ultimately had Waitwell arrested?,Fainall,Fainall
525,29b3a0b4e9bd807c59912ec69f4617e1fa5c6a3e,Regarding the book 'The Way of the World': Who did Mrs. Fainall have an affair with?,Mirabell,Mirabell
526,2a5fa9ea07b66ac0c558f0148e79aa8f48d2d773,Regarding the book 'Alexander's Bridge': What happens to the bridge as Bartley is stopping the work crews?,It collapses,The bridge collapses
527,2a5fa9ea07b66ac0c558f0148e79aa8f48d2d773,Regarding the book 'Alexander's Bridge': Who asks Bartley to come to Canada?,Phillip Horton,Philip Horton
528,2a5fa9ea07b66ac0c558f0148e79aa8f48d2d773,Regarding the book 'Alexander's Bridge': What does Batley give his wife for Christmas?,Pearl earrings ,Pearl earrings 
529,2a5fa9ea07b66ac0c558f0148e79aa8f48d2d773,Regarding the book 'Alexander's Bridge': Where does Bartley tell Wilson he is having trouble with a bridge?,Canada,At Christmas dinner. 
530,2a5fa9ea07b66ac0c558f0148e79aa8f48d2d773,"Regarding the book 'Alexander's Bridge': What card ga,e does Bartley gamble on on the cruise ship?",bridge,Bridge.
531,2a74184610bf91866dbdf37cba0b874dfc748a86,Regarding the book 'Cratylus (dialogue)': Socrates reject the study of language because of what point?,believed that it was better to study the things the self is better,inferior to a study of the things themselves
532,2a74184610bf91866dbdf37cba0b874dfc748a86,Regarding the book 'Cratylus (dialogue)': What was the subject of this piece?,Its a critique on the subject of naming.,The correctness of names and naming things.
533,2a74184610bf91866dbdf37cba0b874dfc748a86,Regarding the book 'Cratylus (dialogue)': What type of literary passage is this story?,This story is a literary dialogue.,It is a critique on naming.
534,2a74184610bf91866dbdf37cba0b874dfc748a86,Regarding the book 'Cratylus (dialogue)': Socrates believed that foreign origins of word changed so much that what it sounds like is?,names have been twisted to make old language sound barbarous ,lose resemblance tot he original word
535,2a74184610bf91866dbdf37cba0b874dfc748a86,Regarding the book 'Cratylus (dialogue)': Socrates believes that the best possible way to speak is using names that what?,Are like the thing that they are naming.,that are like the things they name
536,2a798779ffab17c0002f1b127c729cb0387132be,Regarding the book 'The Efficiency Expert (novel)': What happened to Bince near at the end of the story?,He committed suicide.,Elizabeth asks Torrance to take over as manager
537,2a798779ffab17c0002f1b127c729cb0387132be,Regarding the book 'The Efficiency Expert (novel)': What does Torrance suspect in the factory?,Someone is stealing,Someone is stealing.
538,2a798779ffab17c0002f1b127c729cb0387132be,Regarding the book 'The Efficiency Expert (novel)': Why did Elizabeth's father hire an efficiency expert for his company?,He was worried he was losing money.,To help him stop losing money. 
539,2a798779ffab17c0002f1b127c729cb0387132be,Regarding the book 'The Efficiency Expert (novel)': Who is framed for Elizabeth's fathers murder?,Torrance,Torrance
540,2a798779ffab17c0002f1b127c729cb0387132be,Regarding the book 'The Efficiency Expert (novel)': What did Bince end up doing after being exposed of his crimes?,He committed suicide.,He commits suicide.
541,2b5468141ef0e57d4635249e7d9d9ff6039d18f4,Regarding the book 'The Sea Hawk': Where does Oliver release the slaves he frees?,Italy. ,Italy
542,2b5468141ef0e57d4635249e7d9d9ff6039d18f4,Regarding the book 'The Sea Hawk': How are Yusuf and Oliver freed from the slave ship?,"When the Spanish galley is boarded by Muslim corsairs, Yusuf and Oliver offer to fight for the Muslims.",The galley is boarded by Muslim corsairs
543,2b5468141ef0e57d4635249e7d9d9ff6039d18f4,Regarding the book 'The Sea Hawk': What does Lionel do to his brother Oliver to avoid repercussions from Peter's death?,He has him kidnapped and sold as a slave. ,He has him kidnapped and sold into slavery.
544,2b5468141ef0e57d4635249e7d9d9ff6039d18f4,Regarding the book 'The Sea Hawk': Who helps Oliver return to England?,Jasper Leigh,Jasper
545,2b5468141ef0e57d4635249e7d9d9ff6039d18f4,Regarding the book 'The Sea Hawk': Which religion does Oliver want Jasper to convert to?,Islam.,Islam
546,2c882e70f540d28c884fcedd83fc2c893c6dcbdf,Regarding the book 'Jennie Gerhardt': What does Jennie do after her daughter passes away?,She adopts two orphans,Adopts 2 orphans and continues to love Kane.  
547,2c882e70f540d28c884fcedd83fc2c893c6dcbdf,Regarding the book 'Jennie Gerhardt': How does Vesta die?,Typhoid Fever,Typhoid fever
548,2c882e70f540d28c884fcedd83fc2c893c6dcbdf,Regarding the book 'Jennie Gerhardt': Why would Kane's family disapprove of his relationship with Jennie?,Because they are of different class,She is from a lower social class.
549,2c882e70f540d28c884fcedd83fc2c893c6dcbdf,Regarding the book 'Jennie Gerhardt': Who is Vesta?,Jennies daughter,Jennies daughter
550,2c882e70f540d28c884fcedd83fc2c893c6dcbdf,Regarding the book 'Jennie Gerhardt': What does Jennie do after Vesta's death?,She adopts two orphans.,Adopts two orphans
551,2c95f19262336fda469b8831a131c1a4fe31fd9b,Regarding the book 'Anne of Green Gables': How does Matthew die?,a heart attack,Heart attack.
552,2c95f19262336fda469b8831a131c1a4fe31fd9b,Regarding the book 'Anne of Green Gables': Why did Anne give up her scholarship to Redmond College?,To take care of Marilla after Matthew's death.,To stay at home and help visually-impaired Marilla.
553,2c95f19262336fda469b8831a131c1a4fe31fd9b,Regarding the book 'Anne of Green Gables': Anne dyes her hair green. What color was she trying to dye it?,black,Black.
554,2c95f19262336fda469b8831a131c1a4fe31fd9b,Regarding the book 'Anne of Green Gables': Where is Green Gables located?,"Avonlea, a town in Nova Scotia","Avonlea, Prince Edward Island"
555,2c95f19262336fda469b8831a131c1a4fe31fd9b,Regarding the book 'Anne of Green Gables': What Canadian province is Anne from?,Nova Scotia,Prince Edward Island
556,2cf851eeec79ada442b42d8d17d99cf24dbbb157,Regarding the book 'Bartholomew Fair (play)': Who vomits and calls for her husband? ,Madame Overdo,Mrs Overdo
557,2cf851eeec79ada442b42d8d17d99cf24dbbb157,Regarding the book 'Bartholomew Fair (play)': Whose identity is concealed as Trouble-All?,Justice Overdo and Quaralous are both disquised as Trouble-All at some point.,Quarlous
558,2cf851eeec79ada442b42d8d17d99cf24dbbb157,Regarding the book 'Bartholomew Fair (play)': What are Madame Overdo and Win masked as? ,Prostitutes,Prostitutes.
559,2cf851eeec79ada442b42d8d17d99cf24dbbb157,Regarding the book 'Bartholomew Fair (play)': When does Edgeworth get the opportunity to snatch the marriage license from from Wasp?,While Wasp is locked up after being arrested for starting a fight.,Winwife.
560,2cf851eeec79ada442b42d8d17d99cf24dbbb157,Regarding the book 'Bartholomew Fair (play)': Who is discontented with his audience?,Johnson,Johnson
561,2e3b266eda62694b15254616844a26d972f5939b,Regarding the book 'The Black Dwarf (novel)': How do Earnscliff and his party intend to force the door of Westburnflat's stronghold?,A bonfire.,using fire
562,2e3b266eda62694b15254616844a26d972f5939b,Regarding the book 'The Black Dwarf (novel)': Who was Graeme holding as a prisoner? ,Isabel Vere,Isabel Vere
563,2e3b266eda62694b15254616844a26d972f5939b,Regarding the book 'The Black Dwarf (novel)': Who did Isabel's father intend for her to marry? ,Sir Frederick Langley,Sir Frederick Langley
564,2e3b266eda62694b15254616844a26d972f5939b,Regarding the book 'The Black Dwarf (novel)': Who does the dwarf come to be known as to the neighbors?,Elshender the Recluse.,in league with the devil
565,2e3b266eda62694b15254616844a26d972f5939b,Regarding the book 'The Black Dwarf (novel)': Who did Isabel's father think had kidnapped Isabel?,Earnscliff,earnscliff
566,2ec273117d26cd70933849d2a74327d04865a790,Regarding the book 'Confessions of a Young Man': What does the confessor nearly forget after 15 years?,The English language,The english language
567,2ec273117d26cd70933849d2a74327d04865a790,Regarding the book 'Confessions of a Young Man': Why does Dayne move from Paris?,Adverse reasons,Unspecified adverse circumstances.
568,2ec273117d26cd70933849d2a74327d04865a790,Regarding the book 'Confessions of a Young Man': According to the confessor what two things mingle in fraternity?,Perfumed vice and artistic endeavor,Artistic endeavor and perfumed vice
569,2ec273117d26cd70933849d2a74327d04865a790,Regarding the book 'Confessions of a Young Man': What does Dayne study?,art and literature,Art
570,2ec273117d26cd70933849d2a74327d04865a790,Regarding the book 'Confessions of a Young Man': What does Dayne learn he is not destined to be?,A painter,A painter.
571,2f04b37c2a4ebe847ffe5927168dad8d3102acaf,Regarding the book 'The Wheels of Chance': What types of animals does Mr. Hoopdriver observe on his first holiday morning?,"Birds, a thrush and a lark.",thrushes and a lark
572,2f04b37c2a4ebe847ffe5927168dad8d3102acaf,Regarding the book 'The Wheels of Chance': Where is Mr. Hoopdriver from?,Putney.,Putney.
573,2f04b37c2a4ebe847ffe5927168dad8d3102acaf,Regarding the book 'The Wheels of Chance': What does Hoopdriver do that shows true courage?,He rebukes the travelers who insult Jessie's honor.,Rebukes people who insult Jessie's honour.
574,2f04b37c2a4ebe847ffe5927168dad8d3102acaf,Regarding the book 'The Wheels of Chance': How long does Jessie think it will take to see Mr. Hoopdriver again?,6 years.,Six years
575,2f04b37c2a4ebe847ffe5927168dad8d3102acaf,Regarding the book 'The Wheels of Chance': What is  Hoopdriver's occupation?,Hoopdriver is a draper's assistant.,DRAPERS ASSISTANT
576,3008d5b4f1072a80665533c5bfe7416e18693846,Regarding the book 'The Mad King': Who accompanies Barney on his journey from Lutha to Nebraska?,A soldier,One of his soldier friends
577,3008d5b4f1072a80665533c5bfe7416e18693846,Regarding the book 'The Mad King': Why does King Leopold feel betrayed by Barney?,He finds out that Barney has been having an affair with Princess Emma,He figures out Barney and Princess Emma's love
578,3008d5b4f1072a80665533c5bfe7416e18693846,Regarding the book 'The Mad King': Who is Barney mistaken for upon reaching Lutha?,King Leopold,The king
579,3008d5b4f1072a80665533c5bfe7416e18693846,Regarding the book 'The Mad King': Why does Barney decide to return to Lutha?,He is attacked by Prince Peter's henchmen.,To see his mother's native land
580,3008d5b4f1072a80665533c5bfe7416e18693846,Regarding the book 'The Mad King': How does the real King Leoold's story end?,Being murdered by one of his uncles henchmen,He is killed
581,3015bab88108b574f61356eaa21df5fb52f0c545,Regarding the book 'The Playboy of the Western World': What does Christy attempt to do for the second time?,Kill his father.,Kill his father.
582,3015bab88108b574f61356eaa21df5fb52f0c545,Regarding the book 'The Playboy of the Western World': Why does Christy attack his father second time?,To regain the Pegeen's love and the town's respect,to regain Peegeen's love
583,3015bab88108b574f61356eaa21df5fb52f0c545,Regarding the book 'The Playboy of the Western World': What allows Christy to become something of a town hero?,His storytelling.,The novelty of his experiences and how he recants them. 
584,3015bab88108b574f61356eaa21df5fb52f0c545,Regarding the book 'The Playboy of the Western World': What is Flaherty's relationship to Pegeen?,Flaherty is Pegeen's father.,father
585,3015bab88108b574f61356eaa21df5fb52f0c545,Regarding the book 'The Playboy of the Western World': Who ultimately saves Christy from being hung?,Mahon,His dad
586,301cb14d65a257ef05cf122e2c0635b531d6e33c,Regarding the book 'The Princess and Curdie': When did Curdie develop the ability to see inside of a person?,after the old Princess burned his hands in a rose fire,After the princess burns his hands in a magic fire.
587,301cb14d65a257ef05cf122e2c0635b531d6e33c,Regarding the book 'The Princess and Curdie': What kind of person is the king's doctor?,The king's doctor is an evil person who is trying to poison him.,A pretender
588,301cb14d65a257ef05cf122e2c0635b531d6e33c,Regarding the book 'The Princess and Curdie': What caused the pigeon Curdie shot to heal?,his belief in Irene's story,Curdie's belief in the pigeon tale
589,301cb14d65a257ef05cf122e2c0635b531d6e33c,Regarding the book 'The Princess and Curdie': Who helps Curdie save Irene's father and his kingdom?,"The old princess, who pretends to be a maid helps Curdie save the kingdom?",Lina
590,301cb14d65a257ef05cf122e2c0635b531d6e33c,Regarding the book 'The Princess and Curdie': Who nurses the King while he is ill?,Princess Irene,Irene
591,30337c485ea9d6d657be1ff17823e94b0a531550,"Regarding the book 'Martin Eden': In her rejection letter, what does Ruth write she wishes Eden had done?",Ruth writes that she wishes Eden had settled down and made something of himself.,settled down and made something of himself
592,30337c485ea9d6d657be1ff17823e94b0a531550,Regarding the book 'Martin Eden': Why does Ruth reject Eden?,Because Eden does not become wealthy and successful soon enough.  ,Eden did not settle down.
593,30337c485ea9d6d657be1ff17823e94b0a531550,Regarding the book 'Martin Eden': Why does Eden come to resent the bourgeoisie even though he becomes a wealthy member of society himself?,Because of Ruth's rejection of him for his work-class background.  ,He has already been rejected for not becoming one of them sooner.
594,30337c485ea9d6d657be1ff17823e94b0a531550,Regarding the book 'Martin Eden': How does Ruth reject Eden?,She writes him a letter of rejection.,She sends a letter.
595,30337c485ea9d6d657be1ff17823e94b0a531550,Regarding the book 'Martin Eden': What was Martin's prior profession?,Sailor.,Sailor.
596,30e4ebaa85c10ecdea85e7e7fce9c8c3e86081dc,Regarding the book 'The Awakening (Chopin novel)': What did Edna's husband do when he was worried about her mental well-being?,Talked to a doctor about diagnosing her.,He spoke to a doctor about diagnosing her.
597,30e4ebaa85c10ecdea85e7e7fce9c8c3e86081dc,Regarding the book 'The Awakening (Chopin novel)': Why does Leonce go to New York?,For business,Business 
598,30e4ebaa85c10ecdea85e7e7fce9c8c3e86081dc,Regarding the book 'The Awakening (Chopin novel)': Where was Edna on vacation at the beginning of the story?,New Mexico.,Grand Isle
599,30e4ebaa85c10ecdea85e7e7fce9c8c3e86081dc,Regarding the book 'The Awakening (Chopin novel)': Madamesoille Reisz's music represents which emotion/feeling for Edna?,Independence,Independence 
600,30e4ebaa85c10ecdea85e7e7fce9c8c3e86081dc,Regarding the book 'The Awakening (Chopin novel)': Who confesses his love for Edna?,Robert,Robert
601,311862def6b1e7d1cdf16a9b797f554e1dce866f,Regarding the book 'Jo's Boys': Who does Tommy propose to? ,Dora,Dora.
602,311862def6b1e7d1cdf16a9b797f554e1dce866f,Regarding the book 'Jo's Boys': Who is bhaer's nephew?,Emil,Emil
603,311862def6b1e7d1cdf16a9b797f554e1dce866f,Regarding the book 'Jo's Boys': What is Nan's chosen profession?,Doctor,medicine
604,311862def6b1e7d1cdf16a9b797f554e1dce866f,Regarding the book 'Jo's Boys': Who begins a musical career?,Nat,Nat
605,311862def6b1e7d1cdf16a9b797f554e1dce866f,Regarding the book 'Jo's Boys': What does Tommy do to impress his childhood sweetheart?,becomes a medical student,He becomes a medical student.
606,31783db2180c4e27c1e7f920ce9433111cc676b2,Regarding the book 'The Cossacks (novel)': Dmitri Olenin believes happiness will only come to a man who does what?,Gives constantly to others with no thought of self gratification.,gives gift with wanting nothing in return
607,31783db2180c4e27c1e7f920ce9433111cc676b2,Regarding the book 'The Cossacks (novel)': Why does Olenin propose to Maryanka?,Because Luka is dying,He loves her 
608,31783db2180c4e27c1e7f920ce9433111cc676b2,Regarding the book 'The Cossacks (novel)': Where does Olenin go to start a new life?,In the Caucasus,The Caucasus.
609,31783db2180c4e27c1e7f920ce9433111cc676b2,Regarding the book 'The Cossacks (novel)': Where is Dmitri Olenin from?,Russia ,Russia
610,31783db2180c4e27c1e7f920ce9433111cc676b2,Regarding the book 'The Cossacks (novel)': Who is the only villager who comes to see Olenin for his departure?,Eroshka.,Eroshka.
611,31c7eca71291b68f55dec4af7e61b6bcae8c5a8a,Regarding the book 'Hypatia (novel)': Why is Hypatia murdered?,Rumors were spread that she caused the unrest in the city.,people think she caused the unrest in the city
612,31c7eca71291b68f55dec4af7e61b6bcae8c5a8a,Regarding the book 'Hypatia (novel)': Where does Philammon travel to?,Alexandria.,Alexandria.
613,31c7eca71291b68f55dec4af7e61b6bcae8c5a8a,Regarding the book 'Hypatia (novel)': Why does Raphael Aben-Ezra convert to Christianity?,To win the love of Victoria.,To win Victoria's love. 
614,31c7eca71291b68f55dec4af7e61b6bcae8c5a8a,Regarding the book 'Hypatia (novel)': Who does Raphael Aben Ezra fall in love with?,Victoria.,a christian girl named Victoria
615,31c7eca71291b68f55dec4af7e61b6bcae8c5a8a,Regarding the book 'Hypatia (novel)': What is Orestes' goal?,He wants to become emperor of Egypt and Africa.,To become emperor of Egypt and Africa.
616,324c7aa534095d4c227bf6459e5d302185d96cb5,Regarding the book 'Diary of a Madman (short story)': What date has Ivanovich gone mad?,43rd of April  2000,"April 43, 2000"
617,324c7aa534095d4c227bf6459e5d302185d96cb5,Regarding the book 'Diary of a Madman (short story)': What do the letters reveal about Sophie's life?,Her engagement to another man.,She is engaged to another man.
618,324c7aa534095d4c227bf6459e5d302185d96cb5,Regarding the book 'Diary of a Madman (short story)': Who opens the carriage door?,A footman,A footman.
619,324c7aa534095d4c227bf6459e5d302185d96cb5,Regarding the book 'Diary of a Madman (short story)': To what country's throne does Poprishchin think he is an hair?,Spain,Spain.
620,324c7aa534095d4c227bf6459e5d302185d96cb5,"Regarding the book 'Diary of a Madman (short story)': Where does Poprishchin believe he is, when he's no longer in Spain?",China,In China.
621,331adcaf22f837c92a3c9ec6cc28b5a5c9689373,"Regarding the book 'Thuvia, Maid of Mars': Who is Thuvia promised to?",Kulan Tith,kulan tith
622,331adcaf22f837c92a3c9ec6cc28b5a5c9689373,"Regarding the book 'Thuvia, Maid of Mars': Which planet has marital engagements that cannot be broken?",Barsoom,barsoom
623,331adcaf22f837c92a3c9ec6cc28b5a5c9689373,"Regarding the book 'Thuvia, Maid of Mars': Who is implicated in kidnapping the princess of Mars?",Carthoris,Carthorsis
624,331adcaf22f837c92a3c9ec6cc28b5a5c9689373,"Regarding the book 'Thuvia, Maid of Mars': Whose craft is sabotaged?",Carthoris,carthoris
625,331adcaf22f837c92a3c9ec6cc28b5a5c9689373,"Regarding the book 'Thuvia, Maid of Mars': Who is the mother of Cathoris?",Dejah Thoris,Dejah Thoris
626,339a7a65cc21054c3b86fcc1b089b96ded1db7e5,Regarding the book 'The Robbers': Which brother is the favorite?,Karl. ,Karl
627,339a7a65cc21054c3b86fcc1b089b96ded1db7e5,Regarding the book 'The Robbers': How many scenes are in each act?,There are two to five scenes per act.,2 to 5
628,339a7a65cc21054c3b86fcc1b089b96ded1db7e5,Regarding the book 'The Robbers': How is the younger brother portrayed?,He is seen as cold and calculating.,"A cold, calculating villan"
629,339a7a65cc21054c3b86fcc1b089b96ded1db7e5,Regarding the book 'The Robbers': Where did the brother try to create a revolutionary anarchy?,The Bohemian Forest. ,Bohemian forest.
630,339a7a65cc21054c3b86fcc1b089b96ded1db7e5,Regarding the book 'The Robbers': Which brother is seen as the villain?,Karl.,Franz
631,33beeecef8e727e7cf85f29acb4db7e3cc683c95,Regarding the book 'The Prairie': Where does the trapped settle?,"In a Pawnee village, in a tributary of the Missouri River",A pawnee village on the Missouri river.
632,33beeecef8e727e7cf85f29acb4db7e3cc683c95,Regarding the book 'The Prairie': What do the Tetons use in an attempt to trap the family? ,a prairie fire,A ring of fire.
633,33beeecef8e727e7cf85f29acb4db7e3cc683c95,Regarding the book 'The Prairie': Which child of ishmael is discovered murdered?,"As a, his eldest son",Asa
634,33beeecef8e727e7cf85f29acb4db7e3cc683c95,Regarding the book 'The Prairie': Who wants to take Inez and Ellen as wives? ,Mahatoree,Mahtoree
635,33beeecef8e727e7cf85f29acb4db7e3cc683c95,Regarding the book 'The Prairie': How did the Trapper save everyone from the Indians?,By backfiring the prairie fire.,He lit a backfire.
636,33d7b5c04cc6220def312952b53737f1173a5936,Regarding the book 'Lothair (novel)': What is the belief Lothair's uncle who raises him?,Presbyterian,Presbyterian.  
637,33d7b5c04cc6220def312952b53737f1173a5936,Regarding the book 'Lothair (novel)': What church does Lothair almost join?,The Catholic Church,the Catholic Church
638,33d7b5c04cc6220def312952b53737f1173a5936,Regarding the book 'Lothair (novel)': What is Lothair's uncles name?,Lord Culloden,Lord Culloden
639,33d7b5c04cc6220def312952b53737f1173a5936,Regarding the book 'Lothair (novel)': In the story what does Lothair learn from the mystic in Jerusalem?,Lothair learns that there are truths in many faiths,That there is truth in many religions.
640,33d7b5c04cc6220def312952b53737f1173a5936,Regarding the book 'Lothair (novel)': Who saved Lothair according to Clare?,The Virgin Mary.,The Virgin Mary 
641,33e2da2b7d2b57cad0fa960b31444c14afeb2056,Regarding the book 'Tartuffe': Who tells Orgon and his family they have to move?,Monsieur Loyal.,Tartuffle
642,33e2da2b7d2b57cad0fa960b31444c14afeb2056,Regarding the book 'Tartuffe': Why do Orgon and Madame Pernelle like Tartuffe in the beginning?,He is pious and speaks with divine autority,his pious nature
643,33e2da2b7d2b57cad0fa960b31444c14afeb2056,Regarding the book 'Tartuffe': Who tells Orgon that Tartuffle is accusing him of a crime?,Valere.,Valere.
644,33e2da2b7d2b57cad0fa960b31444c14afeb2056,Regarding the book 'Tartuffe': What does the King do at the end of the story?,"Orders Tartuffe arrested, forgives Orgon for the letters, returns the house to the family",orders that Tartuffe be arrested
645,33e2da2b7d2b57cad0fa960b31444c14afeb2056,Regarding the book 'Tartuffe': Where did the moving order came from?,Tartuffe and the court.,Monsieur Loyal
646,344cddeff8cb90fe176ea9809fd8d3169a7dba34,Regarding the book 'Uncle Silas': Who enters the room during the murder allowing Maud to quietly escape?,Silas.,uncle silas 
647,344cddeff8cb90fe176ea9809fd8d3169a7dba34,Regarding the book 'Uncle Silas': What was the name of the stipulation laid forth in Austin Ruthy's will known as? ,a codicil,a codicil
648,344cddeff8cb90fe176ea9809fd8d3169a7dba34,Regarding the book 'Uncle Silas': What causes Silas' catatonic fits?,Opium consumption.,Too much opium consumption.
649,344cddeff8cb90fe176ea9809fd8d3169a7dba34,Regarding the book 'Uncle Silas': Why is Uncle Silas sufferng from mysterious catatonic fits? ,His massive consumtion of opium,massive opium consumption
650,344cddeff8cb90fe176ea9809fd8d3169a7dba34,Regarding the book 'Uncle Silas': Who makes several attempts to court Maud?,Dudley tries to court Maud.,dudley
651,34908951494645a49e708b68ff7cf2bb212da78e,Regarding the book 'Etidorhpa': What organization kidnaps the man?,a secret society,"A secret society, possibly the Freemasons"
652,34908951494645a49e708b68ff7cf2bb212da78e,Regarding the book 'Etidorhpa': How long ago did the events take place that The Man-Who-Did-It described?,Thirty Years ago,Thirty years ago.
653,34908951494645a49e708b68ff7cf2bb212da78e,Regarding the book 'Etidorhpa': Where is the I-Am-The-Man taken?,A cave in Kentucky,A cave in Kentucky
654,34908951494645a49e708b68ff7cf2bb212da78e,Regarding the book 'Etidorhpa': What does Drury call the man who reads his manuscript to him?,I-Am-The-Man,"""I-Am-The-Man"""
655,34908951494645a49e708b68ff7cf2bb212da78e,Regarding the book 'Etidorhpa': What giant plant is mentioned as being found underground?,Giant mushrooms.,mushrooom
656,34d16136feb3eba74060953631414400f9a3cb20,Regarding the book 'The Soul of a Bishop': What does Lady Sunderbund wish to become to Edward?,Edward's spiritual pupil.,spiritual pupil
657,34d16136feb3eba74060953631414400f9a3cb20,Regarding the book 'The Soul of a Bishop': Who wants to offer all of their wealth to help Edward build his new church?,Lady Sunderbund,Lady Sunderbund
658,34d16136feb3eba74060953631414400f9a3cb20,Regarding the book 'The Soul of a Bishop': After the vision of the Angel of God and God in the library of the Althenaeum club what does Edward decide?,he is convinced he needs to leave the church.,he has to depart from church
659,34d16136feb3eba74060953631414400f9a3cb20,Regarding the book 'The Soul of a Bishop': Whom does Edward experience a vision of in the North Library of the Athenaeum Club?,God,The Angel of God and God.
660,34d16136feb3eba74060953631414400f9a3cb20,Regarding the book 'The Soul of a Bishop': What was the total length of Bishop Scrope's spiritual crisis?,five years,Five Years
661,350c0f8265c2d1183fd9a7e2a92c748998ac8775,Regarding the book 'Pellucidar (novel)': Who invented the iron Mole?,"David's friend, Abner Perry.",Abner Perry
662,350c0f8265c2d1183fd9a7e2a92c748998ac8775,Regarding the book 'Pellucidar (novel)': What did David have to do before resuming the human war for independence?,Track down and defeat the 'sly one'.,defeat the sly one
663,350c0f8265c2d1183fd9a7e2a92c748998ac8775,Regarding the book 'Pellucidar (novel)': What did David do to his captive in Pellucidar?,He freed him.,Release him
664,350c0f8265c2d1183fd9a7e2a92c748998ac8775,Regarding the book 'Pellucidar (novel)': Who is David's love?,Dian,Dian
665,350c0f8265c2d1183fd9a7e2a92c748998ac8775,Regarding the book 'Pellucidar (novel)': Who invented the Iron Mole?,Abner Perry,Abner Perry 
666,3513ebaa62106c8e80a0c9723eb456f28950adb8,Regarding the book 'Woodstock (novel)': What happens after Richard is abdicated?,the Proctectorate was abolished and the country turns into chaos,chaos in the country
667,3513ebaa62106c8e80a0c9723eb456f28950adb8,Regarding the book 'Woodstock (novel)': What battle did Albert die in?,Dunkirk.,The battle of Dunkirk.
668,3513ebaa62106c8e80a0c9723eb456f28950adb8,Regarding the book 'Woodstock (novel)': Whose voice did everard hear in the dark gallery?,His cousins voice.,His cousin's
669,3513ebaa62106c8e80a0c9723eb456f28950adb8,Regarding the book 'Woodstock (novel)': What does Alice warn her lover?,That he shouldn't betray the king.,against betraying the king
670,3513ebaa62106c8e80a0c9723eb456f28950adb8,Regarding the book 'Woodstock (novel)': Who was Everard made prisoner by?,Cormwell,Oliver Cromwell. 
671,3620f82c20f8fbccf5690bb0539c6c61147a3da1,Regarding the book 'The Monastery': Where were Sir Piercie and Mysie shipped off to?,Flanders.,Flanders
672,3620f82c20f8fbccf5690bb0539c6c61147a3da1,Regarding the book 'The Monastery': Why did Christie bring Henry?,Henry needed to be dealt with as a heretic,to be tried for heresey
673,3620f82c20f8fbccf5690bb0539c6c61147a3da1,Regarding the book 'The Monastery': What happened to Dame Elspeth's husband?,He died in the battle of Pinkie,He fell in the battle of Pinkie.
674,3620f82c20f8fbccf5690bb0539c6c61147a3da1,Regarding the book 'The Monastery': Who took the bible from the Father Philip?,The spectral white lady.,The White Lady
675,3620f82c20f8fbccf5690bb0539c6c61147a3da1,Regarding the book 'The Monastery': Where did Sir Piercie and Mysie get sent to?,Flanders,Flanders
676,36aeff55596623a6b66445379010c2a762ef920f,Regarding the book 'The Mystery of the Yellow Room': What was Frederic Larsan's occupation?,Police detecive,Police detective
677,36aeff55596623a6b66445379010c2a762ef920f,Regarding the book 'The Mystery of the Yellow Room': Whose daughter was found nearly critically injured?,Professor Joseph Stangerson,Professor Joseph Stangerson
678,36aeff55596623a6b66445379010c2a762ef920f,Regarding the book 'The Mystery of the Yellow Room': Where were Ballmeyer and Mathilde married?,United States,The United States
679,36aeff55596623a6b66445379010c2a762ef920f,Regarding the book 'The Mystery of the Yellow Room': What was Professor Stengerson researching?,Matter dissociation,Matter dissociation
680,36aeff55596623a6b66445379010c2a762ef920f,Regarding the book 'The Mystery of the Yellow Room': Who is the main character in the story?,Rouletabille,Joseph Rouletabille
681,36ed923f4e2c148dc5dc3570efaf847163619091,Regarding the book 'The Haunted Bookshop': What was the pharmacist's special ability?,Making bombs,He made  bombs
682,36ed923f4e2c148dc5dc3570efaf847163619091,Regarding the book 'The Haunted Bookshop': Who was killed in the bookstore bombing?,The pharmacists partner and Mr. Mifflin's dog.,The assistant chef from Octagon Hotel
683,36ed923f4e2c148dc5dc3570efaf847163619091,Regarding the book 'The Haunted Bookshop': How does the pharmacist get into the bookstore at night?,He has his own key.,He lets himself in with his own key.
684,36ed923f4e2c148dc5dc3570efaf847163619091,Regarding the book 'The Haunted Bookshop': What was the pharmacist?,German spy,A German spy.
685,36ed923f4e2c148dc5dc3570efaf847163619091,Regarding the book 'The Haunted Bookshop': What was the pharmacist's real identity? ,He was a German spy,A German spy.
686,37aa5b62014dc2e1e6f7202fed40f51c34dd680d,Regarding the book 'The Abbot': Who was killed by Sir John Foster?,Julian Avenel.,Julian Avenel
687,37aa5b62014dc2e1e6f7202fed40f51c34dd680d,Regarding the book 'The Abbot': Where is Lord Seyton's castle located?,West Lothian,West Lothian
688,37aa5b62014dc2e1e6f7202fed40f51c34dd680d,Regarding the book 'The Abbot': Who had been evicted from the monastary?,Father Ambrose.,Father Ambrose
689,37aa5b62014dc2e1e6f7202fed40f51c34dd680d,Regarding the book 'The Abbot': Who guarded the queen during the battle?,George Douglas,George Douglas
690,37aa5b62014dc2e1e6f7202fed40f51c34dd680d,Regarding the book 'The Abbot': Where is Lord Seyton's castle located? ,West Lothian,West Lothian
691,37fa67ed55fc62766b9a5f0edcafcc360131aebb,Regarding the book 'Women in Love': What is Ursula's profession?,Teacher,Teacher
692,37fa67ed55fc62766b9a5f0edcafcc360131aebb,"Regarding the book 'Women in Love': With a life beset with tragedy, what finally happened to Gerald? ",Gerald dies in his sleep in a snowy valley,He froze to death 
693,37fa67ed55fc62766b9a5f0edcafcc360131aebb,Regarding the book 'Women in Love': Where to Ursula and Gudrun live?,The Midland's of England,the Midlands in England
694,37fa67ed55fc62766b9a5f0edcafcc360131aebb,Regarding the book 'Women in Love': Who is Gerald jealous of?,Loerke,Gudrun
695,37fa67ed55fc62766b9a5f0edcafcc360131aebb,Regarding the book 'Women in Love': Who does Gudrun begin an intense relationship with?,Loerke,Loerke
696,3814678082b0220670ba08375b01665e7cd1c56d,"Regarding the book 'Hans Brinker, or The Silver Skates': What country is Hans from?",Holland,Holland
697,3814678082b0220670ba08375b01665e7cd1c56d,"Regarding the book 'Hans Brinker, or The Silver Skates': After Mr. Brinker's surgery what event further changes the Brinkers' fortune?",The recovery of Mr. Brinker's savings.,Mr. Brinker recovers money that the family thought was lost or stolen a decade earlier.
698,3814678082b0220670ba08375b01665e7cd1c56d,"Regarding the book 'Hans Brinker, or The Silver Skates': What gesture moves Dr. Boekman to perform Mr. Brinker's surgery for free?",Hans' gesture of trying to pay for the surgery with the money he saved up for the steel skates. ,Hans offers his own money that he had been saving for skates
699,3814678082b0220670ba08375b01665e7cd1c56d,"Regarding the book 'Hans Brinker, or The Silver Skates': What month of the year does the race take place?",December,December
700,3814678082b0220670ba08375b01665e7cd1c56d,"Regarding the book 'Hans Brinker, or The Silver Skates': Why is Dr. Boekman gruff in nature?",The doctor is gruff because his wife dies and his son disappeared.,he has lost his wife and his son has disappeared 
701,3988c295053fe9eb18747b735259fe78a7e760fd,Regarding the book 'Indiscretions of Archie': How much money did Archie bet?,$1000.,$1000
702,3988c295053fe9eb18747b735259fe78a7e760fd,"Regarding the book 'Indiscretions of Archie': In the story, what upsets Lucille about Archie?",How much attention he pays to an actress,paying too much atttention to an actress
703,3988c295053fe9eb18747b735259fe78a7e760fd,Regarding the book 'Indiscretions of Archie': In what city does this story take place?,New York Cty,New York
704,3988c295053fe9eb18747b735259fe78a7e760fd,Regarding the book 'Indiscretions of Archie': What war has Archie fought in?,WWI.,World war I.
705,3988c295053fe9eb18747b735259fe78a7e760fd,Regarding the book 'Indiscretions of Archie': What is the name of the hotel Archie criticizes?,The Cosmopolis Hotel.,Cosmopolis
706,39ab35eb8bdecda3cfd79433774fc63c7c699171,Regarding the book 'The Shuttle (novel)': Who fights Sir Nigel after he tries to bully Bettina into leaving?,Mount Dunstan,Mount Dunstan.
707,39ab35eb8bdecda3cfd79433774fc63c7c699171,Regarding the book 'The Shuttle (novel)': Why is Mount Dunstan not well respected within his neighborhood?,He was not respected because his father and brother were not reputable people.,his father and brother
708,39ab35eb8bdecda3cfd79433774fc63c7c699171,Regarding the book 'The Shuttle (novel)': Why was Sir Nigel attracted to Rosalie?,Her father was a millionaire,She is an heiress 
709,39ab35eb8bdecda3cfd79433774fc63c7c699171,Regarding the book 'The Shuttle (novel)': Where does Bettina go after wondering for a decade why Rosalie has not contacted the family?,Bettina travels to Stornham court to investigate.,To visit Rosalie and Stornham Court.
710,39ab35eb8bdecda3cfd79433774fc63c7c699171,Regarding the book 'The Shuttle (novel)': What does Sir Nigel come to New York looking for?,an heiress,A mistress
711,39c4fffc8734283d7bd491285d24b55a110c71ba,Regarding the book 'Agatha Christie': What did John Curran do to Brian Aldiss' assertion about Christie's writing style?,He contradicted it in his book,He contradicted what Aldiss said.
712,39c4fffc8734283d7bd491285d24b55a110c71ba,Regarding the book 'Agatha Christie': What is considered the basic mystery structure?,A murder with multiple suspects with secrets and a detective who unravels the suspects secrets with a shocking twist at the end,"Murder committed, multiple suspects, secrets, detective uncovers secrets, shocking twists in the end"
713,39c4fffc8734283d7bd491285d24b55a110c71ba,Regarding the book 'Agatha Christie': Which of Agatha Christie's stories had all of the suspects end up being guilty?,Murder on the Orient Express ,Murder on the Orient Express
714,39c4fffc8734283d7bd491285d24b55a110c71ba,"Regarding the book 'Agatha Christie': In typical Christie mystery structure, during what part of the story did the detective uncover the most shocking twists?",Toward the end,the end
715,39c4fffc8734283d7bd491285d24b55a110c71ba,Regarding the book 'Agatha Christie': What is the first step in the classic mystery structure Christie is known for?,a murder is committed,a murder is committed 
716,39f84e28b86e98049044ff10d8988d66204d8e21,Regarding the book 'The Metal Monster': Who commands the Metal Monster?,Norhala.,Metal Emperor
717,39f84e28b86e98049044ff10d8988d66204d8e21,Regarding the book 'The Metal Monster': Who controls the Things?,Norhala,Norhala
718,39f84e28b86e98049044ff10d8988d66204d8e21,Regarding the book 'The Metal Monster': Who is the group saved by?,Norhala.,Norhala.
719,39f84e28b86e98049044ff10d8988d66204d8e21,Regarding the book 'The Metal Monster': What happens when Martin tries to shoot the Metal Emperor ?,The Metal Emperor fires a ray blast leaving Martin comatose,Put into a coma
720,39f84e28b86e98049044ff10d8988d66204d8e21,Regarding the book 'The Metal Monster': What does Martin do in order to try to save Ruth?,He tries shooting the Metal Emperor.,He tries to shoot the Emporer
721,39fcd8f28d3cf91de459a71953a9ecaaea9f82b5,Regarding the book 'Manalive': Who does Innocent shoot at?,Dr. Herbert Warner,Dr. Herbert Warner
722,39fcd8f28d3cf91de459a71953a9ecaaea9f82b5,Regarding the book 'Manalive': Who is Gray the paid compaion to?,Rosamund Hunt,Rosamund Hunt
723,39fcd8f28d3cf91de459a71953a9ecaaea9f82b5,Regarding the book 'Manalive': What is the name of the court that Innocent creates?,High court of Beacon,The High Court of Beacon
724,39fcd8f28d3cf91de459a71953a9ecaaea9f82b5,Regarding the book 'Manalive': What charges is Smith wanted on?,"burglury, desertion of a spouse, polygamy, attempted murder","burglary, spouse desertion, polygamy and attempted murder"
725,39fcd8f28d3cf91de459a71953a9ecaaea9f82b5,Regarding the book 'Manalive': Why does Smith fire bullets at people? ,To help them to value their lives,To make them value life
726,3add9dffaf9e59148643f2e6e2a3032ef36aad29,Regarding the book 'The Pillars of Society': What is Johans' sisters name?,Lona,Lona
727,3add9dffaf9e59148643f2e6e2a3032ef36aad29,Regarding the book 'The Pillars of Society': What is the name of the ship that is being repaired?,The Indian Girl,Indian Girl
728,3add9dffaf9e59148643f2e6e2a3032ef36aad29,Regarding the book 'The Pillars of Society': Who was Bernick once in love with?,Lona,Lona.
729,3add9dffaf9e59148643f2e6e2a3032ef36aad29,Regarding the book 'The Pillars of Society': Who does Tonnesen fall in love with when he returns?,Dina Dorf,Dina Dorf
730,3add9dffaf9e59148643f2e6e2a3032ef36aad29,Regarding the book 'The Pillars of Society': Who isKarsten Bernick?,Dominant business man.,Businessman in Norway
731,3b017861cf026262a8fa4a2027a51f3218d38b13,Regarding the book 'Armadale (novel)': What does Midwinter do after Lydia's passing?,becomes a writer,he becomes a writer
732,3b017861cf026262a8fa4a2027a51f3218d38b13,Regarding the book 'Armadale (novel)': How does the desperado attempt to murder Allan?,By drowning him in a shipwreck.,The desperado attempts to kill Allan by drowning him in a shipwreck.
733,3b017861cf026262a8fa4a2027a51f3218d38b13,Regarding the book 'Armadale (novel)': Why does Lydia want to marry Allan?,as a means of achieving retribution for his family's wrongdoings,for his fortune
734,3b017861cf026262a8fa4a2027a51f3218d38b13,Regarding the book 'Armadale (novel)': Why does Lydia Gwilt want to marry Allan?,Retribution for supposed family wrongdoings,To get retribution for his family's wrongdoings. 
735,3b017861cf026262a8fa4a2027a51f3218d38b13,Regarding the book 'Armadale (novel)': How does Lydia kill herself?,She goes into the poisonous gas-filled room.,She walks into an air-poisoned room.
736,3b44f7e2fd553e6026c16fac3b179346a49647a3,Regarding the book 'Edward II (play)': What's the name of the castle that the prisoner King is taken to?,Berkley Castle,Berkeley Castle
737,3b44f7e2fd553e6026c16fac3b179346a49647a3,Regarding the book 'Edward II (play)': Where does Edward take refuge after losing at Bannockburn?,Neath Abbey,Neath Abbey
738,3b44f7e2fd553e6026c16fac3b179346a49647a3,Regarding the book 'Edward II (play)': Who are the two nobles who persecuted Gaveston?,Warwick and Landcaster,Warwick and Lancaster
739,3b44f7e2fd553e6026c16fac3b179346a49647a3,Regarding the book 'Edward II (play)': Who kills Edward?,Lightborn,Lightborn
740,3b44f7e2fd553e6026c16fac3b179346a49647a3,Regarding the book 'Edward II (play)': Why did Lightburn kill the king?,Because he would not fall to deception,he knew that the king would not fall for his deception
741,3b8b81b1451f953bfb01844ddd98542956290829,"Regarding the book 'Robur the Conqueror': The Go-Ahead drops out of the sky, when her gas bags rupture, what does the story say it looks like?",A rapidly descending kite,a rapidly descending kite
742,3b8b81b1451f953bfb01844ddd98542956290829,"Regarding the book 'Robur the Conqueror': When the Weldon Institute members, who had been held captive by Robur, escape, what changes did they make to the Go-ahead upon their return to Philidelphia?",They put one propeller in the front and one in the back.,"They decide to have two propellers rather than just one, one on the front and one behind, similar to Robur's machine."
743,3b8b81b1451f953bfb01844ddd98542956290829,Regarding the book 'Robur the Conqueror': What is the name of Robur's ship?,The Albatross.,the Albatross
744,3b8b81b1451f953bfb01844ddd98542956290829,"Regarding the book 'Robur the Conqueror': What is the name of the ""lighter than air"" craft that the Weldon Institute has?",The Go-Ahead,Go-ahead
745,3b8b81b1451f953bfb01844ddd98542956290829,Regarding the book 'Robur the Conqueror': What does Robur eventually do with the 3 men?,return them to the ground,rescued and return the 3 men to the ground
746,3bbc2ac0b3ad1f68b4d7cf3d27e26a06268a80d1,Regarding the book 'Quality Street (play)': What is Valentines announcement to Pheobe?,That he is fighting in Europe against Napoleon,he will join the fight against Napoleon
747,3bbc2ac0b3ad1f68b4d7cf3d27e26a06268a80d1,Regarding the book 'Quality Street (play)': Why does Phoebe become irritated with Captain Brown at the ball?,Because he seems to prefer the ficticious Miss Livvy's personality to her own.,because he prefers this silly flirtatious character she is playing to her true self
748,3bbc2ac0b3ad1f68b4d7cf3d27e26a06268a80d1,Regarding the book 'Quality Street (play)': What does Captain Brown do when he learns of the disguise?,Tries to set right all the wrongs.,He sets out to right all wrongs
749,3bbc2ac0b3ad1f68b4d7cf3d27e26a06268a80d1,Regarding the book 'Quality Street (play)': Who is Patty?,Phoebe's maid.,Phoebe's maid.
750,3bbc2ac0b3ad1f68b4d7cf3d27e26a06268a80d1,Regarding the book 'Quality Street (play)': At the beginning of the story Miss Phoebe is in a relationship with whom?,Valentine Brown.,Valentine Brown
751,3c3dcc7b23c9b81de635e563ed1ee52b52a895c0,Regarding the book 'When William Came': In what army are the un-military British excused from serving in?,The Kaiser's armies,The Kaiser's 
752,3c3dcc7b23c9b81de635e563ed1ee52b52a895c0,Regarding the book 'When William Came': Who is the leader of the Armies in london?,Kaiser,Kaiser's
753,3c3dcc7b23c9b81de635e563ed1ee52b52a895c0,Regarding the book 'When William Came': What does the hostess tell the hero she must do?,Register his presence under the roof with the police,register his presence in her home with the police
754,3c3dcc7b23c9b81de635e563ed1ee52b52a895c0,Regarding the book 'When William Came': Why is the hero fined?,Walking on the grass in Hyde Park.,For walking on the grass in Hyde Park
755,3c3dcc7b23c9b81de635e563ed1ee52b52a895c0,Regarding the book 'When William Came': What does the Imperial Rescript announce?,That the British are excused from serving in the Kaiser's armies. ,The British are excused from serving in the Kaiser's armies. 
756,3c55bc1a4ea2c18df8939f9e849eef88150088dd,Regarding the book 'The Condition of the Working Class in England': How much higher was mortality from disease related convulsions in the english countryside?,About ten times higher.,ten times as high
757,3c55bc1a4ea2c18df8939f9e849eef88150088dd,Regarding the book 'The Condition of the Working Class in England': What audience did Engels originally attempt to address?,Germans,a German audience
758,3c55bc1a4ea2c18df8939f9e849eef88150088dd,Regarding the book 'The Condition of the Working Class in England': Who is Engels?,The eldest son of textile industrialist,"eldest son of a successful German textile industrialist, and got involved with radical journalism during his formative years"
759,3c55bc1a4ea2c18df8939f9e849eef88150088dd,"Regarding the book 'The Condition of the Working Class in England': How many children in Carlisle (out of 1,000) died before the age of five after the introduction of mills?","4,738","4,408"
760,3c55bc1a4ea2c18df8939f9e849eef88150088dd,Regarding the book 'The Condition of the Working Class in England': What did Engels argue?,That the Industrial Revolution made workers worse off.,That the industrial revolution made workers worse off.
761,3c9d16f6b7dc853083ec5820b989205ab9943fca,Regarding the book 'La Faute de l'Abbé Mouret': What happens to Serge for him to be placed in La Paradou?,He collapses into a near comatose state.,albine begins to take care of him
762,3c9d16f6b7dc853083ec5820b989205ab9943fca,Regarding the book 'La Faute de l'Abbé Mouret': What happens to Albine and Serge at Le Paradou?,They fall in love.,The live a blissful life.
763,3c9d16f6b7dc853083ec5820b989205ab9943fca,Regarding the book 'La Faute de l'Abbé Mouret': Who was the parish priest for village of Artauds?,Serge Mouret,Serge Mouret
764,3c9d16f6b7dc853083ec5820b989205ab9943fca,Regarding the book 'La Faute de l'Abbé Mouret': What relation is Pascal Rougon to Serge?,Pascal is a distant cousin.,Distant
765,3c9d16f6b7dc853083ec5820b989205ab9943fca,Regarding the book 'La Faute de l'Abbé Mouret': What is Serge suffering from when he wakes up?,Amnesia,Amnesia
766,3d20c51d711c74ec6eedf15e7550f70ed6d17e6f,Regarding the book 'Wieland (novel)': Which character becomes a farmer in the countryside?,Carwin,Carwin.
767,3d20c51d711c74ec6eedf15e7550f70ed6d17e6f,Regarding the book 'Wieland (novel)': What did his delusion with religion cause James to do?,It led him to kill his family.,Murder his wife and Children.
768,3d20c51d711c74ec6eedf15e7550f70ed6d17e6f,Regarding the book 'Wieland (novel)': When did Theodore finally come to his sense?,When Carwin used his ability as a biloquist to tell him to stop.,Carwin uses his vocal abilities to tell Theodore that he shouldn't have listened to the voices.
769,3d20c51d711c74ec6eedf15e7550f70ed6d17e6f,"Regarding the book 'Wieland (novel)': What does Carwin plan to do to Clara, before realizing that she's protected by a supernatural force?",Rape Her,Rape her.
770,3d20c51d711c74ec6eedf15e7550f70ed6d17e6f,Regarding the book 'Wieland (novel)': What happened to Theodore in the end?,Carwin used his voice throwing to make Theodore kill himself.,He killed himself
771,3d59cad31537c384e1fde9cc33c518595115a621,Regarding the book 'Lady Anna (novel)': Who does Lady Lovel try to kill?,Daniel.,Daniel Thwaite
772,3d59cad31537c384e1fde9cc33c518595115a621,Regarding the book 'Lady Anna (novel)': How did Lady Lovel feel about the new earl's proposal?,She liked the idea.,Enthusiastic
773,3d59cad31537c384e1fde9cc33c518595115a621,Regarding the book 'Lady Anna (novel)': Where does Earl Lovel die?,England.,England
774,3d59cad31537c384e1fde9cc33c518595115a621,Regarding the book 'Lady Anna (novel)': Why does Lady Lovel wound Daniel?,She doesn't want him to marry her daughter.,In an attempt to murder him so he could not marry Lady Anna.
775,3d59cad31537c384e1fde9cc33c518595115a621,Regarding the book 'Lady Anna (novel)': What time period is the story set in?,1830s,The 1830's.
776,3dddbcc83358a72adfd1c957ae3cbfc1d194a143,Regarding the book 'The Marriage of William Ashe': Where do Kitty and Ashe go to recover her health after their son died?,Italy,Italy 
777,3dddbcc83358a72adfd1c957ae3cbfc1d194a143,Regarding the book 'The Marriage of William Ashe': Where do Kitty and Ashe go after the death of their son?,Italy.,Italy
778,3dddbcc83358a72adfd1c957ae3cbfc1d194a143,Regarding the book 'The Marriage of William Ashe': Whose charm draws influential men to Lady Kitty?,Madam d'Estrees,Madam d'Estrees
779,3dddbcc83358a72adfd1c957ae3cbfc1d194a143,Regarding the book 'The Marriage of William Ashe': Who does William Ashe propose to?,Lady Kitty Bristol,Lady Kitty Bristol
780,3dddbcc83358a72adfd1c957ae3cbfc1d194a143,Regarding the book 'The Marriage of William Ashe': WHERE WAS ASHE WHEN KITTY RAN OFF WITH CLIFFE?,BACK IN ENGLAND,trying to suppress a book Kitty wrote
781,3e1d81664f7e7386e7b392ba670be09e3cf857ab,"Regarding the book 'Rainbow Valley': Where do the Blythes, Merediths and Mary Vance often gather and play?",Rainbow Valley,Rainbow Valley. 
782,3e1d81664f7e7386e7b392ba670be09e3cf857ab,Regarding the book 'Rainbow Valley': What is Mr. Meredith's job?,Minister,minister
783,3e1d81664f7e7386e7b392ba670be09e3cf857ab,Regarding the book 'Rainbow Valley': Anne returns from a trip to London to find news?,A new minister has arrived in Glen Saint Mary.,a new minister has arrived
784,3e1d81664f7e7386e7b392ba670be09e3cf857ab,Regarding the book 'Rainbow Valley': What promise did Rosemary and Ellen make to each other?,Never to leave each other after their parents deaths,Never to leave each other alone. 
785,3e1d81664f7e7386e7b392ba670be09e3cf857ab,Regarding the book 'Rainbow Valley': Where does Una faint after fasting?,The church,church
786,3e6619168f67d135d8d3215e064e5d814168adc1,Regarding the book 'Copyright Act of 1976': What kind of change came from rewording section 102 in the US?,A significant change,Works that were in a tangible medium were protected under the law after the revision.
787,3e6619168f67d135d8d3215e064e5d814168adc1,Regarding the book 'Copyright Act of 1976': What type of creativity does Section 102 of the Copyright Act of 1976 not protect?,intangible ideas or processes,"Any idea, process, procedure, concept, system, principle, or method."
788,3e6619168f67d135d8d3215e064e5d814168adc1,Regarding the book 'Copyright Act of 1976': Which act solely protected original works?,The Act of 1909,copyright act of 1909
789,3e6619168f67d135d8d3215e064e5d814168adc1,Regarding the book 'Copyright Act of 1976': When was the last significant revision to US copyright law made before 1976?,1909,1909
790,3e6619168f67d135d8d3215e064e5d814168adc1,Regarding the book 'Copyright Act of 1976': What is the title of this story?,Copyright Act of 1976,Copyright Act of 1976
791,3e7f4a7762e1820edce17e273d8d03791647c9ae,Regarding the book 'The Odd Women': What is Monica's relationship with Bevis?,They are having an affair/lovers.,Wife
792,3e7f4a7762e1820edce17e273d8d03791647c9ae,Regarding the book 'The Odd Women': What is the conventional response Rhoda gives to Everard when he asks to live in free-union?,That she wants to be legally married,She asks to be with him in a legal union.
793,3e7f4a7762e1820edce17e273d8d03791647c9ae,Regarding the book 'The Odd Women': Where is Widdowson's rented house that Monica and her sisters move to?,Clevedon,London
794,3e7f4a7762e1820edce17e273d8d03791647c9ae,Regarding the book 'The Odd Women': What happens to Monica after giving birth to her baby?,She dies.,She dies.
795,3e7f4a7762e1820edce17e273d8d03791647c9ae,Regarding the book 'The Odd Women': What ailment does Virginia suffer from?,Virginia is an alcoholic.,Alcoholism.
796,3e8a859d3d95727497e613f958b06efcc34e839c,Regarding the book 'Seventeen (Tarkington novel)': What did William call Lola in the poem?,Milady,Milady
797,3e8a859d3d95727497e613f958b06efcc34e839c,Regarding the book 'Seventeen (Tarkington novel)': What does William steal from his father?,Dress suits.,Suit
798,3e8a859d3d95727497e613f958b06efcc34e839c,Regarding the book 'Seventeen (Tarkington novel)': What is William's 10-year old sister's name?,Jane.,Jane
799,3e8a859d3d95727497e613f958b06efcc34e839c,Regarding the book 'Seventeen (Tarkington novel)': Why did William get upset at his sister and handyman?,They didn't treat him like an adult.,They test him like a child
800,3e8a859d3d95727497e613f958b06efcc34e839c,Regarding the book 'Seventeen (Tarkington novel)': What did Lola aspire to be?,Lola was an aspiring actress.,Actress
801,3e9236a2abd5ae86c11292235cde0648042a60a0,"Regarding the book 'Rachel Ray (novel)': After releasing Luke Rowan from their engagement, who does Rachel Ray end up marrying?",Luke Rowan,Rowan
802,3e9236a2abd5ae86c11292235cde0648042a60a0,Regarding the book 'Rachel Ray (novel)': Why does Comfort encourage Mrs. Ray to end the engagement between Rachel and Luke?,There are rumors about his conduct in Devon,He believes the rumors about Rowan.
803,3e9236a2abd5ae86c11292235cde0648042a60a0,Regarding the book 'Rachel Ray (novel)': Who does Rachel Ray get engaged to? ,Luke Rowan,Luke Rowan
804,3e9236a2abd5ae86c11292235cde0648042a60a0,Regarding the book 'Rachel Ray (novel)': How does the story between Rachel and Luke end?,They get married,They are happily married.
805,3e9236a2abd5ae86c11292235cde0648042a60a0,Regarding the book 'Rachel Ray (novel)': What does Mrs. Prime think of worldy joys?,That they are an impediments to salvation. ,They are impediments to salvation.
806,3e9666459feb414586d9d23b51c8a020bacc150a,Regarding the book 'The Ebb-Tide': What did the men start drinking on the ship?,Champagne,"The cargo, champagne"
807,3e9666459feb414586d9d23b51c8a020bacc150a,Regarding the book 'The Ebb-Tide': How did some of Attwater's men die?,Smallpox,Smallpox
808,3e9666459feb414586d9d23b51c8a020bacc150a,Regarding the book 'The Ebb-Tide': What does Attwater harvest on the island?,Pearls,Pearls
809,3e9666459feb414586d9d23b51c8a020bacc150a,Regarding the book 'The Ebb-Tide': Which of the 3 beggars operating out of the Tahitian port of Papeete was once a failed English businessman? ,Herrick,Herrick
810,3e9666459feb414586d9d23b51c8a020bacc150a,Regarding the book 'The Ebb-Tide': Which man tried to drown himself?,Herrick,Herrick
811,3efaacf0a0463fd5b929a61314f0b2f21272e9ab,Regarding the book 'David and the Phoenix': What happens to the non magical who stay in the magical world too long?,They are absorbed into the world,the world absorbs them 
812,3efaacf0a0463fd5b929a61314f0b2f21272e9ab,Regarding the book 'David and the Phoenix': Who captures the Phoenix and David?,The Gryffons.,The Gryffons.
813,3efaacf0a0463fd5b929a61314f0b2f21272e9ab,Regarding the book 'David and the Phoenix': What is the original color of the Phoenix's feather?,Blue,blue
814,3efaacf0a0463fd5b929a61314f0b2f21272e9ab,Regarding the book 'David and the Phoenix': Why does the Phoenix rescue David from remaining too long in this world?,It could absorb those beings who are not magical.,could absorb  humans not magical
815,3efaacf0a0463fd5b929a61314f0b2f21272e9ab,Regarding the book 'David and the Phoenix': Why did the Phoenix have to rescue David from a magical world?,Staying too long absorbs non-magical beings.,He would be absorbed otherwise
816,3f596a5be9de38b6f63b6c4b92021fe78d403e80,Regarding the book 'Savrola': Where does the rebels choose to invade first?,The streets of the capital,Laurania.
817,3f596a5be9de38b6f63b6c4b92021fe78d403e80,Regarding the book 'Savrola': With whom does Savrola flee?,Lucille,Lucile
818,3f596a5be9de38b6f63b6c4b92021fe78d403e80,Regarding the book 'Savrola': What is the relationship between Molara and Lucille?,They are husband and wife,Lucille is Molara's wife. 
819,3f596a5be9de38b6f63b6c4b92021fe78d403e80,Regarding the book 'Savrola': Savrola is the leader of what group of people?,The revolutionaries,the revolutinaries
820,3f596a5be9de38b6f63b6c4b92021fe78d403e80,Regarding the book 'Savrola': Who is fighting in the capital?,The Republican Guard and the Popular Party,Revolutionaries of the Poplular Party and the Reepublican Guard.
821,3f5e6852ff7282e86943a3a0d48a3e10490d9f6b,Regarding the book 'Dorothy of Oz (book)': What state does Dorothy live in?,Kansas,Kansas
822,3f5e6852ff7282e86943a3a0d48a3e10490d9f6b,Regarding the book 'Dorothy of Oz (book)': What is Wiser covered with?,Molasses,Molasses
823,3f5e6852ff7282e86943a3a0d48a3e10490d9f6b,Regarding the book 'Dorothy of Oz (book)': What country does the owl tell Dorothy to head to?,Candy Country,Candy County
824,3f5e6852ff7282e86943a3a0d48a3e10490d9f6b,Regarding the book 'Dorothy of Oz (book)': Who did the wand belong to Dorothy finds in the castle?,The Wicked Witch of the West,Wicked Witch of the West
825,3f5e6852ff7282e86943a3a0d48a3e10490d9f6b,Regarding the book 'Dorothy of Oz (book)': What do they decide to do with the wand to keep everyone safe?,They decide to keep the wand locked up.,Lock it in a case.
826,408d3b92b889218d73adddf502b5f7f9d002f4ab,Regarding the book 'The House of the Wolfings': From what two houses do the tribes choose warriors from?,The House of Wolfings and the House of Laxings,The Wolfings and Laxings. 
827,408d3b92b889218d73adddf502b5f7f9d002f4ab,Regarding the book 'The House of the Wolfings': Who was in reponsible for choosing the War Dukes?,The men of the Mark.,The men of mark
828,408d3b92b889218d73adddf502b5f7f9d002f4ab,Regarding the book 'The House of the Wolfings': What is the town like area that the Germanic tribes inhabit?,Mark,Mark.
829,408d3b92b889218d73adddf502b5f7f9d002f4ab,Regarding the book 'The House of the Wolfings': How many War Dukes were chosen from the House of Wolfings?,One War Duke was chosen from the House of Wolfings.,One.
830,408d3b92b889218d73adddf502b5f7f9d002f4ab,Regarding the book 'The House of the Wolfings': How is Thiodolf related to Hall Sun?,They are father and daughter,He is her father 
831,40a0872b40344eac6dfdc73e7bbb984e5ac49bac,Regarding the book 'The Magic of Oz': How does Cap'n Bill retrieve the flower?,He straps a wooden plank to his good leg so that he is walking on wood with both legs.,By wearing a wooden plank on his good leg.
832,40a0872b40344eac6dfdc73e7bbb984e5ac49bac,Regarding the book 'The Magic of Oz': What did the Wizard make Ruggedo and Kiki drink as punishment?,Water of Oblivion,Water of Oblivion 
833,40a0872b40344eac6dfdc73e7bbb984e5ac49bac,Regarding the book 'The Magic of Oz': Who confronts Kiki Aru about the theft of the old man's gold?,a sparrow,A sparrow.
834,40a0872b40344eac6dfdc73e7bbb984e5ac49bac,Regarding the book 'The Magic of Oz': A Li-Mon-Eag has the body of a what?,Monkey,monkey
835,40a0872b40344eac6dfdc73e7bbb984e5ac49bac,Regarding the book 'The Magic of Oz': What must Kiki Aru and Ruggedo drink to make them forget all they have ever known?,The Water of Oblivion,Water of Oblivion
836,40d8b1ee377a7a4addca58e31f12d80c77fd8cb8,Regarding the book 'Louis Lambert (novel)': Who paid for Louis Lambert to enroll in College de Vendome?,Madame de Stael,Madame de Stael
837,40d8b1ee377a7a4addca58e31f12d80c77fd8cb8,Regarding the book 'Louis Lambert (novel)': Who gives the narrator Louis' letters?,Louis' uncle,Louis' uncle.
838,40d8b1ee377a7a4addca58e31f12d80c77fd8cb8,Regarding the book 'Louis Lambert (novel)': How old is Lambert when he passes away?,28 years old,Twenty-eight.
839,40d8b1ee377a7a4addca58e31f12d80c77fd8cb8,Regarding the book 'Louis Lambert (novel)': What is the title of the comprehensive essay Louis completes in college?,Traite de la Volonte,Treatise on the Will
840,40d8b1ee377a7a4addca58e31f12d80c77fd8cb8,Regarding the book 'Louis Lambert (novel)': What year is Louis Lambert born in?,1797,1797
841,412fc8a0c1245cedcbb73ccdbd2295c77548d178,Regarding the book 'The Lottery Rose': What does Mrs. Harper threaten to do if George plants his rosebush in her yard again?,She threatens to burn the rose bush,Burn the rosebush
842,412fc8a0c1245cedcbb73ccdbd2295c77548d178,Regarding the book 'The Lottery Rose': Where does Georgie plant his rosebush for the final time?,At Robin's grave,Robin's grave
843,412fc8a0c1245cedcbb73ccdbd2295c77548d178,Regarding the book 'The Lottery Rose': What is Timothy called?,The public relations boy,The Public relations boy.
844,412fc8a0c1245cedcbb73ccdbd2295c77548d178,Regarding the book 'The Lottery Rose': What part does George play in Alice in Wonderland?,Mad Hatter,Georgie plays the Mad Hatter.
845,412fc8a0c1245cedcbb73ccdbd2295c77548d178,Regarding the book 'The Lottery Rose': Which play does Georgie's play a role?,Alice in Wonderland,The Mad Hatter
846,418694b1eaa0733da2c3605495c0d84901f522b0,Regarding the book 'Un début dans la vie': What happens to Oscar at the home of Florentine Cabriolle?,He gambles away 500 francs that were designated for a legal matter.,Loses 500 francs that were not his.
847,418694b1eaa0733da2c3605495c0d84901f522b0,Regarding the book 'Un début dans la vie': Who is forced to return to Paris?,Oscar,Oscar
848,418694b1eaa0733da2c3605495c0d84901f522b0,Regarding the book 'Un début dans la vie': Who does Oscar try to pass himself off as?,A close acquaintance to the Count de Serizy and his son.,a close friend of the Comte de Serizy and his son
849,418694b1eaa0733da2c3605495c0d84901f522b0,Regarding the book 'Un début dans la vie': What body part does Oscar lose on the battlefield? ,His left arm,He loses his left arm
850,418694b1eaa0733da2c3605495c0d84901f522b0,Regarding the book 'Un début dans la vie': How did Oscar lose his arm?,He was rescuing someone on the battlefield,In battle.
851,4201851cbf27a7c9dba84c3c1b5ff5e46ca6c8fc,Regarding the book 'The Phantom of the Opera': Why does Erik become jealous?,He was listening to Christine and Raoul planning to escape,eveasdropping
852,4201851cbf27a7c9dba84c3c1b5ff5e46ca6c8fc,Regarding the book 'The Phantom of the Opera': Where does Christine tell Raoul about her abduction?,Christine tells Raoul about her abduction on the roof of the opera house. ,Roof of the opera house.
853,4201851cbf27a7c9dba84c3c1b5ff5e46ca6c8fc,Regarding the book 'The Phantom of the Opera': How does Erik convince Christine to marry him?,He threatens to set off explosives in the opera house and has trapped Raoul in a torture chamber. ,He traps Raoul and the Persian
854,4201851cbf27a7c9dba84c3c1b5ff5e46ca6c8fc,Regarding the book 'The Phantom of the Opera': At which opera house is the Phantom living?,The Paris Opera,The Paris Opera
855,4201851cbf27a7c9dba84c3c1b5ff5e46ca6c8fc,Regarding the book 'The Phantom of the Opera': What does Christine return when Erik died?,the gold ring,A gold ring he gave her.
856,432cfe548f1f51045f8cba8f8f50e4e0e47a0771,"Regarding the book 'Honorine (novel)': After Maurice left, what happened to Honorine? ",She passed away ,She died.
857,432cfe548f1f51045f8cba8f8f50e4e0e47a0771,"Regarding the book 'Honorine (novel)': What job does Maurice get, to act as a go-between for Count Octave and Honorine?",Maurice gets a job as a misogynistic  flower arranger.,Flower breeder
858,432cfe548f1f51045f8cba8f8f50e4e0e47a0771,Regarding the book 'Honorine (novel)': Who was Count Octave supposed to be married to?,He was supposed to be married to Honorine.,Honorine
859,432cfe548f1f51045f8cba8f8f50e4e0e47a0771,Regarding the book 'Honorine (novel)': Why did some people accuse Maurice of initially avoiding marriage? ,He fell in love with Honorine ,He had fallen in love with Honorine
860,432cfe548f1f51045f8cba8f8f50e4e0e47a0771,Regarding the book 'Honorine (novel)': Why did MAurice become Consul?,Maurice becamse Consul becuase of Count having him be the middle man,He has to leave the Count's compant
861,43b69d56cf0ea21266b7fba20c34e00be12d0dea,Regarding the book 'The Maid of Orleans (play)': What does Joan of Arc decide to do when she's about to kill the English knight?,She spares his life,falls in love and spares him. 
862,43b69d56cf0ea21266b7fba20c34e00be12d0dea,Regarding the book 'The Maid of Orleans (play)': Who captures and imprisons Joan?,The English army,The English
863,43b69d56cf0ea21266b7fba20c34e00be12d0dea,Regarding the book 'The Maid of Orleans (play)': What does the Joan of Arc see from her prison cell?,The battle between the French and English,Battle in which the French is being defeated
864,43b69d56cf0ea21266b7fba20c34e00be12d0dea,Regarding the book 'The Maid of Orleans (play)': What is Joan accused of when she goes to Reims?,Sorcery,sorcery
865,43b69d56cf0ea21266b7fba20c34e00be12d0dea,Regarding the book 'The Maid of Orleans (play)': What happens when the English knight removes his helmet?,Joan of Arc falls in love with him,Joan falls in love with him
866,43ed57d07fc5da860ec08b1102bb319670801978,Regarding the book 'The Twinkle Tales': Who was Twinkle with when she discovered a trap door in Sugar-Loaf Mountain?,Chubbins,chubbins
867,43ed57d07fc5da860ec08b1102bb319670801978,Regarding the book 'The Twinkle Tales': Who does Twinkle meet in Prairie Dog Town?,The mayor,Chubbins
868,43ed57d07fc5da860ec08b1102bb319670801978,Regarding the book 'The Twinkle Tales': What's wrong with Bandit Jim Crow?,He has a broken wing,he has a broken wing
869,43ed57d07fc5da860ec08b1102bb319670801978,Regarding the book 'The Twinkle Tales': Why do woodchucks try humans?,they set traps to kill woodchucks,humans set cruel traps for killing woodchucks
870,43ed57d07fc5da860ec08b1102bb319670801978,"Regarding the book 'The Twinkle Tales': After being captured in Sugar-Loaf Mountain, to whom is Twinkle and her friend taken?",The king,The King
871,44287f57e8bc2b329dbd0d5750e6747781ae50fe,Regarding the book 'The Fixed Period': What does Neverbend plan to preach to the English about?,the steps needed for the progress of mankind,His step in the progress to mankind 
872,44287f57e8bc2b329dbd0d5750e6747781ae50fe,Regarding the book 'The Fixed Period': Brittanula is re-annexed to what country?,Great Britain ,Brittanula is re-annexed to Great Britain.
873,44287f57e8bc2b329dbd0d5750e6747781ae50fe,Regarding the book 'The Fixed Period': Who is Abraham Grundle engaged to?,"Crasweller's daughter, Eva.","Gabriel Crasweller's daughter, Eva"
874,44287f57e8bc2b329dbd0d5750e6747781ae50fe,Regarding the book 'The Fixed Period': Why does Craweller start lying about his age?,he doesn't want to be deposed,because he is about to be killed for being old.
875,44287f57e8bc2b329dbd0d5750e6747781ae50fe,Regarding the book 'The Fixed Period': Where does John Neverbend end up?,Britain,England 
876,44340b5ad75b693029def097ee3836366776eda1,Regarding the book 'Miss Mackenzie': Why did Mackenzie move to Littlebath? ,To find a place in society ,she was looking for a place in society
877,44340b5ad75b693029def097ee3836366776eda1,Regarding the book 'Miss Mackenzie': How much money was Margaret cheated out of by Tom's business partner?,2500 pounds,"2,500 pounds"
878,44340b5ad75b693029def097ee3836366776eda1,Regarding the book 'Miss Mackenzie': Why did Maguire attack John Ball's image in an newspaper? ,To try to change Mackenzie's mind to marry him instead. ,Because Margaret turned Maguire's proposal down.
879,44340b5ad75b693029def097ee3836366776eda1,Regarding the book 'Miss Mackenzie': Why did Miss Mackenzie have to give her inheritance to John Ball?,"The courts determined that there was an error in Walter's will, and that the money was rightfully John's",he is the rightful inheritor
880,44340b5ad75b693029def097ee3836366776eda1,"Regarding the book 'Miss Mackenzie': Where did Margaret travel to in order to care for her dying brother, Tom?",London,London
881,4499cd7074278be578db6861f7862c3a846e1f5d,Regarding the book 'Pudd'nhead Wilson': How is Tom's debt resolved?,He was sold as slave to repay some of the money he owed.,He is sold as a slave
882,4499cd7074278be578db6861f7862c3a846e1f5d,Regarding the book 'Pudd'nhead Wilson': Who does Roxy put in Tom's crib?,Chambers,Her son Chambers.
883,4499cd7074278be578db6861f7862c3a846e1f5d,Regarding the book 'Pudd'nhead Wilson': What surprising fact is revealed to Tom Driscoll?,He is actually the black son of Roxie.,That he is Roxy's son.
884,4499cd7074278be578db6861f7862c3a846e1f5d,Regarding the book 'Pudd'nhead Wilson': What does Roxy reveal to Tom after returning to Dawson's Landing?,That she is Tom's mother,Chambers is his son
885,4499cd7074278be578db6861f7862c3a846e1f5d,Regarding the book 'Pudd'nhead Wilson': Who does Tom murder? ,His uncle,his wealthy uncle
886,44c8278a7dc6f876636f0979bb645cf98ae1df0f,Regarding the book 'Dream of the Red Chamber': Who is supposed to marry Xue Baochai?,Jia Baoyu,Jia Baoyu
887,44c8278a7dc6f876636f0979bb645cf98ae1df0f,Regarding the book 'Dream of the Red Chamber': Whom is Jia Baoyu predestined to marry?,His cousin Xue Baochai.,Xue Baochai
888,44c8278a7dc6f876636f0979bb645cf98ae1df0f,Regarding the book 'Dream of the Red Chamber': What is built before one of the clan's offspring visits?,A lush landscaped garden,a garden
889,44c8278a7dc6f876636f0979bb645cf98ae1df0f,Regarding the book 'Dream of the Red Chamber': What happens when the Jias fall from the Emperor's favor?,Their mansions are raided and taken,Their mansions was taken from them.
890,44c8278a7dc6f876636f0979bb645cf98ae1df0f,Regarding the book 'Dream of the Red Chamber': What was built to receive the visit from the Royal Consort?,"A lush, landscaped garden.",A landscaped garden 
891,456e5a330da462f6fca6766a90b843e47d288e9c,Regarding the book 'Toilers of the Sea': Who proposed to Deruchette?,Ebenezzer Caudry.,Ebenezer Caudry.
892,456e5a330da462f6fca6766a90b843e47d288e9c,Regarding the book 'Toilers of the Sea': Who find out about the shipwreck? ,Everybody in Guernsey.,Everyone of Guernsey
893,456e5a330da462f6fca6766a90b843e47d288e9c,Regarding the book 'Toilers of the Sea': Who become a good fisherman and sailor?,Gilliat.,Gilliat
894,456e5a330da462f6fca6766a90b843e47d288e9c,Regarding the book 'Toilers of the Sea': Who does Clubin take the money from?,Rantaine.,Rantaine.
895,456e5a330da462f6fca6766a90b843e47d288e9c,Regarding the book 'Toilers of the Sea': Why did Gilliat refuse to marry Deruchette?,Because he saw her accepting a marriage proposal from Ebenezer Caudry.,"She had already accepted a proposal from the young priest, Ebenezer Caudry."
896,46117f49c49ea357ba44983898397b0f5643af05,Regarding the book 'Green Mansions': Where was Rima born?,Voa,Rima was born in Voa.
897,46117f49c49ea357ba44983898397b0f5643af05,Regarding the book 'Green Mansions': What is the name of the mountain in the story?,Ytaiao Mountain,Ytaiao
898,46117f49c49ea357ba44983898397b0f5643af05,Regarding the book 'Green Mansions': Why is Abel and Rima's relationship strained?,Abel cannot speak her unknown language,They do not speak the same language.
899,46117f49c49ea357ba44983898397b0f5643af05,Regarding the book 'Green Mansions': What is the name of the Christian community?,Voa,Voa
900,46117f49c49ea357ba44983898397b0f5643af05,Regarding the book 'Green Mansions': What does Abel want to do at the end of the story?,He wants to be buried with Rima's ashes.,To be buried with Rima's ashes.
901,47b87e0644aa06769be5487d802a3f37d17a3a9d,Regarding the book 'Born in Exile': Why does Godwin Peak leave the college?,He does not want to be associated with trade or face scorn from his fellow classmates.,Because he is ashamed of his uncle.
902,47b87e0644aa06769be5487d802a3f37d17a3a9d,Regarding the book 'Born in Exile': Whom did Godwin Peak have a love interest in instead of Marcella Moxey?,Sidwell Warricomb. ,Sidwell Warricombe.
903,47b87e0644aa06769be5487d802a3f37d17a3a9d,Regarding the book 'Born in Exile': Where is Godwin Peak a student?,He is a student at Whitelaw College.,Whitelaw College.
904,47b87e0644aa06769be5487d802a3f37d17a3a9d,Regarding the book 'Born in Exile': What happens to Marcella Moxey as she tries to prevent a horse from being beaten? ,Marcella Moxey gets killed. ,She is killed
905,47b87e0644aa06769be5487d802a3f37d17a3a9d,Regarding the book 'Born in Exile': What school did Godwin Peak win a scholarship to attend?,Whitelaw College,Whitelaw College
906,485b86c3ffec91e89fbc846985944adc0cf73c80,Regarding the book 'Cousin Henry': Who is Indefer's only male heir?,his nephew Henry Jones,Henry.
907,485b86c3ffec91e89fbc846985944adc0cf73c80,Regarding the book 'Cousin Henry': What are Isabel's feelings toward her cousin Henry?,She does not like him.,She cannot stand him.
908,485b86c3ffec91e89fbc846985944adc0cf73c80,Regarding the book 'Cousin Henry': What city is Llanfeare located in?,Carmarthen,Carmarthen
909,485b86c3ffec91e89fbc846985944adc0cf73c80,Regarding the book 'Cousin Henry': Where does Henry find his uncle's will?,Hidden in a book of sermons.,The library.
910,485b86c3ffec91e89fbc846985944adc0cf73c80,Regarding the book 'Cousin Henry': What is the name of Indefor Jones' manor?,Llanfeare,Llanfeare.
911,4928fbeba0cc0a49fee877943c00d3a155985efc,Regarding the book 'The Book of Khalid': Where does Khalib live as a Hermit?,The Mountains,The mountain forest. 
912,4928fbeba0cc0a49fee877943c00d3a155985efc,Regarding the book 'The Book of Khalid': Where does everyone flee to escape the Ottoman empire?,the Egyptian desert,The Egyptian desert
913,4928fbeba0cc0a49fee877943c00d3a155985efc,Regarding the book 'The Book of Khalid': What desert did Khalib flee to?,Egyptian Desert,The Egyptian desert. 
914,4928fbeba0cc0a49fee877943c00d3a155985efc,Regarding the book 'The Book of Khalid': Why does Khalid burn his peddle box?,because their sales are dishonest,Because his sales are dishonest. 
915,4928fbeba0cc0a49fee877943c00d3a155985efc,Regarding the book 'The Book of Khalid': What country did Khalid and Sharkib immigrate from?,Baalbek in Lebanon,Lebanon.
916,492dd783e10bce6daf818b550715b9e2c73252dc,Regarding the book 'The Lady of the Shroud': Why did the local leaders and clergy say Teuta was a vampire?,It was a more acceptable story than the truth that she'd never died.,more acceptable to locals
917,492dd783e10bce6daf818b550715b9e2c73252dc,Regarding the book 'The Lady of the Shroud': Where does Rupert find the pale woman when he goes to the church?,A glass topped stone coffin.,A glass topped stone coffin in the crypt.
918,492dd783e10bce6daf818b550715b9e2c73252dc,Regarding the book 'The Lady of the Shroud': What does Rupert think Teuta is?,A vampire.,He thinks she's undead
919,492dd783e10bce6daf818b550715b9e2c73252dc,Regarding the book 'The Lady of the Shroud': What was Rupert's relation to the Voivode?,Rupert was the Voivode's son-in-law.,son-in-law
920,492dd783e10bce6daf818b550715b9e2c73252dc,Regarding the book 'The Lady of the Shroud': Who pilots the plane?,Rupert,Rupert
921,4a796aac281a1ec7280c9cf1bbf199757ad8a6f1,Regarding the book 'Boon (novel)': What does a Henry James character never do while playing poker?,Perspire.,Perspire
922,4a796aac281a1ec7280c9cf1bbf199757ad8a6f1,Regarding the book 'Boon (novel)': What is the Mind of the Race?,"The very vididly, detailed, fictional murder of Dr. Tomlinson Keyhole",an account about a murder
923,4a796aac281a1ec7280c9cf1bbf199757ad8a6f1,Regarding the book 'Boon (novel)': Where are the late George Boon's papers kept?,In barrels in the attic,in barrels in the attic
924,4a796aac281a1ec7280c9cf1bbf199757ad8a6f1,Regarding the book 'Boon (novel)': What disappoints Bliss as he goes throught Boon's papers?,"That they are kept in a barrel in the attic, that there are no finished papers, just unfinished thoughts, and a lot of weird drawings",Bliss is disappointed by the fragmented nature of those papers along with drawings of unsavory nature.
925,4a796aac281a1ec7280c9cf1bbf199757ad8a6f1,Regarding the book 'Boon (novel)': Who is the leading member of the Rationalist Press Association?,Edwin Dodd,Edwin Dodd
926,4a92bf273183297c7b9e2a39e4ba9044d0eb1e33,Regarding the book 'The Wonderful Toymaker': What does the princess put in her ears?,cotton,Cotton
927,4a92bf273183297c7b9e2a39e4ba9044d0eb1e33,Regarding the book 'The Wonderful Toymaker': How did the Princess avoid speaking on her way to the waterfall?,she stuffed cotton in her ears,Stuffs her ears with Cotton 
928,4a92bf273183297c7b9e2a39e4ba9044d0eb1e33,Regarding the book 'The Wonderful Toymaker': What does Bobolink know?,Everything,Everythin
929,4a92bf273183297c7b9e2a39e4ba9044d0eb1e33,Regarding the book 'The Wonderful Toymaker': What did Martin and Petulant do after their adventure?,told a Royal Historian their story,Tell the story to the Royal Historian
930,4a92bf273183297c7b9e2a39e4ba9044d0eb1e33,Regarding the book 'The Wonderful Toymaker': Who is Martin's father?,Martin's father is the Prime Minister.,The Prime Minister
931,4b14ba59756696a72d9520a9d2812471313a3b93,Regarding the book 'Moonfleet': WHERE WAS THE CODE TO THE DIAMOND'S LOCATION HIDDEN?,IN BLACKBEARD'S LOCKET,Blackbeard's locket
932,4b14ba59756696a72d9520a9d2812471313a3b93,Regarding the book 'Moonfleet': How many years are John and Elzevir separated? ,Ten.,10 years
933,4b14ba59756696a72d9520a9d2812471313a3b93,Regarding the book 'Moonfleet': WHERE WAS BLACKBEARD BURIED?,IN A FAMILY CRYPT UNDER THE CHURCH,in the family crypt
934,4b14ba59756696a72d9520a9d2812471313a3b93,Regarding the book 'Moonfleet': What does the merchant do to help his guilty conscience? ,He gives John money worth as much as the diamond. ,gives John the value of the diamond
935,4b14ba59756696a72d9520a9d2812471313a3b93,Regarding the book 'Moonfleet': What is the name of the girl  John loves and leaves behind in Moonfleet?,Grace Maskew,Grace
936,4b687c107c958aa724d6cb584e692bb1b065caaf,Regarding the book 'The Riddle of the Sands': What does Dollman suspect Davies and Carruthers are?,British spies,British spies
937,4b687c107c958aa724d6cb584e692bb1b065caaf,Regarding the book 'The Riddle of the Sands': Why does Bruning invite them to Dollmann's villa?,To cross-examine them,To cross-examine them to see if they are spies.
938,4b687c107c958aa724d6cb584e692bb1b065caaf,Regarding the book 'The Riddle of the Sands': What is Caruther's occupation?,Official in the Foreign Office,A Foreign Office official. 
939,4b687c107c958aa724d6cb584e692bb1b065caaf,Regarding the book 'The Riddle of the Sands': Where do Carruthers and Davies end up navigating the ship?,German Frisian Islands,Frisian Islands
940,4b687c107c958aa724d6cb584e692bb1b065caaf,Regarding the book 'The Riddle of the Sands': Who does Carruthers believe is responsible for linking the canals and railways?,The Germans,The Germans
941,4b85f49075da3786517b24ad42a0ee430fb21fe5,Regarding the book 'Linda Condon': Why does Linda decide against living with Pleydon?,Because he is too old and their love wouldn't be in the romantic sense.,"She realizes that she cannot live with a sick, dying man who does not romantically love her "
942,4b85f49075da3786517b24ad42a0ee430fb21fe5,Regarding the book 'Linda Condon': Where does Linda meet her father's sister?,At a concert,philadelphia
943,4b85f49075da3786517b24ad42a0ee430fb21fe5,Regarding the book 'Linda Condon': Why does Linda marry Hallet?,Because he is rich.,He has more money and it is more convenient for her.
944,4b85f49075da3786517b24ad42a0ee430fb21fe5,Regarding the book 'Linda Condon': Which of Linda's children becomes a law student?,Lowrie,Lowrie
945,4b85f49075da3786517b24ad42a0ee430fb21fe5,Regarding the book 'Linda Condon': Does Linda decide to to stay with Pleydon?,Linda decides to return to live with Arnaud.,no
946,4c428ffec939a3607a4da2e68ca684c03f6e8959,Regarding the book 'The Fifth Queen': What are three attributes that attract the King to Katherine?,"Her faith, youth, and beauty","Her forthrightness, Old Faith and her learning."
947,4c428ffec939a3607a4da2e68ca684c03f6e8959,Regarding the book 'The Fifth Queen': Who is arrested for connection to Wyatt's rebellion?,Nicholas Throckmorton,Nicholas Throckmorton 
948,4c428ffec939a3607a4da2e68ca684c03f6e8959,Regarding the book 'The Fifth Queen': Who is Lady Mary?,The king's eldest daughter,King Henry's eldest daughter.
949,4c428ffec939a3607a4da2e68ca684c03f6e8959,Regarding the book 'The Fifth Queen': Who is Udal a spy for?,Thomas Cromwell,Thomas Cromwell
950,4c428ffec939a3607a4da2e68ca684c03f6e8959,"Regarding the book 'The Fifth Queen': Katharine Howard eventually married King Henry the VIII, how many Queens came before her?","Four, she was the Fifth Queen",Four
951,4ca62421b3a470677c302b5bc488870e0f09137c,"Regarding the book 'The History of Tom Jones, a Foundling': What is the name of Tom's servant?",Patridge,Partridge
952,4ca62421b3a470677c302b5bc488870e0f09137c,"Regarding the book 'The History of Tom Jones, a Foundling': Who was Sophia's father?",Squire Western,Squire Western
953,4ca62421b3a470677c302b5bc488870e0f09137c,"Regarding the book 'The History of Tom Jones, a Foundling': Which brother did Bridget marry?",Captain Blifil,The captain
954,4ca62421b3a470677c302b5bc488870e0f09137c,"Regarding the book 'The History of Tom Jones, a Foundling': Why was Tom arrested in London?",For nearly killing a man during a duel,For dueling
955,4ca62421b3a470677c302b5bc488870e0f09137c,"Regarding the book 'The History of Tom Jones, a Foundling': What did Allworthy found out about Tom?",Tom his Allworthy nephew,hes a bastard
956,4d36547aa42b054fa6e8ee99e541acb8b0070fc0,Regarding the book 'Comus (John Milton)': Why can't the Lady leave?,She is immobilized,She is seated on a enchanted chair that won't allow her to move.
957,4d36547aa42b054fa6e8ee99e541acb8b0070fc0,Regarding the book 'Comus (John Milton)': What form does the Attending Spirit take?,A sheperd ,A shepherd
958,4d36547aa42b054fa6e8ee99e541acb8b0070fc0,Regarding the book 'Comus (John Milton)': What is Comus disguised as?,A villager,A villager
959,4d36547aa42b054fa6e8ee99e541acb8b0070fc0,Regarding the book 'Comus (John Milton)': Who ultimately saves the Lady?,Sabrina,Sabrina the water nymph
960,4d36547aa42b054fa6e8ee99e541acb8b0070fc0,Regarding the book 'Comus (John Milton)': How did Cormus get the Lady to go with him?,Offering her help to find her brothers.,He told her he could take her to her brothers
961,4d9f09db509c6ee9f523b2499ed019af1d762c21,Regarding the book 'Tarzan and the Jewels of Opar': What does La do after she is rejected?,She trys to kill Tarzan.,Tries to have Tarzan killed.
962,4d9f09db509c6ee9f523b2499ed019af1d762c21,Regarding the book 'Tarzan and the Jewels of Opar': What is La's interest in Tarzan?,She was in love with him.,love
963,4d9f09db509c6ee9f523b2499ed019af1d762c21,Regarding the book 'Tarzan and the Jewels of Opar': How did Tarzan lose his memory?,He was hit in the head by a falling rock during an earthquake.,He gets hit on the head by a falling rock.
964,4d9f09db509c6ee9f523b2499ed019af1d762c21,Regarding the book 'Tarzan and the Jewels of Opar': What happened to Jane?,She was kidnapped.,She's kidnapped
965,4d9f09db509c6ee9f523b2499ed019af1d762c21,Regarding the book 'Tarzan and the Jewels of Opar': Who kidnaps Jane?,The criminal Arab that Albert works for?,an Arab
966,4db23116ec1059a6f94867461edf45596d20f8d2,Regarding the book 'With Kitchener in the Soudan': When was Gregory allowed to open what his mother left him?,When he was sure he father was dead.,was he was sure his father was dead
967,4db23116ec1059a6f94867461edf45596d20f8d2,Regarding the book 'With Kitchener in the Soudan': How can the young Gregory be an interpreter?,He knows many native languages. ,his mother made sure he learned many native languages 
968,4db23116ec1059a6f94867461edf45596d20f8d2,Regarding the book 'With Kitchener in the Soudan': Why did Gregory Hilliard Hartley leave to Egypt?,He was expelled from his father's house.,He has knowledge of Arabic. 
969,4db23116ec1059a6f94867461edf45596d20f8d2,Regarding the book 'With Kitchener in the Soudan': Where was Gregory originally from?,England,England.
970,4db23116ec1059a6f94867461edf45596d20f8d2,Regarding the book 'With Kitchener in the Soudan': What kind of business hires senior Gregory when he arrives in Egypt?,A merchant firm,A merchant firm
971,4dcfb547a77a706c9436a0e1960c0a9ffd1ec18f,Regarding the book 'The Secret Garden': Where does Archibald live?,Misselthwaite Manor,"Misslethwait Manor in Yorkshire, England"
972,4dcfb547a77a706c9436a0e1960c0a9ffd1ec18f,Regarding the book 'The Secret Garden': What is Ben Weatherstaff's position in the household?,He is the gardener. ,he is the gardener
973,4dcfb547a77a706c9436a0e1960c0a9ffd1ec18f,Regarding the book 'The Secret Garden': Who is Mary cared by?,servants,Her servants 
974,4dcfb547a77a706c9436a0e1960c0a9ffd1ec18f,Regarding the book 'The Secret Garden': Who does Mr. Craven dream is in the garden?,The late Mrs. Craven.,His late wife
975,4dcfb547a77a706c9436a0e1960c0a9ffd1ec18f,Regarding the book 'The Secret Garden': What was Martha's brother's name?,Dickon,Dickon.
976,4e6e052732e90a9c127f6502feddee1a17301c14,Regarding the book 'Villette (novel)': Where is M. Paul forced to go to?,West Indies,West Indies
977,4e6e052732e90a9c127f6502feddee1a17301c14,Regarding the book 'Villette (novel)': Why was Paul forced leave for the West Indies?,To try to seperate him and Lucy.,to head a plantation there
978,4e6e052732e90a9c127f6502feddee1a17301c14,Regarding the book 'Villette (novel)': What job does Lucy do after Mrs. Marchmont died?,She got a job as a nanny. ,nanny
979,4e6e052732e90a9c127f6502feddee1a17301c14,Regarding the book 'Villette (novel)': What does Miss Marchmont believe happens when she dies?,Miss Marchmont believes she will be reunited with her dead lover when she dies.,She reunites with her dead lover. 
980,4e6e052732e90a9c127f6502feddee1a17301c14,Regarding the book 'Villette (novel)': In what city is Mme. Beck's boarding school in France?,Villette,Villette.
981,4e959a5d22e1968a1950ac836a1ba0cc3edffa41,Regarding the book 'The Tenant of Wildfell Hall': Who makes Huntingdon jealous?,His son.,"His son, Arthur"
982,4e959a5d22e1968a1950ac836a1ba0cc3edffa41,Regarding the book 'The Tenant of Wildfell Hall': Who is Mr Lawrence to Mrs Helen Graham?,Her brother.,her brother
983,4e959a5d22e1968a1950ac836a1ba0cc3edffa41,Regarding the book 'The Tenant of Wildfell Hall': Who does Mr. Lawrence end up marrying?,Esther Hargrave,Esther Hargrave
984,4e959a5d22e1968a1950ac836a1ba0cc3edffa41,Regarding the book 'The Tenant of Wildfell Hall': Why does Helen return to Grassdale?,Because her husband is ill.,Her husband is ill.
985,4e959a5d22e1968a1950ac836a1ba0cc3edffa41,Regarding the book 'The Tenant of Wildfell Hall': Who was having an affair with Lady Lowborough?,Arthur.,Arthur
986,4ff62e050b4eba11e273a060f0e5b0080746ea79,Regarding the book 'Tancred (novel)': Who nurses Tancred back to health? ,Eva,Eva.
987,4ff62e050b4eba11e273a060f0e5b0080746ea79,Regarding the book 'Tancred (novel)': Who nurses Tancred back to health?,Eva,Eva nurses Tancred back to health.
988,4ff62e050b4eba11e273a060f0e5b0080746ea79,Regarding the book 'Tancred (novel)': What happens to Tancred shortley after meeting Eva?,He is kidnapped ,he is kidnapped
989,4ff62e050b4eba11e273a060f0e5b0080746ea79,Regarding the book 'Tancred (novel)': Why does Tancred visit the Holy Land? ,He wants to understand the roots of Christianity,So he may understand the roots of Christianity.
990,4ff62e050b4eba11e273a060f0e5b0080746ea79,Regarding the book 'Tancred (novel)': What did Eva teach Tancred about?,The glories of Mediterranean civilization and what Christianity owed Judaism.,The wonders of the Mediterranean civilization and what Christianity owes to Judaism.
991,50345c156f654c89d5971698aa25adfbdd0483c4,Regarding the book 'Breaking Point (novel)': Which school does Paul move to?,Gale-Brickell Christian.,Gate-Brickell Christian
992,50345c156f654c89d5971698aa25adfbdd0483c4,Regarding the book 'Breaking Point (novel)': Who is the son of the school janitor?,David Blanco,David Blanco
993,50345c156f654c89d5971698aa25adfbdd0483c4,Regarding the book 'Breaking Point (novel)': What does Charlie ask Paul to do after he breaks into the school?,Change his grade,Change his grade
994,50345c156f654c89d5971698aa25adfbdd0483c4,Regarding the book 'Breaking Point (novel)': What is Paul's mother's occupation?,teacher,Paul's mother is a teacher.
995,50345c156f654c89d5971698aa25adfbdd0483c4,Regarding the book 'Breaking Point (novel)': What is the name of the private school Paul transferred to?,Gate-Brickell Christian ,Gate-Brickell Christian
996,505d50d3d0e05c17a28348c30da57b00118b81fd,Regarding the book 'Tamburlaine': Where does Tamburlaine keep Bajazeth?,In a cage ,Capturing the Emporer and his wife
997,505d50d3d0e05c17a28348c30da57b00118b81fd,Regarding the book 'Tamburlaine': Who is Bajazeth's wife?,Zabina,Zabina
998,505d50d3d0e05c17a28348c30da57b00118b81fd,"Regarding the book 'Tamburlaine': Who does Tamburlaine woo, capture, and win?",Zenocrate,Zenocrate.
999,505d50d3d0e05c17a28348c30da57b00118b81fd,Regarding the book 'Tamburlaine': How does Bajazeth kill himself?,Smashing his head against the bars.,By bashing his head against the bars of his cage
1000,505d50d3d0e05c17a28348c30da57b00118b81fd,Regarding the book 'Tamburlaine': Where do Callapine and Tamburlaine meet?,On the battlefield.,In battle.
